id,question_id,created,updated,content,creator,is_spam,num_helpful,num_unhelpful
1780740,1549563,2025-11-21T06:23:59.766276Z,2025-11-21T06:23:59.766283Z,"<p>The Height of the Unified bar can be set with css: </p> <pre>#unifiedToolbarContainer{height:70px !important;}</pre> <p><br> Help/Troubleshooting Info, Profile Folder, Open Folder, close TB, create a new folder named chrome, create a new document in chrome with a text editor, name it userChrome.css, Save as type: All files *.*, copy in the above code, change the number as desired. Double-click <em>toolkit.legacyUserProfileCustomizations.stylesheets</em> to true in Settings/General/Config. editor, restart TB. </p><p><a href=""https://www.userchrome.org/download-userchrome-css.html"" rel=""nofollow"">Online css generator</a> </p><p><a href=""https://www.userchrome.org/how-create-userchrome-css.html"" rel=""nofollow"">video: How to create a css file (Firefox or TB)</a> </p><p>The picture shows an example with a theme. </p>",sfhowes,False,0,0
1780744,1549580,2025-11-21T06:29:06.197933Z,2025-11-21T06:29:06.197938Z,"<p>Do you have the recommended settings? </p><p><a href=""https://www.optus.com.au/support/answer/using_an_email_application_with_optusnet_email_1434"" rel=""nofollow"">https://www.optus.com.au/support/answer/using_an_email_application_with_optusnet_email_1434</a> </p>",sfhowes,False,0,0
1780745,1549580,2025-11-21T06:34:00.623214Z,2025-11-21T06:34:00.623221Z,<p>Thanks. Yes and this has been checked with Optus </p>,ajs1101,False,0,0
1780775,1549585,2025-11-21T09:04:44.736138Z,2025-11-21T09:04:44.736147Z,"<p>Spustite ""Správcu hesiel"": - Thunderbird - Nástroje - Nastavenia - Súkromie a bezpečnosť - Heslá - Uložené heslá - Zobraziť heslá - Thunderbird - Nástroje - Nastavenia - Súkromie a bezpečnosť - Heslá - Uložené heslá - Zobraziť heslá </p>",Ansamb,False,1,0
1780792,1549608,2025-11-21T10:51:49.277683Z,2025-11-21T10:51:49.277690Z,"<p>U kunt daarvoor dit artikel raadplegen: <a href=""https://support.mozilla.org/nl/kb/kan-geen-berichten-verzenden"" rel=""nofollow"">https://support.mozilla.org/nl/kb/kan-geen-berichten-verzenden</a>. </p>",Mozilla-assistent,False,0,0
1780821,1549631,2025-11-21T13:53:43.875056Z,2025-11-21T13:53:43.875063Z,"<p>Thunderbird has no automatic archiving feature. Archiving always is a manual process. <a href=""https://support.mozilla.org/kb/archived-messages"" rel=""nofollow"">https://support.mozilla.org/kb/archived-messages</a> </p><p>However, with POP you can set up your account so that all messages are left in Inbox on the server when opened with Thunderbird. Alternatively you can tell Thunderbird to remove messages from the server when opened with Thunderbird. In the latter case all you need to do is archive messages in Thunderbird, without the need to also remove them from the server. </p>",christ1,False,0,0
1780845,1549614,2025-11-21T15:23:06.927355Z,2025-11-21T15:23:06.927363Z,"<p>Se la PEC è quella di Aruba, mi sembra di ricordare una segnalazione simile di recente. Ma se non sbaglio non se ne venne a capo. </p>",'@next,False,0,0
1780849,1549628,2025-11-21T15:45:02.359842Z,2025-11-21T15:45:02.359850Z,"<p>Maybe, if you post screenshots of your incoming server settings pane and of your SMTP server settings pane, plus any error messages, some suggestions will be offered. thank you </p>",davidsk,False,0,0
1780854,1549628,2025-11-21T16:06:51.890302Z,2025-11-21T16:06:51.890309Z,"<p>I am not sure what you mean with my incoming server settings pane, but I thought that this might do </p>",hennysavenije91,False,0,0
1780875,1549669,2025-11-21T17:08:23.496877Z,2025-11-21T17:08:23.496883Z,"<p>this may help:   <a href=""https://www.zamzar.com/convert/msg-to-eml/"" rel=""nofollow"">https://www.zamzar.com/convert/msg-to-eml/</a> </p>",davidsk,False,0,0
1780878,1549669,2025-11-21T17:18:54.759038Z,2025-11-21T17:18:54.759047Z,<p>That will work but do we have an option for a smooth in app add on that will open these?  Especially an add on that doesn't charge me? </p>,brian256,False,0,0
1780882,1549630,2025-11-21T17:36:06.781919Z,2025-11-21T17:37:25.477054Z,"<p>Thats due to gmail.  </p><p>I had some fun and games as well. If you add birthday to gmail contact then it appears under Birthdays. If you had to the gmail calendar, but not contact then it's not added to birthdays. </p><p>If you add it to Home then that's Thunderbird calendar. </p>",Toad-Hall,False,0,0
1780883,1549669,2025-11-21T17:36:44.669845Z,2025-11-21T17:36:44.669852Z,"<p>I just used a search engine and found this:  <a href=""https://products.aspose.app/email/conversion/msg-to-eml"" rel=""nofollow"">https://products.aspose.app/email/conversion/msg-to-eml</a> </p>",davidsk,False,0,0
1780885,1549628,2025-11-21T17:39:43.376623Z,2025-11-21T17:39:43.376627Z,<p>I see a link to fetch certificate. That isn't the norm and may be where your problem is. </p>,davidsk,False,1,0
1780893,1549669,2025-11-21T18:27:43.402307Z,2025-11-21T18:27:43.402314Z,<p>I am not looking for an external program or web page.  Can thunderbird do this internally or do i need to find another email program? </p>,brian256,False,0,0
1780911,1549669,2025-11-21T19:24:33.498167Z,2025-11-21T19:24:33.498173Z,"<p>From my knowledge of Thunderbird, you need to seek another email client that does that. </p>",davidsk,False,0,0
1780913,1549682,2025-11-21T19:44:59.156747Z,2025-11-21T19:44:59.156753Z,"<em><p>Craig100 <a href=""#question-1549682"" rel=""nofollow"">said</a></p></em> <blockquote> I have the Folder Page View Switcher in, that was working after the upgrade but I innocently changed a setting on it, and it disappeared. I cannot find anything to bring it back. </blockquote> <p>You no longer need the Folder Pane View Switcher add-on. This functionality is incorporated in modern Thunderbird versions (image). If you can't find your usual display via folder modes start Thunderbird in ""troubleshoot mode"" and see whether the displays suits you. <a href=""https://support.mozilla.org/en-US/kb/troubleshoot-mode-thunderbird"" rel=""nofollow"">https://support.mozilla.org/en-US/kb/troubleshoot-mode-thunderbird</a> </p>",Mapenzi,False,1,0
1780918,1549628,2025-11-21T20:02:45.306293Z,2025-11-21T20:02:45.306297Z,"<p>Good eye, David. </p>",mozilla98,False,0,0
1780922,1549605,2025-11-21T20:45:54.059242Z,2025-11-21T21:17:21.770455Z,<p>Hello there </p><p>You can use the reset folder order to get there you can click with that mouse click on right button select on the accounts name with that mouse and choose reset folder order. Why this folders do recreate them selfs back -it really sounds like there are ghosting around that point to be arranged in alphabetical order. </p>,Googlethunderbird.,False,0,0
1780925,1549628,2025-11-21T21:04:53.316330Z,2025-11-21T21:04:53.316336Z,"<dl><dd>)   thank you, rick.... </dd></dl>",davidsk,False,0,0
1780929,1549708,2025-11-21T21:30:36.951772Z,2025-11-21T21:30:36.951780Z,"<p>What is your OS of your PC? Actually when you start Thunderbird do you see a main window like in my screen shot, with an ""Account Setup"" tab prompting the user to ""set up his existing email address""? </p>",Mapenzi,False,0,0
1780930,1549708,2025-11-21T21:30:44.139148Z,2025-11-21T21:30:44.139154Z,"<p>It isn't likely. My guess is your upgrade caused a new profile to be created. That does not mean your old profile was destroyed. click help&gt;troubleshootinginformation, scroll down to 'Profiles' and click 'about:profiles' and then click the 'open' button of each profile and look in the imapmail or mail profile for account.  If found, that profile can then be reactivated. </p>",davidsk,False,0,0
1780932,1549638,2025-11-21T21:34:28.413048Z,2025-11-21T21:34:28.413056Z,<p>Does this happen with a POP or an IMAP account? </p>,Mapenzi,False,0,0
1780941,1549716,2025-11-21T22:02:23.062681Z,2025-11-21T22:02:23.062690Z,"<em><p>Jack Milne <a href=""#question-1549716"" rel=""nofollow"">said</a></p></em> <blockquote> My problem is I have re-read Toad-Hall's method of re-installing the original Profile and tried to carry that out to the letter by placing the old Profile within a Thunderbird folder and switching it with the current one.   </blockquote> <p>I don't think that Toad-Hall promotes the method you just described to migrate a Thunderbird profile to another computer. You cannot switch a profile folder with another profile folder since they have different names and the profiles.ini file tells Thunderbird which profile it must open and where the profile folder is located. </p><p>Please open the user-library of your Mac, go to the folder Thunderbird and open it.  Within you should see a folder <strong>Profiles</strong> and a file <strong>profiles.ini</strong> : show screen shots with the contents of the Profiles folder and the profiles.ini file </p>",Mapenzi,False,0,0
1780944,1549724,2025-11-21T22:26:41.492729Z,2025-11-21T22:26:41.492734Z,"<p><a href=""https://support.mozilla.org/en-US/kb/profiles-where-thunderbird-stores-user-data#thunderbird:linux:tb140"" rel=""nofollow"">https://support.mozilla.org/en-US/kb/profiles-where-thunderbird-stores-user-data#thunderbird:linux:tb140</a> </p>",MattAuSupport,False,0,0
1780946,1549563,2025-11-21T22:32:42.994266Z,2025-11-21T22:32:42.994272Z,"<p>Thank you for the reply and helping me.  Where on the css text file do I put the line of code?  Do I put it anywhere within the {brackets} and then place the entire css file into the new chrome folder I created?  I've never done this before. </p><p>Thanks again, JoyG </p>",ktsmom,False,0,0
1780952,1549563,2025-11-21T23:03:20.980161Z,2025-11-21T23:03:20.980167Z,"<p>Just go to the first link in my reply and enter the code, then click the Generate button to download the userChrome.css file (see picture).  Then continue with the rest of the instructions above. </p>",sfhowes,False,0,0
1780983,1549580,2025-11-22T01:50:20.800817Z,2025-11-22T01:50:20.800823Z,"<p>I have the same problem, but I have a MacBook Air with Mac OS Sequoia 15.7.2. The error started yesterday (21 November) and I get the same error message as ajs1101. Just finished conversing with Optus support and they confirmed that it's not at their end: webmail works okay, can receive email and send it (will note there was a hiccough earlier briefly when could not send from webmail, but okay now). All settings as recommended (port for incoming server actually different from what Optus recommends, but when I changed it from 995 to 110, Thunderbird stopped being able to download emails, so changed it back again. Port for outgoing is as recommended, 25.) </p><p>I have the latest version of Thunderbird for Mac, 145.0. </p><p>My partner, who also uses Thunderbird, cannot receive emails either. He has an older Mac running an older OS.  </p><p>I have included two images, the second one showing details of selected server. When I clicked 'fetch certificate' it failed. Does that signify anything important? </p>",thewordygecko,False,0,0
1780984,1549716,2025-11-22T01:50:42.380563Z,2025-11-22T01:50:42.380570Z,"<p>Thank you for the quick response Mapenzi, Perhaps I should have been more explicit in citing Toad-Hall's recommended method. I was attempting to keep it concise. [[Migrating Thunderbird from one Mac to a new Mac|<a href=""https://support.mozilla.org/gl/questions/1397228"" rel=""nofollow"">https://support.mozilla.org/gl/questions/1397228</a>]]  As I noted in my initial post, I made the error of not copying the entire ""Thunderbird"" file in the Library folder.  This 'qqg8c078 Restoration Profile' is the rescued file that I want to make the default. I just want to make sure I do it without any further errors both here and on the new mini-mac. (Again, I returned to my old mini-mac because I haven't completely grasped the intent of the ""Restoration"" piece assigned by Apple. It may well be irrelevant, but this has been a lot of legwork and didn't want to mess it up in the end. Thanks again for your help.  The screen shot of the 3 profiles are attached. </p>",jorma12,False,0,0
1780995,1549628,2025-11-22T02:20:25.107771Z,2025-11-22T02:20:25.107777Z,<p>Great but ... how to get rid of it? </p>,hennysavenije91,False,0,0
1780996,1549628,2025-11-22T02:23:51.522587Z,2025-11-22T02:23:51.522592Z,<p>Found it but no joy </p>,hennysavenije91,False,0,0
1780998,1549580,2025-11-22T02:28:56.222771Z,2025-11-22T02:28:56.222776Z,<p>Thanks i didn't get that second message but did get the first. Will resort to a computer expert on Monday! </p>,ajs1101,False,0,0
1781002,1549580,2025-11-22T02:51:58.935548Z,2025-11-22T02:51:58.935555Z,"<p>Two things.   Is there an antivirus?  They do not like consumer software using port 25.  It has essentially been reserved for servers for the last 20 years. </p><p>Is there a VPN in use,  many ISP's refuse to send mail unless you connect to the internet using their service.  A VPN masks that.  It used to be a mostly US issue,  but it does sound like the sort of thing Optus would do. </p>",MattAuSupport,False,0,0
1781003,1549715,2025-11-22T02:55:03.257093Z,2025-11-22T02:55:03.257099Z,<p>Hello there </p><p>The pc is slow and you cannot send big attachment there might be something that is blocking everything is the inbox to full? </p><p><br> Because that pc is having slowness of that pc that you can profit from turning off that scanning antivirus software usages and make there that acceptation to the profile map if you still want to run these scans to. Including possible firewalls that were installed could also be shutdown temporary. Look alike programs with the same functions and look a like add on with scans like these software programs it s worth to turn them off also to see for a good answer. You can try to send these great big attachments more into good little pieces so you can see for your self  if it s really that what is bugging there. Try to use dropbox instead. </p>,Googlethunderbird.,False,0,0
1781006,1549628,2025-11-22T03:11:14.465068Z,2025-11-23T12:55:04.283576Z,"<p>David, I've learned that ""fetch certificate"" is new and normal. </p><p>Henny: </p><p>Did you click on ""fetch certificate""? If not, please do. What message appears in the same space? </p><p>Who hosts your e-mail? Are you hosting it yourself? Your incoming mail server is set to ""<a href=""http://mail.henny-savenije.pe.kr"" rel=""nofollow"">mail.henny-savenije.pe.kr</a>"". Has this been working in Eudora? Most people use a commercial e-mail service provider, where the incoming mail server would be <a href=""http://mail.mailbox.org"" rel=""nofollow"">mail.mailbox.org</a>, <a href=""http://imap.fastmail.org"" rel=""nofollow"">imap.fastmail.org</a>, or similar. </p><p>Would you please post a screenshot of your outgoing server settings too? You can find them in account settings, click on name of account, ""edit outgoing server"". </p><p>Edit: Most people use a commercial e-mail service provider, <em>even when they have their own domain</em>, where the incoming mail server would be <a href=""http://mail.mailbox.org"" rel=""nofollow"">mail.mailbox.org</a>, <a href=""http://imap.fastmail.com"" rel=""nofollow"">imap.fastmail.com</a>, or similar. </p>",mozilla98,False,0,0
1781007,1549580,2025-11-22T03:15:54.750110Z,2025-11-22T03:15:54.750115Z,"<p>Thanks for your reply, Matt. I am not using an antivirus program, and I don't have a VPN. </p>",thewordygecko,False,0,0
1781008,1549628,2025-11-22T03:18:48.175998Z,2025-11-22T03:18:48.176003Z,"<em><p>david <a href=""#answer-1780885"" rel=""nofollow"">said</a></p></em> <blockquote>I see a link to fetch certificate. That isn't the norm and may be where your problem is. </blockquote> <p>my copy of daily has a ""Test connection to server"" link in that space,  so  i guess someone in the development area is doing something.  Just a shame finding out what is going on is like prying classified files out of the hands of the USA elected representatives. </p><p>I found my change to be from <a href=""https://bugzilla.mozilla.org/show_bug.cgi?id=1990824"" rel=""nofollow"">https://bugzilla.mozilla.org/show_bug.cgi?id=1990824</a> which lead me to <a href=""https://bugzilla.mozilla.org/show_bug.cgi?id=1981098"" rel=""nofollow"">https://bugzilla.mozilla.org/show_bug.cgi?id=1981098</a> which is the source of the text you refer to. </p><p>However I think one of the best things to do here is to click on  that view certificate text and take note of the issuer information  if it is the antivirus product that might find it is the root cause. (It commonly is) </p>",MattAuSupport,False,0,0
1781030,1549628,2025-11-22T04:56:55.659784Z,2025-11-22T04:56:55.659788Z,"<p>@ Rick, I have both, I have a server at hostinger where the mail is, and I have a server at home, where my genealogy website is and yes, <a href=""http://mail.henny-savenije.pe.kr"" rel=""nofollow"">mail.henny-savenije.pe.kr</a> works in Eudora, the confusing part is, that when I click on ""fetch mail"" in Thunderbird, it seems to log in, and tells me there is no mail on the server (I have set Eudora to leave mail on the server)  </p><p>@David, I made screenshots and it looks all legit but obviously it isn't. </p>",hennysavenije91,False,0,0
1781037,1549628,2025-11-22T06:28:24.556916Z,2025-11-22T06:28:24.556924Z,"<p>To make it even funnier, I CAN send mail, (I can receive it in Eudora but NOT in Thunderbird) </p>",hennysavenije91,False,0,0
1781050,1549638,2025-11-22T08:46:27.211258Z,2025-11-22T08:46:27.211264Z,<p>A POP account </p>,ian.payne,False,0,0
1781052,1549645,2025-11-22T09:07:04.293798Z,2025-11-22T09:07:04.293805Z,<p>K-9 doesn't have message filtering capability. </p>,siffemoz,False,0,0
1781053,1549716,2025-11-22T09:26:33.101144Z,2025-11-22T10:08:04.385827Z,"<p>Thank you for the contents of ""Profiles"". I assume that the ""Restoration Folder"" is the the profile folder from your old Mac. Unfortunately you don't show the contents of the <strong>profiles.ini</strong> file. You should find it in the same Thunderbird folder which contains the ""Profiles"" folder. Please open it with TextEdit und show its contents. </p><p>Did you install the same or a newer Thunderbird version as on your old Mac? </p>",Mapenzi,False,0,0
1781054,1549638,2025-11-22T09:31:59.067683Z,2025-11-22T09:31:59.067688Z,"<p>Did you choose the ""Global Inbox"" for this POP account in Account Settings &gt; Server Settings &gt; Advanced...? </p>",Mapenzi,False,0,0
1781071,1549628,2025-11-22T12:19:55.486611Z,2025-11-22T19:30:17.719267Z,"<em><p>henny <a href=""#answer-1781030"" rel=""nofollow"">said</a></p></em> <blockquote>@ Rick, I have both, I have a server at hostinger where the mail is, and I have a server at home, where my genealogy website is and yes, <a href=""http://mail.henny-savenije.pe.kr"" rel=""nofollow"">mail.henny-savenije.pe.kr</a> works in Eudora, the confusing part is, that when I click on ""fetch mail"" in Thunderbird, it seems to log in, and tells me there is no mail on the server (I have set Eudora to leave mail on the server) </blockquote> <p>If your mail is hosted at Hostinger, don't you have to specify Hostinger's servers in your settings? </p><p>IMAP Server: <a href=""http://imap.hostinger.com"" rel=""nofollow"">imap.hostinger.com</a> IMAP Port: 993 (with SSL/TLS encryption) </p><p><a href=""https://www.hostinger.com/support/4768584-how-to-set-up-hostinger-email-on-mozilla-thunderbird-desktop-windows/"" rel=""nofollow"">https://www.hostinger.com/support/4768584-how-to-set-up-hostinger-email-on-mozilla-thunderbird-desktop-windows/</a> </p><p>Would you please post a screenshot of your outgoing server settings? You can find them in account settings, click on name of account, ""edit outgoing server"". They may help solve the mystery. </p>",mozilla98,False,1,0
1781118,1549716,2025-11-22T16:14:37.536192Z,2025-11-22T16:14:37.536196Z,"<p>Hello Mapenzi, Realized late last night I had forgotten to send the profiles.ini file. Sorry.  I've included it here. Yes, that qqg8c078.Restoration is the from the old Mac. I took another screenshot of the entire profiles folder, simply to give a better ""overall"" view of the different Profiles existing.  (The very last,incomplete, slightly grayed out profile is simply as one I attempted to install that was paused by a DS_Store conflict). Thanks again. Jack </p><p>[Profile1] Name=default IsRelative=1 Path=Profiles/75rfawth.default Default=1 </p><p>[Profile0] Name=default-esr IsRelative=1 Path=Profiles/jsuffiry.default-esr </p><p>[General] StartWithLastProfile=1 Version=2 </p><p>[Install712DAF5A23ABECDC] Default=Profiles/jsuffiry.default-esr Locked=1 </p>",jorma12,False,0,0
1781132,1549645,2025-11-22T16:40:22.565327Z,2025-11-22T16:40:22.565333Z,"<p>Thanks, but not the answer I was hoping for. </p>",iwadeinn,False,0,0
1781157,1549716,2025-11-22T18:03:31.514089Z,2025-11-22T18:03:31.514094Z,"<p>I took a closer look on the contents of your qqg8c078.Restoration profile folder and this gave me very mixed sensations. I don't know which version you have been using lately on your old Mac Mini. Most of the files in this profile have modification dates from 2012, which means thirteen years ago. Since 2012 many of those files should have migrated to a new format, some files have been abandoned or been replaced by others, e:g localstore.rdf by xulstore.json </p><p>If you started an actual Thunderbird version in this profile maybe you would see your accounts and messages, but you'd have no address books, your passwords would be lost, TB would ask them again and again without being able to save them since it can't migrate signons3.txt to logins.json, neither migrate all .mab files to the new .sqlite format.  I have seen those problems in the German forum when user wanted to pass directly from TB 38 or 45 to TB 115 without creating a new profile. I wonder why your old profile from 2012 didn't evolve during all those years. Did you never update to new Thunderbird versions? </p><p>There is another glitch in your qqg8c078.Restoration profile folder with the modified date from 11/21/25: it contains a <strong>second</strong> qqg8c078.Restoration profile folder with a modified date from 2/11/24.  My questions: Which TB version did you use on your old Mac mini when you switched to the new one? Do you have a more recent backup of your profile? </p>",Mapenzi,False,0,0
1781162,1549716,2025-11-22T18:22:05.839730Z,2025-11-22T18:22:05.839737Z,"<p>Mapenzi, you're probably ahead of me on this matter, and I don't want to interfere. Just a thought: if Jack created a new profile on his new Mac, he should be able to transfer several gigabytes of mail to the new profile. One challenge would be finding all the mail in ImapMail, Mail, and the embedded restoration profile. Of course, looking for a more recent back-up first would be good. </p><p>Jack, how important are your address books, calendars, and passwords from old profiles? </p>",mozilla98,False,0,0
1781165,1549716,2025-11-22T18:28:30.376619Z,2025-11-22T18:31:06.425654Z,"<p>Rick, I'm fully aware of this unusual situation and won't insist on using the old profile. If there is no recent profile backup available my choice would be a new profile, set up all accounts, manual import of mbox files from the old POP account folders and import of abook.mab file. </p>",Mapenzi,False,0,0
1781167,1549716,2025-11-22T18:30:31.246417Z,2025-11-22T18:30:31.246424Z,"<em><p>Mapenzi <a href=""#answer-1781165"" rel=""nofollow"">said</a></p></em> <blockquote>Rick, I'm aware of this unusual situation. If there is no recent profile backup available my choice would be a new profile, set up all accounts, manual import of mbox files from the old POP account folders and import of abook.mab file. </blockquote> <p>My thoughts too. </p>",mozilla98,False,0,0
1781172,1549716,2025-11-22T18:58:20.263901Z,2025-11-22T18:58:20.263907Z,"<p>Hello Mepenzi, Thank you again for sticking with this.  I'll try and make sure I answer each question.  You are right that there is a 2012 Profile that was a significant save.  I had archived a lot of my work files into local folders in TB that I didn't access much. I had a hackintosh prior to going back to a mini-mac and I remember temporarily struggling with a TB update just prior to reorganizing all those files.  I am running the most current version of TB on both machines 140.05esr.  The profile with the 2012 local files was the first I found so I was mildly relieved I hadn't lost 'everything'. When rounded up all of the Profiles I had (both old and the ones I created in my panic of losing my data) I went through each by the sbd files.  The one I posted to show you was the one that had very recent folders that I had created in the Inbox. (all of which had disappeared during the migration). I think what you're telling me is that that Profile, while it may have those folders listed, is still not 'complete', giving TB the direction it needs to load the profile and operate as it had before I attempted any of this.  I do indeed get asked for my passwords repeatedly. I stupidly bought a 2024 mini with only 256 working memory and added an 8G stick (never again) so I ended up botching my use of CCC to make a backup startup disc if things went sour.  Mapenzi, I did update TB each time I was notified (I'm a lot better at that than I am using my TimeMachine). Your question makes me think I haven't found the most current Profile yet.  It was the largest with 12+G and it had those recent folders so I assumed I had it. I can dig again. Rick had asked if I needed the passwords, addresses, and calendars. The first 2 are easily replaceable. The calendars may be more important. </p>",jorma12,False,0,0
1781176,1549716,2025-11-22T19:22:03.555044Z,2025-11-22T19:22:03.555050Z,"<p>Hello Rick, Thank you very much for responding.  I don't need the addresses or passwords. They are easily replaced.  The calendars I remember working really hard to keep updated while using a Mac and working in a Windows environment, so there is some info. I'd be reluctant to lose. However, the folders that I had everything from the past 13 years organized within the Inbox are certainly the most critical pieces for me. The one aspect of this retrieval that I'm most concerned about at this point is choosing the wrong profile to work with as I attempt whatever strategy to return to the original state. As I look at that Inbox that had my 2025 Mail.sbd the items are listed as .mozeml files. Is that the original message in its entirety or simply an index meant to point TB to the original message (meaning it's incomplete)? </p>",jorma12,False,0,0
1781196,1549716,2025-11-22T20:37:38.421478Z,2025-11-22T20:37:38.421482Z,"<em><p>Jack Milne <a href=""#answer-1781176"" rel=""nofollow"">said</a></p></em> <blockquote>The one aspect of this retrieval that I'm most concerned about at this point is choosing the wrong profile to work with as I attempt whatever strategy to return to the original state. As I look at that Inbox that had my 2025 Mail.sbd the items are listed as .mozeml files. Is that the original message in its entirety or simply an index meant to point TB to the original message (meaning it's incomplete)? </blockquote> <p>The mozeml files are not the message files. I believe that they are used to enable Spotlight on macOS to search mail. Messages are stored in the files that don't have an extension but have a companion file with the same name and an .msf extension. </p><p>I should have made the purpose of my last message clearer. My point was that, even if none of your profiles is usable on its own, messages in them can probably be salvaged using the process that Mapenzi sketched above. You could move them to a new profile. </p><p>When I first looked at your screen images, I thought that you had gigabytes of such messages. As I look more closely, I see that there's not enough information to tell. You may want to drill down through your ImapMail folders and Mail folders (including Local Folders) in all your profiles, identify the pairs of files that include one with no extension and one with an .msf extension, and see how large the former ones are. The more and larger the files without extensions, the more messages you should be able to salvage. </p><p>And then wait for guidance from Mapenzi. I'm trying to be helpful but afraid of complicating things. </p>",mozilla98,False,0,0
1781203,1549716,2025-11-22T21:14:44.011997Z,2025-11-22T21:14:44.012002Z,"<p>Thanks Rick, I appreciate and very much understand the need to take a planned approach to solving this.  For the last couple of hours I reexamined every TB profile I had looking for the sbd files in the Mail and and IMap folders. In glancing at the largest profile, the one I posted that was 10G+ there were a lot of the mozemi files but most of the corresponding  (non-extension msf extension was only a few kilobytes. But I'll go back more thoroughly. The problem on my end is I'm just not familiar with the purpose of each of the components of the Profile so the more I know what to look for the better my odds of finding what I need (at least that's my assumption). Prior to the direction from Mapenzi and you it was more like trying to snag a map in a tornado. So once again, thank you both. Jack </p>",jorma12,False,0,0
1781213,1549716,2025-11-22T22:02:37.647907Z,2025-11-22T22:03:57.387550Z,"<p>Hello Jack, we are at a dead end with this old profile shown in your screen shot since it makes no sense to create a new profile and import data from 2012! So let's do simple things first: if you still can launch your old Mac mini, open the Thunderbird folder in your user library and take a screen shot of the contents of the ""Profiles"" folder? BTW: are you still able to run Thunderbird on the old Mac? </p>",Mapenzi,False,1,0
1781239,1549716,2025-11-23T00:21:52.849032Z,2025-11-23T00:21:52.849036Z,"<p>Hello Mapenzi, I am able to run Thunderbird on my old mac but I get the initial setup screen at this point.  I've attached 3 pics of the profile. Overkill, I know but I wanted to give you as complete a picture as possible.  I also sent a fourth pic which is simply a different view of that initial profile I posted.  That layout of the 2025 Mail.sbd is the most current layout of what I had set up in my primary mailbox.  I understand it may not have the essential data but I can't find any profile that looks ""newer"" to me. The second pic of the present profile is also similar. And again, I can't thank you enough for your continued help. Jack </p>",jorma12,False,0,0
1781324,1549628,2025-11-23T06:48:15.272391Z,2025-11-23T06:48:15.272399Z,<p>Rick. thanks. Let me tell you first that the hostinger server is powered by cPanel which has an email server (is that the right way to say it?) in it. But you can also rent separately email accounts. The article you are referring to applies to those options.  </p><p>I am not sure how the outgoing servers may be of help to incoming mail but please enlighten me </p>,hennysavenije91,False,0,0
1781325,1549628,2025-11-23T06:58:45.084634Z,2025-11-23T06:58:45.084640Z,<p>I was trying to setup thunderbird as much as possible like I did Eudora but it's very well possible that I misunderstood the way that has to be done. </p>,hennysavenije91,False,0,0
1781338,1549638,2025-11-23T07:53:55.333585Z,2025-11-23T07:53:55.333591Z,<p>No. It is set as Inbox for different account &gt; Local folder </p>,ian.payne,False,0,0
1781355,1549638,2025-11-23T11:14:08.347715Z,2025-11-23T11:14:08.347722Z,"<p>Why ""No""? ""Inbox for different account &gt; Local folder"" is exactly what I suspected and what my first screen shot showed. Did you activate ✔<strong> Include this server when getting new mail</strong>? Otherwise Thunderbird never will check automatically for new mail in this POP inbox .... </p>",Mapenzi,False,0,0
1781358,1549682,2025-11-23T11:29:57.278370Z,2025-11-23T11:29:57.278376Z,"<p>Thanks. I removed the folder switcher. I don't use it anyway. I think you'd call the view I normally use ""Favourite Folders"" where I see my main inbox with favourites underneath, but can still see ""All Folders"" under that. It all went crazy when TB updated causing a bit of a panic. All good now. Thanks for your response :) </p>",Craig100,False,0,0
1781362,1549638,2025-11-23T12:30:52.071101Z,2025-11-23T12:30:52.071106Z,<p>Yes include this server is ticked </p>,ian.payne,False,0,0
1781363,1549716,2025-11-23T12:35:21.309681Z,2025-11-23T12:35:21.309685Z,"<em><p>Jack Milne <a href=""#answer-1781239"" rel=""nofollow"">said</a></p></em> <blockquote>Hello Mapenzi, I am able to run Thunderbird on my old mac but I get the initial setup screen at this point.  I've attached 3 pics of the profile.  </blockquote> <p>Are these new pictures from the Thunderbird profile folder on the old Mac mini? I can't believe it since such a profile would never have run! On your old Mac did you open ~/Library/Thunderbird/Profiles/ ... and this is what you see? </p><p>As for your pictures: </p><p>picture <strong>1</strong> on the left:  shows the contents of profile jsuffiry.default-esr which is the profile created when you first started TB 140-esr on the new Mac. It only contains some messages (IMAP) and no old messages </p><p>picture <strong>2</strong>  shows parts of the ""Restoration Profile"", mainly contents of a big 1.87 GB Inbox.sbd folder, polluted by numerous mozmsgs folders which had been created - as Rick already pointed - by the macOS Spotlight search. But there also are some .sbd folders with recent modification dates. A folder like Mail.sbd would never be created, this is an artefact because a folder Mail has been copied into another folder hierarchy. Nevertheless these message folders could be reused in a new profile.  </p><p>picture <strong>3</strong> : shows nothing new. But as I had remarked earlier it contains a <strong>second</strong> ""Restoration folder"" with a size of 2.2 GB, created in 2012 and modified in 2024. I have marked it with a red frame for your attention... Please show a new screen shot with its content! </p><p>picture <strong>4</strong> : shows ""Restoration folder""  &gt; Mail with a  big Inbox.sbd folder I already mentioned in picture 2 </p>",Mapenzi,False,0,0
1781369,1549628,2025-11-23T13:25:47.839680Z,2025-11-23T13:25:47.839687Z,"<p>I looked up your MX records. See the first attached image. </p><p>Either your configuration is wrong or it is a type of configuration that I am not familiar with. </p><p>Like you, I have my own domain and I use a third party to host my e-mail. In my MX records, I specify that third party. Hostinger hosts your e-mail, so I believe that your MX records must specify Hostinger's e-mail servers. See the second attached image. (A link to that page is on the page that I linked to earlier. I am not putting a link here because messages with links require moderator's approval, and that delays posting of messages.) But you are using your own domain name. I do not know if or how that could work. </p> <em><p>henny <a href=""#answer-1781324"" rel=""nofollow"">said</a></p></em> <blockquote>Let me tell you first that the hostinger server is powered by cPanel which has an email server (is that the right way to say it?) in it. But you can also rent separately email accounts. The article you are referring to applies to those options. </blockquote> <p>I believe that it applies to your situation. You are renting an e-mail account at Hostinger and using Hostinger's e-mail server. That is why your MX records show an IP address at Hostinger. </p> <blockquote>I am not sure how the outgoing servers may be of help to incoming mail but please enlighten me </blockquote> <p>I am trying to figure out why sending and receiving work in Eudora and sending seems to work in Thunderbird, but receiving does not work in Thunderbird. I wondered if your outgoing server was set to Hostinger's server, as I believe that it should be, but your incoming server was set to your own server. But you specify your own domain for both incoming and outgoing servers. Again, I am not familiar with that type of configuration, and I don't know if or how it can work. </p><p>Is that what is working in Eudora?  </p><p>Do you have a mail server set up on your own server that hosts your website? Is some mail going there? Is that where Thunderbird is checking for mail and (apparently) sending mail? </p><p>When you send and receive messages from either Eudora or Thunderbird, do you see <strong>all</strong> sent and received messages in webmail at Hostinger? </p><p>By the way, there seem to be other issues here that you may want to attend to: no DMARC policy is enabled; for SMTP, your password is transmitted insecurely and there is no connection security. </p><p>In your place, I would start from the beginning: </p> <ol><li> For an e-mail account hosted at Hostinger, what should my MX records be? </li><li> For an e-mail account hosted at Hostinger, what should my incoming server details be? </li><li> For an e-mail account hosted at Hostinger, what should my outgoing server details be? </li></ol>",mozilla98,False,0,0
1781374,1549638,2025-11-23T13:46:31.325697Z,2025-11-23T13:46:31.325702Z,<p>Is the ✔ check mark set in <strong>all</strong> POP accounts in their respective Advanced Account Settings ? </p>,Mapenzi,False,0,0
1781376,1549628,2025-11-23T13:58:05.867030Z,2025-11-23T13:58:05.867036Z,"<p>A more complete list of issues is in the first attached image. </p><p>By the way, your domain points to an IP address at Hostinger, but you said that you host your website on a server at home. See the second attached image. </p>",mozilla98,False,0,0
1781379,1549628,2025-11-23T14:25:43.667156Z,2025-11-23T14:25:43.667162Z,<p>Are you using a dedicated server at Hostinger? That runs an e-mail server? </p><p>That might explain why you specify mail servers at your own domain. That would be a configuration that I am not familiar with. </p>,mozilla98,False,0,0
1781391,1549628,2025-11-23T16:25:25.804342Z,2025-11-23T16:25:25.804351Z,"<p>Rick, No it's a shared server. No I am not using my own server for sending or receiving since I didn't register a domain name for it yet, it's a synology and they allow you to use a url as shown in the picture but if I try to use the mail server there then it bounces to for instance at google mail but I can receive fine if I send it to myself. (see first image where you can find the website there) I forgot what error message I got.  </p><p>The problem is that I can not send with Eudora (anymore) I had a lengthy and exhausting (for me) with the helpdesk there where they told me eventually that Eudora was too old and not secure enough enough and that I had to use thunderbird. They also told me how to configure my mail server but when I tried to login to my account there I got a message that it was a suspicious login and they would send me an email which I never received. For a month now I have had even a more exhausting exchange with the help desk there where I had to prove I was the one who paid and even asked for an ID (I had the same question dozen times after that) but the result is that I still can't login to change things, so I don't even know how it looks like now. They promised several times they would escalate but as you can guess, nothing happens.  </p><p>I will also attach images with my Eudora settings </p>",hennysavenije91,False,0,0
1781392,1549628,2025-11-23T16:29:05.698317Z,2025-11-23T16:29:05.698322Z,"<p>Ah, eventually I want to move all my domains and subdomains to the synology server and get rid of the hostinger account once I figure out how to set up subdomains. I once had a webhosting company myself with a bunch of servers, and once I knew how to do those kind of things but that was 20 years ago and in the meantime I became an old man and forgot how to do all that. </p>",hennysavenije91,False,0,0
1781394,1549628,2025-11-23T16:43:25.701905Z,2025-11-23T16:43:25.701913Z,"<p>Hi Henny. </p><p>I understand and I feel your frustration. </p><p>I am sorry that I cannot (try to) help more. I believe that the rest is up to you, Hostinger, your MX records, and your server settings. </p><p>And you already have had much frustration with Hostinger. Good luck. </p>",mozilla98,False,0,1
1781415,1549628,2025-11-23T18:30:31.273287Z,2025-11-23T18:30:31.273293Z,<p>Have you tried the settings that I shared? </p>,mozilla98,False,0,0
1781439,1549638,2025-11-23T19:03:39.763011Z,2025-11-23T19:03:39.763018Z,<p>There are two accounts on the system It is set for only one of them. </p>,ian.payne,False,0,0
1781443,1549638,2025-11-23T19:16:09.919248Z,2025-11-23T19:16:09.919256Z,<p>Why don't you tick it for both accounts? </p>,Mapenzi,False,0,0
1781447,1549716,2025-11-23T19:28:57.563381Z,2025-11-23T19:28:57.563387Z,"<p>Hello Mapenzi, Yes, those first 3 images are the profiles I saw on the old mac when I opened TB/Help/.../Profile Folder:Show in Finder. It only opens to the account setup page with none of my data listed at all.  Even the TB on the new mini has the 2012 data fairly intact. Because of the limited space on the new mac I used an external SSD card of 500G to transfer my data. When the migration failed and Thunderbird lost all the data, I started reading the support blog to see how to fix it (prior to asking for help). That's why I referenced Toad-Hall's article because I think I messed something up when I transitioned back to the old TB. So that could very well be why those profiles look wonky. I attempted to switch the Profile back with Thunderbird closed when I returned to the old mac mini. I've attached 2 pages of that other profile you asked for.  Just a note: You'll see a grayed out partial copy of the profile on the bottom of page 2. That I believe is due to an error in copying folders I've been getting stating that a DS_Store file already exists (it's not a permission issue). I've been getting them recently on the old mac when copying folders and it may be a minor interference somewhere. I took another look through the new mac to see if there was a newer profile in my User file but no luck. Thanks, Jack </p>",jorma12,False,0,0
1781480,1549716,2025-11-23T21:24:52.965157Z,2025-11-23T21:29:14.514136Z,"<p>The duplicate of the Restoration Profile doesn't contain anything more then the original, it's only old stuff. In the second picture on the right I see a completely new virgin (one more!) profile xxxxxxxxx. default-esr-1. You must have created it by recently starting TB on your new Mac.  </p><p>Conclusion: this is a complete mess and there is no other way than to build a new profile and try to integrate some old message files from the Restoration Profile. Probably there will also be some data loss because of absence of exploitable profile backups.  </p><p>This will be very time consuming, require much more screen shots, many messages to be exchanged and provoke exhaustion. There is also the time difference between Europe and US as a handicap which slows down information flow. In my German ""home"" forum I would say Stop here! and propose to restore a viable profile via remote control to save time and ressources. No asking for this or that screen shot, in very little time one has an overview of the whole situation.  </p><p>But let us still try the classic strenuous way once again:  How many accounts did you create and use lately on your old Mac? Did you use the POP or the IMAP protocol? Did you set up any of those accounts on your new Mac? </p>",Mapenzi,False,0,0
1781516,1549716,2025-11-24T00:34:02.408896Z,2025-11-24T00:34:02.408900Z,"<p>Mapenzi, I agree wholeheartedly. It is indeed a complete mess and in my panic of losing so much data, I have made the tracking the history of my attempts at retrieval impossible to sort through. And I also concur it is not feasible to attempt it under these circumstances, solely because I'm just feeding you fragments of the whole picture.  And on your end your patiently trying to assemble it piece by piece. I truly appreciate everything you've done and I admire your willingness to continue, but I think you're right: I think I'm going to have to hand this to someone and show them the chaos I've created, and pay them, and hopefully work with them to recover what I am able to.  You'd think after 40 years of using a Mac and 20 years of using Thunderbird I'd have mastered the simple art of backing up and migrating to a new machine. Perhaps in another 10 I'll have it down.  Thank you once again for all your hard work! Sincerely, Jack M. </p>",jorma12,False,0,0
1781586,1549650,2025-11-24T08:25:31.827049Z,2025-11-24T08:25:31.827056Z,"<p>Hiervoor kunt u <a href=""https://support.mozilla.org/nl/kb/berichtconversaties-thunderbird-berichten-gegroepeerd#w_conversaties-uitschakelen-in-een-map"" rel=""nofollow"">conversaties uitschakelen</a>. Als u dit standaard voor nieuwe mappen wilt instellen, lees dan <a href=""https://support.mozilla.org/nl/kb/paneel-vormgeving-opmaak-berichtenlijst#w_2-standaardconversaties-selecteren-voor-nieuwe-mappen-geen-conversaties-conversaties-of-gegroepeerd-op-sortering"" rel=""nofollow"">deze instructie</a>. </p>",markh2,False,0,0
1781616,1549724,2025-11-24T11:24:32.630250Z,2025-11-24T11:24:49.779797Z,"<p>Thanks, I saw this answer earlier, it does not work in my configuration. Best </p>",,False,0,0
1781632,1549716,2025-11-24T12:40:22.838828Z,2025-11-24T12:40:22.838835Z,"<p>Jack, </p><p>before I definitively throw in the towel please answer the three questions from my last message: </p><pre>How many accounts did you create and use lately on your old Mac? Did you use the POP or the IMAP protocol? Did you set up any of those accounts on your new Mac? </pre> <p><br> If you mainly used IMAP accounts the account setup and message recovery will be simple. This would leave the Local Folders to be recovered after purging all this mozmsgs litter..... </p>",Mapenzi,False,0,0
1781648,1549724,2025-11-24T13:48:01.441294Z,2025-11-24T13:48:01.441302Z,<p>What doesn’t work? </p><p>What are you trying to accomplish? </p>,mozilla98,False,0,0
1781701,1549716,2025-11-24T17:15:33.083081Z,2025-11-24T17:15:33.083090Z,<p>I would create a new profile on your new Mac. Then I would find all the mail folders with messages in all the old profiles and copy them into “Local Folders” of the new profile in the Finder. </p><p>The evidence suggests that there are not many mail folders with messages and that they do not contain many messages. </p><p>But this approach should salvage whatever can be salvaged. </p>,mozilla98,False,0,0
1781715,1549716,2025-11-24T18:02:59.007172Z,2025-11-24T18:02:59.007179Z,"<p>Hey, thanks very much Rick. I hadn't given up but was certainly stymied and I really appreciate you following up. Once upon a time I could figure out how to problem solve my way through this stuff. Back in the beginning when you'd stay up all night turning off and on half of your extensions and control panels in hopes of finding the sole conflict freezing your Mac Plus. My son and I also built two hackintoshes that served us for a long time when he was 15 so this isn't completely foreign to me.  I appreciate the specifics and I'll go back through the many profiles I created and see if I can isolate the mail messages post 2013. From 2007-2012, it's recovered and almost as I originally set it up.  I at least have a direction to work in and I'll let you know how it works out. Thanks again, Jack M. </p>",jorma12,False,0,0
1781718,1549716,2025-11-24T18:07:47.918659Z,2025-11-24T18:07:47.918664Z,<p>Remember that messages are stored in one file without an extension where there is a pair of files with the same name and the other file has an .msf extension. </p><p>I have given you no details for how to do anything. Please ask when you have questions. </p>,mozilla98,False,0,0
1781732,1549638,2025-11-24T19:08:23.023800Z,2025-11-24T19:08:23.023807Z,<p>I have tried this but the second account disappears from the left hand pane on the opening screen. I have now restored things as they were. Thanks very much for all your efforts but I think I will live with the problem. Lets call it a day. </p>,ian.payne,False,0,0
1781733,1549716,2025-11-24T19:08:57.313630Z,2025-11-24T19:08:57.313637Z,"<p>Yeah that's what I'm starting with. I remember.   I've gathered all these profiles together, and I'm going to go through all of them to search for exactly that, the .msf file paired with the non-msf file. I had a few on the new mini that I just copied and brought back.  I'm looking through the Imap folders and Mail folders (including Local folders) for larger entries on the non-msf files. I will post again as I get through these and highlight them on my drive this afternoon.   Thank you again, Jack M. </p>",jorma12,False,0,0
1781751,1549716,2025-11-24T20:21:52.356096Z,2025-11-24T20:21:52.356102Z,<p>Even if I throw in the towel for conducting the entire profile restore I'll still be around to answer questions and to give hints. </p>,Mapenzi,False,0,0
1781764,1549716,2025-11-24T21:28:50.509166Z,2025-11-24T21:28:50.509171Z,"<p>Hello Rick, That took awhile.  I came up with 2 profiles that I think are the best candidates for rescuing emails.  I went through and tagged all the paired non-msf files with a dot after their name.  They are not huge but there are many.  I only copied a sampling of them (3 pages) to give you a sense of what the profile looks like. That file in its entirety is 12.77G.   The last page is the profile it was paired with which is the identical name but is only 2.25G but only has the mail from 2012 and earlier.   Again, those old files are pretty much intact on the new mini-mac even though the first attempt at installing TB failed. By the way I also bought a copy of Wondershare's Recoverit program this morning thinking that may be of some help in gathering up these files. I haven't used it before. Again thank you very much. I'm only able to get one jpg on this so I'll post another page. Jack M. </p>",jorma12,False,0,0
1781765,1549716,2025-11-24T21:29:59.548118Z,2025-11-24T21:29:59.548123Z,<p>Rick the remaining images: </p>,jorma12,False,0,0
1781775,1549666,2025-11-24T21:51:04.271269Z,2025-11-24T21:51:04.271273Z,"<p>Thanks for letting us know of your issue. Unless you updated Thunderbird on the same day, I would not expect the problem to be caused by Thunderbird. </p>",wsmwk,False,0,1
1781784,1549716,2025-11-24T22:55:45.717113Z,2025-11-24T22:55:45.717118Z,"<em><p>Jack Milne <a href=""#answer-1781764"" rel=""nofollow"">said</a></p></em> <blockquote>Hello Rick, That took awhile.  I came up with 2 profiles that I think are the best candidates for rescuing emails.  I went through and tagged all the paired non-msf files with a dot after their name.  They are not huge but there are many.  I only copied a sampling of them (3 pages) to give you a sense of what the profile looks like. That file in its entirety is 12.77G.   The last page is the profile it was paired with which is the identical name but is only 2.25G but only has the mail from 2012 and earlier.   Again, those old files are pretty much intact on the new mini-mac even though the first attempt at installing TB failed. By the way I also bought a copy of Wondershare's Recoverit program this morning thinking that may be of some help in gathering up these files. I haven't used it before. Again thank you very much. I'm only able to get one jpg on this so I'll post another page. Jack M. </blockquote> <p>The overall file size may not be significant. I don't know how much space the mozmsgs or other things take up. You also have a folder for gmail allmail, which duplicates messages in other folders (I believe -- I do not use gmail). But you are right that there seem to be many folders with messages. </p><p>I am not familiar with Recoverit. I'm usually wary of such apps. I assume that Recoverit is designed to help recover deleted and damaged files. I don't know how useful it may be for you. Deleted files can often be recovered for some time as long as other files have not written over the space on the drive. </p><p>Now, does the target profile on your new computer exist? </p>",mozilla98,False,0,0
1781785,1549716,2025-11-24T22:56:10.025255Z,2025-11-24T22:56:10.025261Z,"<em><p>Mapenzi <a href=""#answer-1781751"" rel=""nofollow"">said</a></p></em> <blockquote>Even if I throw in the towel for conducting the entire profile restore I'll still be around to answer questions and to give hints. </blockquote> <p>Please do. I would rather work together on data recovery. </p>",mozilla98,False,0,0
1781787,1549716,2025-11-24T22:58:45.051977Z,2025-11-24T22:58:45.051987Z,"<p>Jack, have you started using Time Machine for back-ups yet? </p><p>You'll want to back up everything before we proceed. Or did you already? </p>",mozilla98,False,0,0
1781789,1549716,2025-11-24T23:11:34.629427Z,2025-11-24T23:32:33.126786Z,"<p>May I give a hint?  Those mozmsgs folders are polluting the whole ""Restoration profile"" folder. I propose to start cleaning up the profile by deleting all this mozmsgs crap. After that it would be easier to navigate in the profile folder and concentrate on the essential mbox (message) files. Not to forget .sbd folders which may contain other message files (representing the sub-folders of the parent folder). </p>",Mapenzi,False,0,0
1781800,1549716,2025-11-24T23:57:18.797574Z,2025-11-24T23:57:18.797584Z,"<em><p>Mapenzi <a href=""#answer-1781789"" rel=""nofollow"">said</a></p></em> <blockquote>May I give a hint?  Those mozmsgs folders are polluting the whole ""Restoration profile"" folder. I propose to start cleaning up the profile by deleting all this mozmsgs crap. After that it would be easier to navigate in the profile folder and concentrate on the essential mbox (message) files. Not to forget .sbd folders which may contain other message files (representing the sub-folders of the parent folder). </blockquote> <p>Please, give more than hints! </p><p>It's a good point. I was not thinking about the folder structure. </p><p>Re-create the folder structure in the new profile or copy it with the mbox files to the new profile? </p>",mozilla98,False,0,0
1781802,1549716,2025-11-25T00:01:00.807835Z,2025-11-25T00:01:00.807841Z,"<p>Hello Rick, Sorry for the delay. I started transferring the files about 90 minutes ago and the copying stalled because of this stupid DS_store duplication and it closed down the profile (I thought I had lost it. Maddening).  I have both the 12G qqg8c078 Restoration Profile and the 2.25G Restoration Profile (with the same name transferred to the new mac). </p>",jorma12,False,0,0
1781843,1549716,2025-11-25T04:50:22.687278Z,2025-11-25T04:50:22.687283Z,"<p>Hello Rick and Mapenzi, That took a lot longer than I expected. If there's a code or macro that can do that in a matter of seconds I don't want to know that it exists. I mentioned earlier having to solve crashes on the early Mac's by spending the night splitting your control panels and extensions in half and restarting until you came up with the culprit that you had added. In the 2nd half of the 80's somebody came out with a program called ""Conflict Catcher"" that would do that process for you automatically as long as it took. At the time, we thought it was the greatest thing ever invented. Anyhow, I've attached 3 pages from different parts of the profile to give you an idea of how it looks.  Mapenzi, you were certainly right, it looks a lot cleaner now and much more representative of the actual Mail folder layouts.  Thanks once more, Jack M. </p>",jorma12,False,0,0
1781849,1549628,2025-11-25T05:17:36.559325Z,2025-11-25T05:17:36.559331Z,"<p>@Rick! Good news, finally they managed to get me in. But now I am confronted with a configuration I have never seen before. </p><p>This was cPanel before  but somewhere along the road they changed to hPanel which I am not really familiar with. It's supposed to be easier but I find it harder. What am I supposed to change or add in the attached image? </p>",hennysavenije91,False,0,0
1781859,1549628,2025-11-25T07:42:04.161500Z,2025-11-25T07:42:04.161506Z,"<p>There's one other thing I noticed. Thunderbird assumes automatically that the server is IMAP while in Eudora it's POP, I wouldn't know how to change that </p>",hennysavenije91,False,0,0
1781915,1549724,2025-11-25T13:14:18.521645Z,2025-11-25T13:14:18.521649Z,"<p>This question has been locked because the original author has deleted their account. While you can no longer post new replies, the existing content remains available for reference. </p>",,False,0,0
1781916,1549716,2025-11-25T13:26:59.086072Z,2025-11-25T13:26:59.086078Z,"<p>Good work, Jack! </p><p>Have you drilled down through all the folders and identified the files with messages? Some of the folders in the screenpics are not expanded. </p>",mozilla98,False,0,0
1781918,1549716,2025-11-25T13:32:51.839210Z,2025-11-25T13:32:51.839219Z,"<p>Good work, Jack! The profile folder contents are much clearer now but it still is a very long and probably deep folder hierarchy. And since it is so long and cannot be displayed in one picture I have difficulties to distinguish the different levels of the hierarchy.  Am I right that all folders and files following after Local Folders in all images are really located in Local Folders? This would signify a great progress. Now begins a very tedious detective work: your Local Folders contain many *.<strong>sbd</strong> folders. These folders in the profile contain mail files and often other .sbd folders and correspond to a folder with sub-folders in Thunderbird. They have to be accompanied by mail (mbox) <strong>files of the same name without file extension</strong>, otherwise TB wouldn't display them in the folder pane. To take an exemple: in the second image I see a <strong>Utilities Paid.sbd</strong> folder which is accompanied by a <strong>Utilities Paid</strong> mailbox file, so this is OK.  We won't need the Utilities Paid.msf file since it is an index file which doesn't contain messages. </p><p>Yet in your first (left) image I see an <strong>Inbox.sbd</strong> folder as a sub-folder of /Mail/Local Folders/ and I am unable to see the corresponding <strong>Inbox</strong> mbox file. This means that in the folder pane neither the Inbox folder nor any of its sub-folders and messages would be displayed.  To make up for this situation of an orphaned .sbd folder you need to create a new empty text file  file: open TextEdit, save the empty file under the name of the orphaned .sbd folder and delete the .txt suffix your system will automatically add. So in our exemple of the Inbox.sbd folder you will have to name the file <strong>Inbox</strong> and move it in the<strong> same hierarchic level as Inbox.sbd</strong>  It will be a very laborious task to verify all .sbd folders whether they are accompanied by their mbox file with the same name. That's why I threw the towel since I cannot do this myself: it would need to ask for dozens of new screen shots to verify and this would take many days or even weeks... </p>",Mapenzi,False,0,0
1781922,1549716,2025-11-25T13:45:20.650241Z,2025-11-25T13:45:20.650248Z,"<p>Mapenzi, I understand the rationale behind your approach better now. I was assuming a slightly different approach. I wonder if it is worth considering. </p><p>Since getting the folder hierarchies in perfect shape will require much work, could Jack instead? -- </p> <ol><li> Create a simple folder hierarchy in his new profile. </li><li> Copy all the mbox files from everywhere in his old hierarchies to the new hierarchy in his new profile. </li><li> Over time, revise the new hierarchy to be more complex, if desired, by working only within Thunderbird instead of in the file system. </li></ol> <p>Then you (or I) would not have to oversee all the preparation of the old folder hierarchies. </p><p>What do you think? </p>",mozilla98,False,0,0
1781926,1549716,2025-11-25T14:11:31.968408Z,2025-11-25T14:11:31.968413Z,"<p>Rick, yes I wanted to preserve the actual folder hierarchy in Local Folders as far as possible. Yours is a more radical method consisting in the abandon of the actual hierarchy by keeping only the mbox files. On the other side this would leave the charge for Jack to re-create an entire new hierarchy with many folders, then populating it by moving folders around. At the same time it would be an occasion to delete old stuff he doesn't need any more. Creating new folders in Local Folders in the new profile also will be time-consuming. In my practice creating a new folder in Thunderbird takes as much time as creating an empty text file with Apple's text editor.  </p><p>If I had one look on the <strong>entire</strong> actual hierarchy as a whole (and not in three or four pictures) it would be easier to give an advice. I need the big picture, that's why in a case like this one I prefer remote control. I think that Jack should decide which method would/could be the easiest way to accomplish this herculean work ... </p>",Mapenzi,False,0,0
1781928,1549716,2025-11-25T14:31:53.381418Z,2025-11-25T14:31:53.381424Z,"<p>Good day Rick and Mapenzi, My thanks for your continuing support! Rick, I did open all the files and scanned them (several times because I'd miss one or two). Afterwards I condensed some of the files just so I could give you a better sense of the span of the profile. I didn't know whether to also trash files within the Inboxes that were empty, but I held off because I thought they may have had some purpose and simply been misplaced.  Mapenzi, that leads me to your point about the monumental task on your end of having to help reorganize a botched collection of 20 years of emails and given a microcosm sampling of the task at each step.  I do realize what a preposterous thing I've laid out.  But I'm also rather tenacious and will do what's necessary on my end to recover some semblance of history.  If it's feasible to assign me the task then I will get it done.  If it becomes a burden for either of you on your time commitments, I would absolutely understand without question.  This is the first time I've ever posted a question like this and it's quite possible it's way out of bounds. That being said, I welcome any further direction.  Continually grateful, Jack </p>",jorma12,False,0,0
1781929,1549716,2025-11-25T14:31:57.157012Z,2025-11-25T14:31:57.157018Z,<p>Understood. Thanks for your explanation. I do not know which approach I would take myself. </p>,mozilla98,False,0,0
1781930,1549716,2025-11-25T14:32:24.754291Z,2025-11-25T14:32:24.754301Z,<p>Understood. Thanks for your explanation. I do not know which approach I would take myself. </p>,mozilla98,False,0,0
1781938,1549628,2025-11-25T15:20:34.220926Z,2025-11-25T15:20:34.220936Z,<p>I wrote a long response that has not been posted. I do not know if it is being held for moderation. I will look for it on my computer later. </p>,mozilla98,False,0,0
1781947,1549628,2025-11-25T16:10:42.651982Z,2025-11-25T16:10:42.651991Z,"<p>I'll try again. </p> <blockquote>What am I supposed to change or add in the attached image? </blockquote> <p>I do not know what, if anything, you should change in the zone records. I'm assuming, at least for now, that they are correct. But I would like to see your MX records. Would you please use either cPanel or hPanel to show your zone records (as you did in the screen image), select MX records, and either share them in a screen image or type them? </p><p>Do you have reason to believe that you should change something in your zone records? </p><p>Our task from the beginning has been to ensure that Thunderbird is using the correct information for your incoming and outgoing servers. David suggested sharing that information right away, and I have asked you for that information twice. Would you please share the following information? </p><p>INCOMING SERVER Look in account settings &gt; Server Settings. Server type:  Server name:  Port:  User name: Don't share. Just make sure that it is your full e-mail address. Connection security:  Authentication method:  </p><p>OUTGOING SERVER Look in account settings &gt; click on account name &gt; click on ""Edit outgoing server"". Server name:  Port:  Connection security:  Authentiation method:  User name: Don't share. Just make sure that it is your full e-mail address. </p> <blockquote>finally they managed to get me in </blockquote> <p>Who or what managed to get you into what? </p> <blockquote>Thunderbird assumes automatically that the server is IMAP </blockquote> <p>Are you saying that an IMAP account in Thunderbird is receiving and sending messages? That would be very good news. </p><p>I can help you set up a POP account in Thunderbird. Please don't try to change your IMAP account. You have to create a new account in Thunderbird, set settings, and save your IMAP messages. Then you can delete the IMAP account and use just the POP account. </p>",mozilla98,False,0,0
1781956,1549716,2025-11-25T17:20:31.345145Z,2025-11-25T19:17:03.843774Z,"<p>Jack,  I can't tell you which of the two procedures, Rick's or mine, will be easier or faster. Mine would keep your old folder hierarchy as much as possible but as I told before there are probably a certain number of empty mbox files to create with TextEdit.  </p><p>Rick's plan seems to me simpler to accomplish and less dangerous, but I'd simplify it even more: • on your Desktop create a folder ad hoc and name i.e <strong>Restore.sbd</strong> • systematically <strong>copy</strong> (not move!) <strong>all mbox</strong> (message) files you can identify in the old profile folder - excepted the zero kB files but including those mbox files actually ""hidden"" in the .sbd folders - to the ""Restore.sbd"" folder. Probably you'll get a list of hundred or more mbox files.  • at the end of this procedure create an empty ""Restore"" text file with TextEdit.app • TB closed move the Restore.sbd folder together with the Restore mbox file to the .../Mai/Local Folders/ in the profile (folder) which you are actually working with.  • now when you start Thunderbird you should see all your old folders in Local Folders ... without the old structures I have done this in a little experiment : copied some mbox files from one account into a Restore.sbd folder and created an empty text file Restore with TextEdit.app, put both in the Local Folders of another profile folder and started the other  profile (it works &gt; see image) To know which is your actual profile you can start TB, go to Help &gt; Troubleshooting information &gt; Profiles &gt; about profiles (see picture) </p><p>Now you could examine in the folder pane all your old folders in the Local Folders, look up their contents and decide what you keep or what you can trash. At the end - if you want - you can create a new folder structure (hierarchy ) in the Local Folders. </p>",Mapenzi,False,0,0
1781957,1549716,2025-11-25T17:24:46.727967Z,2025-11-25T17:24:46.727975Z,<p>I was just thinking about such a staging area too! </p>,mozilla98,False,0,0
1782071,1549628,2025-11-26T06:42:39.759042Z,2025-11-26T06:42:39.759048Z,"<p>Rick said: I do not know what, if anything, you should change in the zone records. I'm assuming, at least for now, that they are correct. But I would like to see your MX records. Would you please use either cPanel or hPanel to show your zone records (as you did in the screen image), select MX records, and either share them in a screen image or type them? </p><p>Do you have reason to believe that you should change something in your zone records? </p><p>Henny: No I don't but I get conflicting messages from the helpdesk </p><p>Rick: Our task from the beginning has been to ensure that Thunderbird is using the correct information for your incoming and outgoing servers. David suggested sharing that information right away, and I have asked you for that information twice.  Henny: Sorry I might have missed that or misinterpreted it. Again, sorry for that.  </p><p>Rick: Would you please share the following information? </p><p>INCOMING SERVER Look in account settings &gt; Server Settings. Server type:  Server name:  Port:  User name: Don't share. Just make sure that it is your full e-mail address. Connection security:  Authentication method:  </p><p>Henny: Take a look at the attached image </p><p>OUTGOING SERVER Look in account settings &gt; click on account name &gt; click on ""Edit outgoing server"". Server name:  Port:  Connection security:  Authentiation method:  User name: Don't share. Just make sure that it is your full e-mail address. </p><p>""Henny""    finally they managed to get me in </p><p>Rick: Who or what managed to get you into what? </p><p>Henny: The helpdesk at hostinger managed to get me into my hPanel account (after more than a month) </p><pre>   Thunderbird assumes automatically that the server is IMAP </pre> <p>Rick: Are you saying that an IMAP account in Thunderbird is receiving and sending messages? That would be very good news. </p><p>Henny: No, Thunderbird automatically configures itself with IMAP as server settings. Still not able to receive messages while there is a whole bunch of them on the server </p><p>Rick: I can help you set up a POP account in Thunderbird. Please don't try to change your IMAP account. You have to create a new account in Thunderbird, set settings, and save your IMAP messages. Then you can delete the IMAP account and use just the POP account. </p><p>Henny: Well whatever works would be great,  </p><p>Probably I give too much information but I don't care, have had the same email address already for the last 25 years, and never had any breach (My passwords are really complicated) </p>",hennysavenije91,False,0,0
1782094,1549628,2025-11-26T08:35:21.166094Z,2025-11-26T08:35:21.166100Z,"<p>Alright, this is what hostinger says </p><p>Hello, </p><p>I’ve reviewed your account, and I can confirm that your nameserver, IP, and MX records are all correctly set up </p><p>based on your earlier messages: </p><pre>   Thunderbird is able to send emails successfully. </pre> <pre>   Eudora is still able to receive emails. </pre> <p>This indicates that Eudora’s POP3 connection is still active and successfully retrieving messages from the server. So, from the server side, mail is being delivered correctly, which aligns with the MX and nameserver settings being correct. If Eudora continues to use POP3, it will impact how Thunderbird displays incoming messages, even if Eudora is closed. </p><p>I understand this may not be the answer you were hoping for, but I want to assure you that your server is set up correctly. </p>",hennysavenije91,False,0,0
1782115,1549628,2025-11-26T13:09:56.918609Z,2025-11-26T13:09:56.918617Z,"<p>Hi Henny. </p><p>Thanks for all this information. I realize now that you did indeed share incoming server details in response to David's request early on. I had forgotten about that. I'm sorry that I made you do it again. Oh, man, now I also see that you posted outgoing server details on my request too. Double sorry. </p><p>I see two possible explanations for your not being able to receive messages in Thunderbird: </p> <ol><li> Eudora is running at the same time as Thunderbird and you do not leave messages on the server after they are retrieved. So the POP account in Eudora fetches all the new messages first, and there is nothing left for Thunderbird to fetch. But you said that there are many messages on the server, and your settings leave mail on the server for one day, so this explanation seems wrong. </li><li> Something is wrong in your incoming server settings. I believe that it is the port. Port 143 is used for unencrypted communication. You probably need port 993 instead. Would you please try that? </li></ol> <p>If that does not work, Hostinger should be able to review your settings now that they have authenticated you as the owner of the account. </p><p>I am hopeful about port 993. </p>",mozilla98,False,0,0
1782118,1549628,2025-11-26T13:21:43.846742Z,2025-11-26T13:21:43.846750Z,<p>You may also need to change connection security to SSL/TLS. </p><p>So: </p> <ol><li> Switch to SSL/TLS and port 993. </li><li> Close Eudora. </li><li> Send yourself a message. </li><li> Fetch new messages manually. </li><li> See if the new message is received. </li></ol>,mozilla98,False,0,0
1782123,1549628,2025-11-26T14:42:03.465378Z,2025-11-26T14:42:03.465385Z,"<p>I did something more rigorous, I deleted both accounts and set them up again, automatically, and see the images, I also looked here [[Automatic Account Configuration|<a href=""https://support.mozilla.org/en-US/kb/automatic-account-configuration"" rel=""nofollow"">https://support.mozilla.org/en-US/kb/automatic-account-configuration</a>]] <a href=""https://www.hostinger.com/support/4305847-set-up-hostinger-email-on-your-applications-and-devices/"" rel=""nofollow"">Set Up Hostinger Email on Your Applications and Devices</a> And I took a look here, and I noticed that you could also link your google account, which I did and now it becomes even more interesting (and yes, the port was set to 993 and connection security to ssl/tls)  </p><p>I sent an email from my yahoo account (which I had to set up thanks to the hostinger helpdesk, since I had to use an email address which I had never used before to proof that it was really me 😒😒)  </p><p>Thunderbird, doesn't download the messages, not even from the google account.  </p><p>I took a look at webmail, which I can do now from hPanel, the messages are there  </p><p>Finally I took a look at the firewall (microsoft windows 11) and tried again, still no joy.  </p><p>I am really at a loss. I am out of ideas, well, I could try one more thing deleting the accounts again and try to set them up manually but i doubt if that would make any difference, </p>",hennysavenije91,False,0,0
1782129,1549628,2025-11-26T15:12:00.243307Z,2025-11-26T15:12:00.243315Z,<p>Darn. </p><p>Does an error message appear? </p><p>What happens when you click on “Fetch certificate”? </p><p>Have you confirmed all your server settings with Hostinger? </p><p>Let us try a general troubleshooting step. </p><p>Close Eudora. </p><p>Start Windows in safe mode with networking. </p><p>Start Thunderbird in troubleshooting mode (under Help menu). </p><p>Test sending and receiving. </p>,mozilla98,False,0,0
1782144,1549628,2025-11-26T15:59:19.076701Z,2025-11-26T15:59:19.076708Z,"<p>No error messages, for a brief moment I saw in the google account 2 messages but then they were gone. If I click ""Fetch Certificate"" I get The certificate for <a href=""http://mail.henny-savenije.pe.kr"" rel=""nofollow"">mail.henny-savenije.pe.kr</a>:993 appears to be valid. The certificate for <a href=""http://imap.gmail.com"" rel=""nofollow"">imap.gmail.com</a>:993 appears to be valid. etc,  </p><p>Eudora has been closed the whole day.  </p><p>So I was trying to restart windows with networking but that didn't seem to work I had no network. I have windows 11 on a computer which isn't supported by microsoft but I don't know if that matters, for the rest it works fine.  </p><p>Again, if I test receiving (sending still works fine) I see at the bottom that it logs in, it says it's checking mail and that's it, but I think I have to sleep, it's nearing 1 AM and even though I am retired I have to get up and walk the dog (10 km) and do my daily routines </p>",hennysavenije91,False,0,0
1782175,1549628,2025-11-26T18:15:30.026525Z,2025-11-26T23:22:11.638873Z,"<p>Links to instructions, in case they help: </p><p>Start Windows in safe mode with networking enabled <a href=""https://support.microsoft.com/en-us/help/12376/windows-10-start-your-pc-in-safe-mode"" rel=""nofollow"">https://support.microsoft.com/en-us/help/12376/windows-10-start-your-pc-in-safe-mode</a> </p><p>Still In Windows safe mode, start Thunderbird in Troubleshoot Mode <a href=""https://support.mozilla.org/en-US/kb/troubleshoot-mode-thunderbird"" rel=""nofollow"">https://support.mozilla.org/en-US/kb/troubleshoot-mode-thunderbird</a> </p><p>Do you use anti-virus software other than Microsoft's? </p><p>If you cannot start Windows in safe mode with networking, can you temporarily disable Defender? </p><p>Do you use any add-ons in Thunderbird? </p>",mozilla98,False,0,0
1782275,1549628,2025-11-27T07:10:52.604773Z,2025-11-27T07:10:52.604779Z,"<p>The first link wasn't really helpful since those screens only show up if something really goes wrong with windows but I found another one and this time I was able to enter safe mode WITH networking, I did the trouble shooting mode, and still not fetching mail.  </p><p>I don't use any other antivirus program when I am in safe mode, defender is automatically disabled (at least I couldn't get into it, it only show a blank window, so I assume it isn't working.  </p><p>But also in ""normal"" mode, if I switch off defender, and switch to trouble shooting mode, nothing happens, isn't there an error log or something like that? </p><p>I do use add-ons but they are switched off in troubleshooting mode. (and most of them are dictionaries) but see the list, I could try to disable them all but in all honesty, I think the best thing to do is uninstall Thunderbird and reinstall it. (but then I will loose all my old imported mail, but I think I can live with that) I am not looking forward doing so though </p>",hennysavenije91,False,0,0
1782276,1549628,2025-11-27T07:13:11.309425Z,2025-11-27T07:13:11.309433Z,<p>I switched off all add-ons and that doesn't make any difference either </p>,hennysavenije91,False,0,0
1782332,1549628,2025-11-27T13:30:30.224112Z,2025-11-27T13:30:30.224119Z,"<p>Great News!! On another computer and another location, I also installed Thunderbird and guess what? It downloaded all 563 messages in one go. Alright, it's a simple setup, no add-ons no filters nothing, only one email address, so probably that means that at home too, I have to make a new setup </p>",hennysavenije91,False,0,0
1782333,1549628,2025-11-27T13:37:57.536973Z,2025-11-27T13:37:57.536978Z,"<em><p>henny <a href=""#answer-1782275"" rel=""nofollow"">said</a></p></em> <blockquote>The first link wasn't really helpful since those screens only show up if something really goes wrong with windows but I found another one and this time I was able to enter safe mode WITH networking, I did the trouble shooting mode, and still not fetching mail. </blockquote> <p>If you ran Thunderbird in troubleshooting mode when Windows was in safe mode with networking, and your account could still not receive messages, then we know that anti-virus software and Thunderbird add-ons are not causing the problem. </p> <blockquote>But also in ""normal"" mode, if I switch off defender, and switch to trouble shooting mode, nothing happens, isn't there an error log or something like that? </blockquote> <p>I am not aware of a general error log and I have not been able to find one. </p> <blockquote>I think the best thing to do is uninstall Thunderbird and reinstall it. (but then I will loose all my old imported mail, but I think I can live with that) I am not looking forward doing so though </blockquote> <p>It is unlikely that re-installing Thunderbird will help, but you could try it. Re-installing Thunderbird will not delete old imported mail because the application is separate from your data. Apparently, your old imported data is in local folders, right? That is why it survived your deletion of accounts earlier. </p><p>But make a back-up copy of your profile (or your whole drive) before continuing. It should be unnecesary, but it's good to do anyway. </p><p>What version of Thunderbird are you using now? </p><p>I am left with these ideas: </p> <ol><li> Show the activity manager (tools menu) and note what it says when you try to retrieve messages. </li><li> Confirm your MX records and incoming server settings with Hostinger. Maybe you've done this and I've overlooked it, but let's make sure. Reception problems are almost always a matter of settings. </li><li> Set up a POP account in Thunderbird and see if it behaves differently from your IMAP account. You will have to make sure that you are using the right settings. Again, I would ask Hostinger for them because your configuration is different from what is common in my experience, so the settings that I found for you may not be the right ones. To set up a POP account, start the usual process for creating a new account, but, after entering your e-mail address and password, click on ""configure manually"". </li><li> Try the settings that I found for both IMAP and POP accounts. Maybe you really should be using the standard settings. (If so, I cannot explain why the connection check with your current settings succeeds.) </li><li> Give yourself credit for working this hard and patiently on the problem. </li></ol>",mozilla98,False,1,0
1782336,1549628,2025-11-27T13:47:59.167620Z,2025-11-27T13:47:59.167628Z,"<em><p>henny <a href=""#answer-1782332"" rel=""nofollow"">said</a></p></em> <blockquote>Great News!! On another computer and another location, I also installed Thunderbird and guess what? It downloaded all 563 messages in one go. Alright, it's a simple setup, no add-ons no filters nothing, only one email address, so probably that means that at home too, I have to make a new setup </blockquote> <p>Good! </p><p>I should have asked about filters. Could it be that your main/home installation of Thunderbird is receiving messages after all, but they are getting filtered immediately? </p><p>Have you set your status bar to be visible so you can see what happens when Thunderbird connects to the server? And, as mentioned earlier, you might show the activity manager too. </p><p>Making a ""new set-up"" mostly means creating a new profile. You could also re-install Thunderbird. See discussion above. </p><p>To create a new profile: Help menu &gt; Troubleshooting information &gt; Application basics &gt; Profiles &gt; click on ""about:profiles"" &gt; click on ""create new profile"". </p><p>Then click on ""launch profile in new browser"" below your new profile and set up your account(s). </p>",mozilla98,False,0,0
1782691,1549628,2025-11-29T06:02:19.467178Z,2025-11-29T06:02:19.467183Z,"<ul><li> What version of Thunderbird are you using now? </li></ul> <p>145.0 (64-bit) </p> <ul><li> Show the activity manager (tools menu) and note what it says when you try to retrieve messages.  </li></ul> <p>The current operation on 'Inbox' did not succeed. The mail server for account <a href=""mailto:hennysavenije91@gmail.com"" rel=""nofollow"">hennysavenije91@gmail.com</a> responded: Could not parse command. But that seems only true for gmail. </p> <ul><li> Give yourself credit for working this hard and patiently on the problem. </li></ul> <p>Patience is my middle name. I do so many things that other people exclaim: I would have given up.  But give yourself credit too for the same reason </p> <ul><li> I should have asked about filters. Could it be that your main/home installation of Thunderbird is receiving messages after all, but they are getting filtered immediately? </li></ul> <p>I checked that too, but no, there is nothing </p> <ul><li> Have you set your status bar to be visible so you can see what happens when Thunderbird connects to the server? And, as mentioned earlier, you might show the activity manager too. </li></ul> <p>The activity manager is done, but I am not sure about the activity manager, is that the bar at the bottom of Thunderbird? If so, that is visible and tells me it's logging into the different accounts (sometimes, sometimes it just shows a blue line(?)  </p><p>I will reinstall it, as you said, the mail should still be there, but I am not too worried about that since it's all old mail from Eudora </p>",hennysavenije91,False,0,0
1782694,1549628,2025-11-29T06:25:20.784397Z,2025-11-29T06:25:20.784402Z,"<p>I reinstalled it but the result is the same, it has the same configuration as before, I uninstalled it again, and installed it on a different drive. THAT made it a new install and downloaded all the messages immediately </p>",hennysavenije91,False,0,0
1782723,1549628,2025-11-29T10:53:47.291773Z,2025-11-29T10:53:47.291781Z,"<p>I now start to wonder how to retrieve the mails from the previous installations, I also wonder if my problems had to do with this [<a href=""https://support.mozilla.org/en-US/questions/1228297|Migrate"" rel=""nofollow"">Eudora mail to Thunderbird mail</a>] </p>",hennysavenije91,False,0,0
1782756,1549628,2025-11-29T14:17:16.753124Z,2025-11-29T19:35:04.576210Z,"<em><p>henny <a href=""#answer-1782723"" rel=""nofollow"">said</a></p></em> <blockquote>I now start to wonder how to retrieve the mails from the previous installations, I also wonder if my problems had to do with this [<a href=""https://support.mozilla.org/en-US/questions/1228297|Migrate"" rel=""nofollow"">Eudora mail to Thunderbird mail</a>] </blockquote> <p>Correct link: <a href=""https://support.mozilla.org/en-US/questions/1228297"" rel=""nofollow"">https://support.mozilla.org/en-US/questions/1228297</a> </p><p>Another page that may be helpful: <a href=""http://kb.mozillazine.org/Thunderbird_:_Issues_:_Import_From_Eudora"" rel=""nofollow"">http://kb.mozillazine.org/Thunderbird_:_Issues_:_Import_From_Eudora</a> </p><p>I'm sorry that I do not know anything about migrating from Eudora. If you have specific questions, I may be able to help. </p>",mozilla98,False,1,0
1782757,1549628,2025-11-29T14:20:07.365731Z,2025-11-29T19:34:25.223648Z,"<em><p>henny <a href=""#answer-1782691"" rel=""nofollow"">said</a></p></em> <blockquote>The current operation on 'Inbox' did not succeed. The mail server for account [edited] @gmail.com responded: Could not parse command. But that seems only true for gmail. </blockquote> <p>And no such message for your other account? No error messages at all from your non-gmail account, right? </p> <blockquote>The activity manager is done, but I am not sure about the activity manager, is that the bar at the bottom of Thunderbird? If so, that is visible and tells me it's logging into the different accounts (sometimes, sometimes it just shows a blue line(?) </blockquote> <p>I'm not sure what you are referring to. Probably just a progress bar. </p>",mozilla98,False,0,0
1782758,1549628,2025-11-29T14:25:57.680803Z,2025-11-29T14:25:57.680809Z,"<em><p>henny <a href=""#answer-1782694"" rel=""nofollow"">said</a></p></em> <blockquote>I reinstalled it but the result is the same, it has the same configuration as before, I uninstalled it again, and installed it on a different drive. THAT made it a new install and downloaded all the messages immediately </blockquote> <p>I cannot explain why receiving messages works on a different drive but not your first one. Since you chose this as the solution, maybe you have enough information to accomplish what you need. </p>",mozilla98,False,0,0
1782759,1549628,2025-11-29T14:30:14.577083Z,2025-11-29T14:30:14.577088Z,"<em><p>henny <a href=""#answer-1782723"" rel=""nofollow"">said</a></p></em> <blockquote>I now start to wonder how to retrieve the mails from the previous installations </blockquote> <p>Do you mean messages stored in local folders? The general idea is simple: in the file system, not Thunderbird, copy (do not move) message folders from the local folders in your profile in previous installations to local folders in your profile in the new installation. Re-start Thunderbird. </p><p>Let's discuss more details when you are ready to try this. </p>",mozilla98,False,0,0
1782883,1549628,2025-11-30T05:01:09.128473Z,2025-11-30T05:01:09.128479Z,"<ul><li> I cannot explain why receiving messages works on a different drive but not your first one. Since you chose this as the solution, maybe you have enough information to accomplish what you need. </li></ul> <p>The only sensible explanation I can think of is that as long you install it on the same drive Thunderbird retrieves from somewhere the previous install. (most likely the registry, I checked and there are many references to Thunderbird, a few to the previous installation) So as long as you install it on the same drive, it will find the previous configuration. </p>",hennysavenije91,False,0,0
1782884,1549628,2025-11-30T05:14:26.261278Z,2025-11-30T05:14:26.261284Z,"<ul><li> Do you mean messages stored in local folders? The general idea is simple: in the file system, not Thunderbird, copy (do not move) message folders from the local folders in your profile in previous installations to local folders in your profile in the new installation. Re-start Thunderbird. </li></ul> <p>Let's discuss more details when you are ready to try this. </p><p>I am ready to do this, but first I have to find where the local folders of the present and the previous installations are. On the drive where I installed the present installations there are no local folders. I think I found the backup of the previous installation but I can't find where it installs them now. Ah, I saw that when you right-click the local folders in Thunderbird, there is settings and when you click that, you get the path to where they are stored (not where I expected them, preferably I don't want them on the c-drive since when windows crashes and you have to reinstall windows, they are gone) </p>",hennysavenije91,False,0,0
1782980,1549628,2025-11-30T13:52:34.205943Z,2025-11-30T13:52:34.205949Z,"<em><p>henny <a href=""#answer-1782883"" rel=""nofollow"">said</a></p></em> <blockquote><em>I cannot explain why receiving messages works on a different drive but not your first one. Since you chose this as the solution, maybe you have enough information to accomplish what you need.</em>  The only sensible explanation I can think of is that as long you install it on the same drive Thunderbird retrieves from somewhere the previous install. (most likely the registry, I checked and there are many references to Thunderbird, a few to the previous installation) So as long as you install it on the same drive, it will find the previous configuration. </blockquote> <p>Yes, this is a basic fact of Thunderbird. The application and the user profiles are stored in different locations. In most cases, a new installation of Thunderbird will use existing profiles. Some upgrades of Thunderbird create a new profile. </p> <blockquote> I am ready to do this, but first I have to find where the local folders of the present and the previous installations are. On the drive where I installed the present installations there are no local folders. I think I found the backup of the previous installation but I can't find where it installs them now. Ah, I saw that when you right-click the local folders in Thunderbird, there is settings and when you click that, you get the path to where they are stored (not where I expected them, preferably I don't want them on the c-drive since when windows crashes and you have to reinstall windows, they are gone) </blockquote> <p>Let's review the situation. You could not receive messages in Thunderbird on Drive 1. We were not able to fix that problem. You installed Thunderbird on Drive 2 and created a new profile there. Messages are received on Drive 2. Now you want to make Drive 2 your main/only installation of Thunderbird. So you want to transfer messages that were stored locally on Drive 1 to your profile on Drive 2. </p><p>Is that right? </p><p>If so, I would first compare the incoming server settings of the accounts on the two drives. There may be some difference that explains why one installation receives messages and the other one does not. </p><p>Find your profiles by opening Thunderbird &gt; Help menu &gt; Troubleshooting information &gt; look for ""Profile folder"" in the left column of the first table &gt; click on ""Show in ..."" next to it. </p><p>Find the Mail/Local Folders folder in Profile 1 (on Drive 1). Copy (do not move) to an external drive or staging area on your internal drive all the sbd folders and all the files that have the same name as an .msf file. You do not have to copy the .msf files or the mozmsgs folders. </p><p>When you believe that you have all your locally stored mail in the staging area, copy all the folders and files from the staging area to Mail/Local Folders in Profile 2. </p><p>Re-start Thunberbird on Drive 2. Thunderbird will need some time to re-index your mbox files. </p><p>Let me know how it went. </p>",mozilla98,False,0,0
1783001,1549628,2025-11-30T16:27:11.644315Z,2025-11-30T16:27:11.644320Z,"<p>The difference is quite striking, on disk 2 (E:) (although all the profiles are stored on C:) under mail, I only find ""local folders"" with what you see in de first image, but what I guess in one of the other profiles (there are a few) I see what I think is disk 1 (D:) what you see in the ""local folders"" directory in image 2 but under mail if find a whole lot more directories (image 3) maybe the result of trying to set up different profiles, they just contain the standard mail boxes (image 4) As you can also see the working installation doesn't have any sub directories (or folders, when I started working with computers [1984] these were called directories, now folders?) so I am unsure if I am looking at the right thing but this opened when I clicked the link you mentioned, </p>",hennysavenije91,False,0,0
1783042,1549628,2025-11-30T19:14:19.915116Z,2025-11-30T19:14:19.915124Z,"<p>Would you please confirm or correct my understanding of the current situation in my last message? </p><p>I thought that we were just trying to help you receive messages. Now I see that your installation is quite messy. You say that you have many profiles. (Do you really? See below.) In one profile, the same account is set up thirteen times. I cannot understand much else from your description. You will want to understand what you have and maybe clean it up before we proceed. </p><p>I suggest that we go one step at a time and stay together. </p><p>If you have not made a back-up copy of the Thunderbird folder/directory that holds your profiles lately, you should do that now. </p><p>Then, you're going to have to take an inventory of your profiles. In Thunderbird, under the Help menu, select ""Troubleshooting info"". On the next screen, scroll down in the first table until you see ""Profiles"". Click on ""about:profiles"" next to it. </p><p>You will then see information about all your profiles. To learn about each one, you can do two things: </p> <ul><li> Launch it and see what messages are in it. </li><li> Click on ""Show in [...]"" in the <strong>root directory</strong> row of each profile. </li></ul> <p>I suggest that you take these steps for each profile, catalogue your profiles, and determine which ones have messages in them that you want to keep, which ones you can safely delete, and which, if any may be usable. Using an existing profile would be better than creating a new one and transferring all your messages, as long as that profile is in good shape. </p><p>Or maybe you don't have many profiles at all because you may be using ""profile"" to mean ""e-mail account"". Are you? </p><p>Let's make sure we are using the right terms so we can understand each other. A <strong>profile</strong> contains all the files specific to a Thunderbird user: IMAP folders, POP inbox, local folders, smart searches, message filters, passwords, et cet. It can have many e-mail <strong>accounts</strong> in it. A user can have many profiles, but use only one at a time. For most users, there is no reason to have more than one profile. </p><p>Now, how many profiles do you have? </p><p>Is the profile that has thirteen copies of your account the one that we have been trying to get to receive messages? </p><p>Do you know why there are so many copies of the account? </p><p>(Microsoft has preferred ""directory"". Apple has preferred ""folder"". I don't know, but I have the impression that ""folder"" is becoming more common in Windows now. I use a Mac.) </p>",mozilla98,False,0,0
1783145,1549628,2025-12-01T10:45:13.728655Z,2025-12-01T10:47:45.900866Z,"<em><p>Rick <a href=""#answer-1783042"" rel=""nofollow"">said</a></p></em> <blockquote>Would you please confirm or correct my understanding of the current situation in my last message?</blockquote> <p>Of course I understood </p> <blockquote>I thought that we were just trying to help you receive messages. Now I see that your installation is quite messy. You say that you have many profiles. (Do you really? See below.) In one profile, the same account is set up thirteen times. I cannot understand much else from your description. You will want to understand what you have and maybe clean it up before we proceed.  I suggest that we go one step at a time and stay together.</blockquote> <p>Of course, NOW I have only ONE profile, I see in the older situation there was something amiss.  </p><p>Alright, I was just trying to understand and also let you know what I found </p> <blockquote>If you have not made a back-up copy of the Thunderbird folder/directory that holds your profiles lately, you should do that now.</blockquote> <p>Done </p> <blockquote>Then, you're going to have to take an inventory of your profiles. In Thunderbird, under the Help menu, select ""Troubleshooting info"". On the next screen, scroll down in the first table until you see ""Profiles"". Click on ""about:profiles"" next to it.  You will then see information about all your profiles. To learn about each one, you can do two things:  <ul><li> Launch it and see what messages are in it.</li></ul></blockquote>  I am not sure what you mean with launch it, launch it with what? if I do right click I get all kind of options but launch is not one of them, ""open with"" however is  <blockquote>* Click on ""Show in [...]"" in the <strong>root directory</strong> row of each profile.</blockquote> <p>Same here, ""show in "" is not one of the options at least not with explorer,  </p> <blockquote>I suggest that you take these steps for each profile, catalogue your profiles, and determine which ones have messages in them that you want to keep, which ones you can safely delete, and which, if any may be usable. Using an existing profile would be better than creating a new one and transferring all your messages, as long as that profile is in good shape.</blockquote> <p>I tried to open a few of the files with notepad in the subdirectories of ""local folders"" in the p3wbjq3d.default-release (which looks like the one I have been using the last time before this installation) and those files look like gibberish,  </p> <blockquote>Or maybe you don't have many profiles at all because you may be using ""profile"" to mean ""e-mail account"". Are you?</blockquote> <p>I think we are talking about different things, I was just looking at the folders ""directories"" which I think were previous profiles (I have no idea how Thunderbird organizes things but to me it looks like profiles)  </p> <blockquote>Let's make sure we are using the right terms so we can understand each other. A <strong>profile</strong> contains all the files specific to a Thunderbird user: IMAP folders, POP inbox, local folders, smart searches, message filters, passwords, et cet. It can have many e-mail <strong>accounts</strong> in it. A user can have many profiles, but use only one at a time. For most users, there is no reason to have more than one profile.</blockquote> <p>Understood </p> <blockquote>Now, how many profiles do you have?</blockquote> <p>In my present situation only one, in the older one, obviously also one. &lt;/blockquote&gt; </p> <blockquote>Is the profile that has thirteen copies of your account the one that we have been trying to get to receive messages?</blockquote> <p>Yes, and as far as I can see, this: C:\Users\Henny\AppData\Roaming\Thunderbird\Profiles\p3wbjq3d.default-release\Mail\Local Folders is what I need, the rest could be deleted,  </p> <blockquote>Do you know why there are so many copies of the account?</blockquote> <p>I think because in that installation we tried to solve the email getting problem and I deleted and  </p> <blockquote>(Microsoft has preferred ""directory"". Apple has preferred ""folder"". I don't know, but I have the impression that ""folder"" is becoming more common in Windows now. I use a Mac.) </blockquote> <p>Ah, now I understand why we are using different terminology, I think ""launch"" and ""show"" belong in the same category.  </p><p>I see thunderbird has the option import/export after deleting the subdirectories the import went smoothly, I had some tidying up to do and transfer messages to existing local folders and move the ones which didn't exist before but that was a breeze, thanks a lot for your help and patience (see first two images) </p><p>However I have one more problem with my installation on my other computer (in another location)  </p><p>The top bar (see image 3) is unresponsive. Whatever I click there, nothing happens, I can't even close Thunderbird in that way, I tried to find a solution in the helpfiles but only the F11 command comes up and that's not applicable. There might be something in the (in Mozilla firefox we would call that the :about page) which I did find in the other location (and here I can't) but that's so technical that I fail to understand it, is there  anything I miss doing? </p>",hennysavenije91,False,0,0
1783193,1549628,2025-12-01T14:41:20.345779Z,2025-12-01T14:41:20.345784Z,"<p>Good morning, Henny. </p><p>I will start with the most important things, then respond to the rest: How is your new profile working? Can you send and receive messages? How many accounts are in it? </p><p>I do not know why your unified toolbar is unresponsive. I suspect that one of your many add-ons may cause that problem. See if the toolbar is responsive in troubleshooting mode (under the Help menu). </p><p>Now for the rest  …  </p><p>I wrote: ""Would you please confirm or correct my understanding of the current situation in my last message?"" </p><p>You responded: ""Of course I understood"". But I was asking you to tell me if <strong>I</strong> understood correctly. </p><p>I had suggested that ""we go one step at a time and stay together."" I would not have suggested importing an old profile into a new one. Importing a profile may have imported problems. </p> <blockquote> Alright, I was just trying to understand and also let you know what I found </blockquote> <p>That's fine. The more information, the better. </p> <blockquote>I am not sure what you mean with launch it, launch it with what? [...] ""show in"" is not one of the options </blockquote> <p>My directions would have guided you to ""launch"" and ""show"": </p> <blockquote>In Thunderbird, under the Help menu, select ""Troubleshooting info"". On the next screen, scroll down in the first table until you see ""Profiles"". Click on ""about:profiles"" next to it. </blockquote> <blockquote>I think we are talking about different things, I was just looking at the folders ""directories"" which I think were previous profiles (I have no idea how Thunderbird organizes things but to me it looks like profiles) </blockquote> <p>In the file system, profiles are at the top level of the ""Profiles"" directory. </p>",mozilla98,False,0,0
1783341,1549628,2025-12-02T08:28:10.931685Z,2025-12-02T08:28:10.931691Z,"<em><p>Rick <a href=""#answer-1783193"" rel=""nofollow"">said</a></p></em> <blockquote>Good morning, Henny.</blockquote> <p>I don't know where you reside but I live in South-Korea and received this message when I was about to go to bed, nevertheless, good morning to you too 😁 </p> <blockquote>I will start with the most important things, then respond to the rest: How is your new profile working? Can you send and receive messages? How many accounts are in it?</blockquote> <p>To begin with, it works like a charm (almost like Eudora before I had the problems) Now I am not sure what you mean with accounts but I have only one profile and three email addresses, after all, I only imported the mail, not the rest as you could see from the images in the previous post. </p> <blockquote>I do not know why your unified toolbar is unresponsive. I suspect that one of your many add-ons may cause that problem. See if the toolbar is responsive in troubleshooting mode (under the Help menu).</blockquote> <p>Yes, that was one of the first things I tried and it remains unresponsive I might try to uninstall the add-ons but I think that will make no difference either, since the minimize and close program buttons are not accessible either.  </p><p>Now for the rest  …  </p> <blockquote>I wrote: ""Would you please confirm or correct my understanding of the current situation in my last message?""  You responded: ""Of course I understood"". But I was asking you to tell me if <strong>I</strong> understood correctly.</blockquote> <p>😒 One of the many problems in communications in general, I read too fast and misinterpret things, my bad and sorry for that.   </p> <blockquote>I had suggested that ""we go one step at a time and stay together."" I would not have suggested importing an old profile into a new one. Importing a profile may have imported problems.</blockquote> <p>Yes, but I think I wanted this done since it took me already so much time, and I think this was the sollution to import only the mail, which is what I wanted. Not the other profiles </p> <blockquote>My directions would have guided you to ""launch"" and ""show"":</blockquote> <p>I may have misread again, but there were no options like that,  </p> <blockquote>In Thunderbird, under the Help menu, select ""Troubleshooting info"". On the next screen, scroll down in the first table until you see ""Profiles"". Click on ""about:profiles"" next to it. </blockquote> <p>alright, see image 1 </p><p>Ah, and now I see launch, but then it asks me to close thunderbird well, it's moot point, I think I can delete all those old profiles, I have all the mail I need and both installations work fine (except for  unified toolbar)  </p><p>but I see you can't help me with that (understandable, different operating system) Thanks for all the help, at least I know now that the unified toolbar is called, didn't know that after working with computers since 1984 😊 </p>",hennysavenije91,False,0,0
1783363,1549628,2025-12-02T14:08:14.864979Z,2025-12-02T14:08:14.864984Z,"<blockquote>To begin with, it works like a charm (almost like Eudora before I had the problems) Now I am not sure what you mean with accounts but I have only one profile and three email addresses, after all, I only imported the mail, not the rest as you could see from the images in the previous post. </blockquote> <p>Good! </p><p>Each e-mail address represents one account. Your original problem could have had something to do with the many duplicate accounts that you had. That is only a guess. I have no specific hypothesis. In any case, it's good that you did not import accounts. I overlooked that in your screenshot. </p><p>I was also worried about add-ons. Apparently, the import process imported your add-ons too. I still wonder if they are causing problems with your unified toolbar. So I wanted to install add-ons one at a time in your new profile. </p> <blockquote>both installations work fine (except for unified toolbar) but I see you can't help me with that (understandable, different operating system) </blockquote> <p>I doubt that the difference in operating system matters. I suggest that you start a new discussion about that problem. More people will see it and, I hope, respond. </p><p>Good work, Henny. It's been good working with you. </p>",mozilla98,False,0,0
1783524,1549628,2025-12-03T10:26:04.308077Z,2025-12-03T10:26:04.308082Z,<p>It was a pleasure working with you too. </p>,hennysavenije91,False,0,0
1789361,1549605,2025-12-27T14:33:48.697030Z,2025-12-27T14:33:48.697034Z,"<p>Adele, are you still seeing a problem? </p>",wsmwk,False,0,0
1789378,1549605,2025-12-27T15:13:09.973121Z,2025-12-27T15:13:09.973128Z,"<p>Hi Wayne - Merry Christmas :)  The problem persists!  We tried installing the very latest version of Thunderbird, used the Reset Folder Option and it did not fix the problem.   I can drag some of them to where they should be, but not all, new sub sub folders are inserted randomly - sometimes correctly - into the list, and now creating new sub folders in the main Local Folders list are also filed wrongly.  My Mac is 2018, so perhaps this is just decrepitude setting in! Ongoing conversations with over a thousand clients and having to scroll through lists to find them is making my working life borderline impossible!  I did some grunt work and split them into smaller alphabetized folders (a-c, d-f etc) to make searching easier but it's not exactly a long term fix. Adele </p>",adele7,False,0,0
1790041,1549666,2025-12-30T09:57:09.640758Z,2025-12-30T09:57:09.640766Z,<p>I have the same problem with the exception that the password is not recognised. Even when the correct password is entered the problem persists </p>,mjward,False,0,0
