id,question_id,created,updated,content,creator,is_spam,num_helpful,num_unhelpful
1764444,1535750,2025-09-15T08:41:15.304122Z,2025-09-15T08:41:15.304128Z,"<p>Non so esattamente cosa tu abbia fatto ma Il server di posta in ingresso ed il server di posta in uscita sono due entità separate in Thunderbird. Vanno configurati entrambi </p><p>Vedi ad esempio questa guida <a href=""https://support.mozilla.org/it/kb/configurazione-manuale-account"" rel=""nofollow"">https://support.mozilla.org/it/kb/configurazione-manuale-account</a> </p>",'@next,False,0,0
1764446,1535752,2025-09-15T08:51:54.450418Z,2025-09-15T08:51:54.450426Z,<p>Tipo quali? Te lo chiedo perché di solito Oauth2 viene abilitato automaticamente se il server indicato dichiara di supportarlo. </p>,'@next,False,0,0
1764450,1535758,2025-09-15T09:23:24.304161Z,2025-09-15T09:23:24.304166Z,<p>is there a question here? </p>,MattAuSupport,False,0,0
1764468,1535757,2025-09-15T11:04:34.226999Z,2025-09-15T11:04:34.227009Z,<p>try this:  - click help&gt;troubleshootinginformation - scroll down to 'profiles' an click 'about:profiles - your old profile should be there. click the launch button for it </p>,davidsk,False,1,0
1764469,1535752,2025-09-15T11:19:10.367341Z,2025-09-15T11:19:10.367346Z,<p>ad esempio se uso dovecot + Keycloak  come IDP non riusciamo a farci accettare. </p>,cicciociccio,False,0,0
1764485,1535752,2025-09-15T12:28:58.636276Z,2025-09-15T12:28:58.636285Z,"<p>In teoria se il mailserver è configurato per usare Oauth2, quando Thunderbird lo contatta in fase di configurazione dovrebbe ottenere una stringa di conferma. Questa dovrebbe attivare a sua volta la possibilità di usare Oauth2 nelle finestre di configurazione. Nella pratica questo approccio sembra funzionare solo su un ristretto numero di provider. </p><p>Se sei certo che lato server sia tutto configurato correttamente, prova aprire una segnalazione di bug -&gt; <a href=""https://bugzilla.mozilla.org"" rel=""nofollow"">https://bugzilla.mozilla.org</a> </p><p>Il problema sembra comunque già noto -&gt; <a href=""https://www.dnorth.net/2024/12/26/thunderbird-oauth2/"" rel=""nofollow"">https://www.dnorth.net/2024/12/26/thunderbird-oauth2/</a> -&gt; <a href=""https://bugzilla.mozilla.org/show_bug.cgi?id=1602166"" rel=""nofollow"">https://bugzilla.mozilla.org/show_bug.cgi?id=1602166</a> per cui puoi anche accodarti alla segnalazione già aperta. </p><p>Se vuoi semplicemente suggerire questa funzionalità puoi farlo qui -&gt; <a href=""http://connect.mozilla.org/t5/ideas/idb-p/ideas"" rel=""nofollow"">connect.mozilla.org/t5/ideas/idb-p/ideas</a> </p>",'@next,False,0,0
1764488,1535772,2025-09-15T12:34:47.325649Z,2025-09-15T12:34:47.325656Z,"<p>Domanda duplicata -&gt; <a href=""https://support.mozilla.org/it/questions/1535762"" rel=""nofollow"">https://support.mozilla.org/it/questions/1535762</a> </p>",'@next,False,0,0
1764489,1535762,2025-09-15T12:35:36.995799Z,2025-09-15T12:35:36.995806Z,"<p>Per poter inquadrare il problema prova a fornire queste informazioni: </p> <ol><li> Versione di Thunderbird </li><li> Versione del sistema operativo </li><li> Provider delle caselle email (Gmail, Libero, Hotmail, etc.) </li><li> Tipologia di account (POP3, IMAP) </li><li> Estensioni installate </li><li> Messaggi di errore che vengono visualizzati durante l'utilizzo di Thunderbird </li><li> Software di sicurezza eventualmente presenti (Antivirus e simili) </li><li> Screenshot del problema (se utile a chiarire il contesto) </li></ol> <p>Su iPhone usi IMAP o POP3? Hai un backup recente di Thunderbird? </p>",'@next,False,0,0
1764493,1535769,2025-09-15T12:38:35.710104Z,2025-09-15T12:38:35.710111Z,"<p>Per poter inquadrare il problema prova a fornire queste informazioni: </p> <ol><li> Versione di Thunderbird </li><li> Versione del sistema operativo </li><li> Provider delle caselle email (Gmail, Libero, Hotmail, etc.) </li><li> Tipologia di account (POP3, IMAP) </li><li> Estensioni installate </li><li> Messaggi di errore che vengono visualizzati durante l'utilizzo di Thunderbird </li><li> Software di sicurezza eventualmente presenti (Antivirus e simili) </li><li> Screenshot del problema (se utile a chiarire il contesto) </li></ol>",'@next,False,0,1
1764498,1535773,2025-09-15T13:11:36.878294Z,2025-09-15T13:11:36.878301Z,"<p>Did you miss the ideas and feedback link on the help menu? </p><p>It looks like this was implemented 17 years ago <a href=""https://bugzilla.mozilla.org/show_bug.cgi?id=429061"" rel=""nofollow"">https://bugzilla.mozilla.org/show_bug.cgi?id=429061</a>  so has it broken again? I filed this one 10 years ago.  Fixed in V89 <a href=""https://bugzilla.mozilla.org/show_bug.cgi?id=1237571"" rel=""nofollow"">https://bugzilla.mozilla.org/show_bug.cgi?id=1237571</a> This is more recent <a href=""https://bugzilla.mozilla.org/show_bug.cgi?id=1920710"" rel=""nofollow"">https://bugzilla.mozilla.org/show_bug.cgi?id=1920710</a>  but also more specific and also fixed in 138. </p><p>It apparently still has issues with proxies <a href=""https://bugzilla.mozilla.org/show_bug.cgi?id=442913"" rel=""nofollow"">https://bugzilla.mozilla.org/show_bug.cgi?id=442913</a> </p>",MattAuSupport,False,0,0
1764503,1535773,2025-09-15T13:24:38.855413Z,2025-09-15T13:24:38.855423Z,"<p>Help menu where? Sorry I am new. </p><p>If this was fixed, then it might be an isolated issue regarding the calendar or just this particular version of Thunderbird. </p><p>Can you try to import this calendar: webcal://www.india.gov.in/calendar/2025/export.ics </p>",admin616,False,0,0
1764506,1535757,2025-09-15T13:34:06.400070Z,2025-09-15T13:34:06.400077Z,"<p>Thank you, David.  I can get this far.  How do I launch my profile  ? </p>",colan,False,0,0
1764511,1535794,2025-09-15T13:51:35.323013Z,2025-09-15T13:51:35.323022Z,"<p>Arrivano dopo ora nella tua webmail o Thunderbird le scarica dopo ore? Inoltre, Per poter inquadrare il problema prova a fornire queste informazioni: </p> <ol><li> Versione di Thunderbird </li><li> Versione del sistema operativo </li><li> Provider delle caselle email (Gmail, Libero, Hotmail, etc.) </li><li> Tipologia di account (POP3, IMAP) </li><li> Estensioni installate </li><li> Messaggi di errore che vengono visualizzati durante l'utilizzo di Thunderbird </li><li> Software di sicurezza eventualmente presenti (Antivirus e simili) </li><li> Screenshot del problema (se utile a chiarire il contesto) </li></ol>",'@next,False,0,0
1764512,1535782,2025-09-15T13:54:09.456494Z,2025-09-15T13:54:09.456500Z,"<ul><li> <strong>Odpověď od AI:</strong> </li></ul> <p>Tohle je čerstvý problém, který se objevuje právě v novějších verzích Thunderbirdu (141/142) při ukládání mailů na **síťové disky (SMB share)**. Stará verze 139 funguje, protože ještě používala „klasické“ načítání souborů, zatímco novější už mají změny v zabezpečení přístupu k souborům. </p><p>--- </p> <ol><li><ol><li><ol><li> Co se děje: </li></ol> </li></ol> </li></ol> <ul><li> Thunderbird od verze 141 používá **nový sandbox a jiný způsob práce se souborovým systémem** (stejně jako Firefox). </li><li> Síťové cesty typu `\\server\share\...` nebo mapované disky přes SMB nejsou vždy plně dostupné → po otevření se mail načte „prázdný“. </li><li> Není to bug ve vašich datech, ale omezení/změna v nové verzi. </li></ul> <p>--- </p> <ol><li><ol><li><ol><li> Možná řešení: </li></ol> </li></ol> </li></ol> <p>1. **Upravit nastavení sandboxu (dočasné řešení)** </p><pre>  * Zavřete Thunderbird.   * Najděte konfigurační soubor `prefs.js` v profilu, nebo otevřete Thunderbird → **Nástroje → Možnosti → Upřesněné → Editor nastavení (about\:config)**.   * Nastavte: </pre> <pre>    * `security.sandbox.content.level` → `0` (vypne sandbox).   * Restartujte Thunderbird.     ⚠ Nevýhoda: snížená bezpečnost, ale ověří, že je problém skutečně v sandboxu. </pre> <p>2. **Použít místní disk** </p><pre>  * Pokud je to možné, ukládat poštu na lokální disk (např. `C:\MailArchive`) a až pak zálohovat na SMB.   * To je spolehlivé, ale nemusí vyhovovat, pokud má být archiv sdílený. </pre> <p>3. **Symlink/Mapování disku** </p><pre>  * Někdy pomůže, když místo UNC cesty (`\\server\share\...`) použijete **mapovaný disk** (např. `Z:\MailArchive`).   * Ale v některých případech ani to nefunguje, záleží na verzi Windows a typu SMB. </pre> <p>4. **Sledovat bugreporty** </p><pre>  * Na Bugzille Mozilly už se to řeší – vývojáři o problému vědí, ale zatím není oficiální fix.   * Řešení bude pravděpodobně v některé z příštích verzí ESR/Thunderbirdu. </pre> <p>--- </p><p>👉 Doporučený postup: Pro běžné používání bych zkusil **mapovaný disk** a zároveň v `about:config` snížit sandbox na `0`. Pokud to problém vyřeší, je jasné, že jde o restrikci sandboxu. </p><p>--- </p>",poljos-moz,False,0,0
1764519,1535757,2025-09-15T14:30:16.605365Z,2025-09-15T14:30:16.605371Z,<p>My error. I had inferred that an update hid your profile. Please provide more information on how you lost the profile. Thanks. </p>,davidsk,False,1,0
1764527,1535757,2025-09-15T14:52:47.187576Z,2025-09-15T14:52:47.187583Z,"<p>Quite simply, I opened Thunderbird as usual yesterday, from my desktop icon-  and this is what appeared; </p>",colan,False,0,0
1764532,1535818,2025-09-15T15:12:44.180982Z,2025-09-15T15:12:44.180992Z,"<p>The fact that the same accounts work on a different computer tells us the problem is specific to your Thunderbird installation or your computer's security settings. The program is getting stuck trying to get past the initial connection. </p><p>Check Your Antivirus and Firewall </p><p>This is the most frequent cause of this issue. Your security software may be intercepting or blocking Thunderbird's connection, causing it to freeze. </p><p>Temporarily Disable. Try briefly disabling your antivirus and firewall, and then restart Thunderbird to see if it can connect. </p><p>Create an Exception. If the connection works with the antivirus off, you need to go into your security software's settings and find a way to add an exception or ""whitelist"" for the Thunderbird application. This will allow it to communicate freely without being blocked. </p>",norhorn,False,0,0
1764539,1535757,2025-09-15T15:40:00.057730Z,2025-09-15T15:40:00.057738Z,"<p>Ok, try this next:  - click help&gt;troubleshootinginformation - scroll down to 'profile folder'  and click 'open folder' - exit thunderbird - you are in the active profile here in windows file explorer - back up one folder so that you are in the appdata\roaming\thunderbird\profiles folder  - you should see more than one profile in that folder: your active one and prior one  - assuming there is more than one, click to the one that is NOT your active one - then, to see if it contains your account, click either the imapmail or mail folder.  - if you see your account, you have found the folder. report back and we'll go from there </p>",davidsk,False,0,0
1764540,1535814,2025-09-15T15:47:28.574878Z,2025-09-15T15:47:28.574884Z,"<p>Translation: <em>Considering dropping Microsoft 365 in favor of LibreOffice and Thunderbird, both of which are free and work fine. I want to know if anyone using Thunderbird can have emails translated automatically or by right-clicking and selecting translate, as is possible in Outlook. I find it cumbersome to have to copy the text to get it translated. Thank you in advance for the answer.</em> </p><p>There is no builtin translation feature, but there is an addon:  <a href=""https://addons.thunderbird.net/en-US/thunderbird/addon/web_translate/"" rel=""nofollow"">https://addons.thunderbird.net/en-US/thunderbird/addon/web_translate/</a>  that does this. </p>",davidsk,False,0,0
1764542,1535814,2025-09-15T15:51:11.425274Z,2025-09-15T15:51:11.425280Z,"<p>Hey Davis.  Lyder godt, men hvordan tilføjer jeg den i Thunderbird. </p>",bn1,False,0,0
1764543,1535754,2025-09-15T15:51:27.931810Z,2025-09-15T15:51:27.931816Z,"<p>First, I, personally, do not have the answer. But, your error is often due to incorrect setup of the account, possibly the connection or authentication or port number. This can also be affected by antivirus or a VPN. if you post a screenshot of the account's incoming and outgoing server settings pane, someone here may have suggestions.  Thank you. </p>",davidsk,False,0,0
1764547,1535814,2025-09-15T15:59:04.521500Z,2025-09-15T15:59:04.521507Z,"<p>- click the hamburger menu in upper right:  (three horizontal stacked lines) - click 'addons&amp;themes' - click 'extensions' on left side of not already highlighted - in search bar, enter  webtranslate  - when that screen comes up, click the 'add' button  - once installed, it will appear in that pane. there may be options and you can review them there.  </p><p>NOTE: Addons are maintained by individual developers and not by Thunderbird staff. Whenever upgrading Thunderbird, be aware that the addons you use may not have been updated yet for latest version. So it's always helpful to check websites for each addon prior to accepting a thunderbird update. </p>",davidsk,False,0,0
1764554,1535818,2025-09-15T16:15:56.679711Z,2025-09-15T16:15:56.679721Z,"<p>Disabling AVG anti virus doesn't help.  No firewall that I know of. Connection to internet is ""use system proxy settings"".  Been that way for more than 10 years. </p><p>This computer was turned off for a week as I was out of town. </p><p>When I turned it on yesterday, I got the described ""freeze"". </p><p>Pressing the ""get mail"" button briefly shows ""connecting to <a href=""http://inbound.att.net"" rel=""nofollow"">inbound.att.net</a>"" then ""connected to <a href=""http://inbound.att.net"" rel=""nofollow"">inbound.att.net</a>"". </p>",alphonsobellinni,False,0,0
1764556,1535818,2025-09-15T16:21:55.621688Z,2025-09-15T16:21:55.621696Z,<p>Just had a similar issue and it turned out that while away with everything turned off it had decided to change the incoming server settings! changed them back and all now fine </p>,charlie14,False,0,0
1764558,1535814,2025-09-15T16:29:22.812006Z,2025-09-15T16:29:22.812013Z,"<p>Ok kan se jeg alerede hra web Translate og Webdav, men dwer skal jeg kopier teksten ind for at få en oversættelse. Det jeg gerne vil have er er jeg kan få en automatisk oversættelse eller højre klikke og trykke oversæt. </p>",bn1,False,0,0
1764559,1535818,2025-09-15T16:29:26.535002Z,2025-09-15T16:29:26.535007Z,<p>Wish it was that simple.  Checked server settings and they have not changed. Re-entered them just to make sure.  No luck. </p>,alphonsobellinni,False,0,0
1764561,1535824,2025-09-15T16:31:07.707579Z,2025-09-15T16:31:07.707587Z,"<p>Ci vorrebbe qualcuno che abbia un Mac (e non è il mio caso). Se non ricevi altre risposte prova a chiedere su <a href=""https://forum.mozillaitalia.org/"" rel=""nofollow"">https://forum.mozillaitalia.org/</a> </p>",'@next,False,0,0
1764562,1535818,2025-09-15T16:33:02.564226Z,2025-09-15T16:33:02.564232Z,"<p>1. Check Your Computer's Date and Time </p><p>If your computer was off for a week, its internal clock might be slightly out of sync. Look at the clock in the bottom right-hand corner of your screen. Make sure the date, time, and year are completely accurate. </p><p>2. Repair the Incoming Mail Folder </p><p>Your computer is able to connect to the server, but it seems to get stuck right before downloading messages. This often happens if the local index file for your email folder gets corrupted. </p><p>In the left-hand panel of Thunderbird, right-click on your email inbox. From the menu, select Properties. Click the ""Repair Folder"" button. This will rebuild the folder's index. Restart Thunderbird and see if it can now download mail. </p><p>3. Change Your Server Security Settings </p><p>Even though your settings have worked for years, your email provider (AT&amp;T) may have recently updated the security protocol on their server. Your Thunderbird installation may need to be updated to match. </p><p>Go to Tools &gt; Account Settings. On the left, select Server Settings under your AT&amp;T email account. Look for the setting that says Connection Security. If it is set to SSL/TLS, try changing it to STARTTLS. If it is already set to STARTTLS, try changing it to SSL/TLS. </p><p>Click OK and restart Thunderbird. </p>",norhorn,False,0,0
1764563,1535814,2025-09-15T16:33:06.909329Z,2025-09-15T16:33:06.909335Z,"<p>You need to experiment with using the addon. The addon page may give information on doing that. Again, as it is not a Thunderbird feature, users rely on the developer for that. </p>",davidsk,False,1,0
1764564,1535799,2025-09-15T16:34:53.872231Z,2025-09-15T16:34:53.872238Z,"<p>Please clarify by what you mean by 'system is not seeing my email'? That may be helpful. For example, if you send a message to yourself, does it arrive back? Does this happen to whomever you send messages? </p>",davidsk,False,0,0
1764586,1535834,2025-09-15T18:01:48.240638Z,2025-09-15T18:01:48.240645Z,"<p>Hai verificato di avere spazio disponibile sul computer locale e sul server? Inoltre, Per poter inquadrare il problema prova a fornire queste informazioni: </p> <ol><li> Versione di Thunderbird </li><li> Versione del sistema operativo </li><li> Provider delle caselle email (Gmail, Libero, Hotmail, etc.) </li><li> Tipologia di account (POP3, IMAP) </li><li> Estensioni installate </li><li> Messaggi di errore che vengono visualizzati durante l'utilizzo di Thunderbird </li><li> Software di sicurezza eventualmente presenti (Antivirus e simili) </li><li> Screenshot del problema (se utile a chiarire il contesto) </li></ol>",'@next,False,0,0
1764587,1535849,2025-09-15T18:01:55.102509Z,2025-09-15T18:01:55.102515Z,"<p>Settings/Calendar, Edit... a Category to change its name and colour. </p>",sfhowes,False,0,0
1764588,1535799,2025-09-15T18:02:13.350817Z,2025-09-15T18:02:13.350824Z,"<p>If I send an e-mail from my Thunderbird account, it seems to have been sent as it appears in the ""sent"" folder. However, it is not received at the address it was sent to. I have tried to send one to a couple of gmail addresses I know well without success, but I can send an e-mail to myself at my Thunderbird account successfully. This has only happened recently in the last week or two, and I have no idea why this is the case. (Apologies for the typo in my original question) </p>",james.2144,False,0,0
1764589,1535849,2025-09-15T18:06:31.539280Z,2025-09-15T18:06:31.539286Z,<p>Got It!  Thanks! </p>,thekeehbauchs,False,0,0
1764590,1535757,2025-09-15T18:08:09.232797Z,2025-09-15T18:08:09.232804Z,"<p>See <a href=""https://support.mozilla.org/en-US/questions/1489403"" rel=""nofollow"">https://support.mozilla.org/en-US/questions/1489403</a> </p>",sfhowes,False,0,0
1764594,1535861,2025-09-15T18:30:19.499306Z,2025-09-15T18:30:19.499313Z,"<p>Weird. Pinterest is in the address bar but the dialogue is for Yahoo, which is appropriate. Have you tried signing in? </p>",mozilla98,False,0,0
1764597,1535854,2025-09-15T18:35:18.179045Z,2025-09-15T18:35:18.179050Z,<p>Weil kein Thunderbird für ein Apple Handy gemacht worden ist. Es ist unterwegs. </p>,mozilla98,False,0,0
1764598,1535872,2025-09-15T18:43:15.697381Z,2025-09-15T18:43:15.697387Z,"<p>Do you mean <a href=""https://support.mozilla.org/en-US/kb/protect-your-thunderbird-passwords-primary-password"" rel=""nofollow"">THIS</a> primary password doesn't work?  Did you change it accidentally? </p>",wsmwk,False,0,0
1764601,1535757,2025-09-15T18:47:10.224643Z,2025-09-15T18:47:10.224648Z,<p>Dave-   there are several references to my profile-  with differing dates.   Using Thunderbird as the program to open them reverts to the ' New account ' invitation screen that I posted earlier. </p>,colan,False,0,0
1764602,1535871,2025-09-15T18:50:25.277328Z,2025-09-15T18:50:25.277336Z,"<blockquote> When I try to import contact list from old computer get message:  import failed unexpectedly. </blockquote> <p>What exactly did you try to import, and how? Please be specific. </p> <blockquote> more information may be available in error console.  </blockquote> <p>Check the error console (Ctrl-Shift-J) if there is anything related. </p>",christ1,False,0,0
1764604,1535827,2025-09-15T18:52:12.102170Z,2025-09-15T18:52:12.102177Z,"<p>Hallo! </p><p>Übersetzung (translation): ""The Thunderbird email program was excellent. Unfortunately, I can't find anything of it anymore, as I'm immediately blocked upon logging in. And everything in English is impossible for me. I am 86 years old and now face an empty space to receive my emails. Can you help me?"" </p><p>Wählen Sie Thunderbird auf Deutsch hier (select Thunderbird in German here): <a href=""https://www.thunderbird.net/en-US/thunderbird/all/"" rel=""nofollow"">https://www.thunderbird.net/en-US/thunderbird/all/</a> </p><p>""da ich sofort bei der Anmeldung gesperrt werde"" -- Genau was passiert? Könnten Sie bitte einen Screenshot posten? </p><p>""as I'm immediately blocked upon logging in"" -- Exactly what happens? Would you please post a screenshot? </p>",mozilla98,False,0,0
1764605,1535871,2025-09-15T18:54:10.350751Z,2025-09-15T18:54:10.350756Z,<p>Trying to import Thunderbird contact list from old computer to new computer.  Don't know how to find error console </p>,hgfleisc,False,0,0
1764606,1535861,2025-09-15T18:59:48.697382Z,2025-09-15T18:59:48.697389Z,<p>I am afraid to even try. Always worried about a virus. </p>,Karl2,False,0,0
1764608,1535875,2025-09-15T19:02:44.127457Z,2025-09-17T19:17:38.273416Z,<p>What is your anti-virus software? </p>,christ1,False,0,0
1764609,1535875,2025-09-15T19:09:30.305212Z,2025-09-17T19:17:38.308926Z,"<p>Windows Defender No added extensions, using the default theme. </p><p>I've just now unchecked “Allow Windows Search to search messages” and restarted TB, as I saw as one suggestion, but since the problem doesn't happen all the time, it will take a while to see if that makes a difference. </p>",blue9,False,1,0
1764611,1535875,2025-09-15T19:12:32.247025Z,2025-09-17T19:17:38.329922Z,"<p>I doubt that Windows Search has anything to do with it. </p><p>Try to create an exclusion in Defender for the Thunderbird profile folder, so that the anti-virus real-time scanner will not scan it. <a href=""https://support.mozilla.org/en-US/kb/profiles-where-thunderbird-stores-user-data#w_how-to-find-your-profile"" rel=""nofollow"">https://support.mozilla.org/en-US/kb/profiles-where-thunderbird-stores-user-data#w_how-to-find-your-profile</a> </p>",christ1,False,0,0
1764617,1535875,2025-09-15T19:28:48.705086Z,2025-09-17T19:17:38.350280Z,"<p>Thank you. </p><p>I've done that. I can see how that might help, but not why the problem doesn't always happen, or why it started only in July (according to my notes). </p><p>I'll try replying to some messages and see what happens. </p>",blue9,False,0,0
1764618,1535861,2025-09-15T19:29:32.185915Z,2025-09-15T19:29:32.185920Z,"<p>My interpretation is you can trusted that login process shown in the screen shot.  <a href=""http://ct.pinterest.com"" rel=""nofollow"">ct.pinterest.com</a> appears to be just advertisement, a sort of help screen or a tracking instance, and not an attempt to grab your login credentials.   </p><p>You can blame or complain to rogers and yahoo for they process they are using. </p>",wsmwk,False,0,0
1764619,1535875,2025-09-15T19:32:39.238853Z,2025-09-17T19:17:38.369940Z,"<p>Just sent myself a message from another account, started replying to it. Thunderbird hung up on line 2. </p>",blue9,False,0,0
1764621,1535861,2025-09-15T19:45:14.462713Z,2025-09-15T19:45:14.462720Z,<p>I was thinking the same. </p>,mozilla98,False,0,0
1764622,1535818,2025-09-15T19:46:15.449321Z,2025-09-15T19:46:15.449327Z,"<p>Time and date are correct. ""Repair Folder"" button pressed.   100+ messages changed from read to unread.  Mark them as read and repair folder again.  More or less the same messages come up as unread.????????  </p><pre>All of these are for messages prior to 9/5/2025, the last time computer was on. </pre> <p>Connection security was SSL/TLS.  Changed to STARTTLS. </p><p>Message"" Looked for <a href=""http://inbound.att.net"" rel=""nofollow"">inbound.att.net</a>""  shows for several seconds then. goes away.  Does not get mail. </p><p>Changed back to SSL/TLS and get ""Connected to <a href=""http://inbound.att.net"" rel=""nofollow"">inbound.att.net</a>""  Stuck there again. </p>",alphonsobellinni,False,1,0
1764626,1535757,2025-09-15T20:04:24.606938Z,2025-09-15T20:04:24.606943Z,<p>Did you try Sfhowes' suggestion? It appears you have four accounts and that supports what he wrote. </p>,davidsk,False,0,0
1764628,1535886,2025-09-15T20:14:33.407299Z,2025-09-15T20:14:33.407307Z,"<p>Translation: </p><p>When I press ""Get messages"", nothing happens! It usually asks for a password here - but it doesn't! </p>",mozilla98,False,0,0
1764632,1535889,2025-09-15T20:28:00.730733Z,2025-09-15T20:28:00.730738Z,<p>You should be able to login online to the account and all your messages should be there if all you did was close the account in Thunderbird. </p>,davidsk,False,0,0
1764634,1535848,2025-09-15T20:36:50.878290Z,2025-09-15T20:36:50.878295Z,"<p>I did further research and tried to set up Archiving in Local Folders, per this article: <a href=""https://support.mozilla.org/en-US/kb/archived-messages"" rel=""nofollow"">https://support.mozilla.org/en-US/kb/archived-messages</a> Even though the article claims archiving can help manage email server quote, I am observing the same results with gmail as by ""Move To"" - meaning that message moves from the on-line folder in Thunderbird to a designated archive folder and the label is removed for the message in gmail on-line, but... the message still persists in All Mail, thus still filling up the storage.  Any help is appreciated. </p>",gupetrov,False,0,0
1764642,1535889,2025-09-15T20:59:59.315740Z,2025-09-15T20:59:59.315746Z,"<p>See <a href=""https://kb.mozillazine.org/Recovering_deleted_mail_accounts"" rel=""nofollow"">https://kb.mozillazine.org/Recovering_deleted_mail_accounts</a> </p>",sfhowes,False,0,0
1764643,1535818,2025-09-15T21:05:17.163372Z,2025-09-15T21:05:17.163379Z,"<p>The behavior you've described with the ""Repair Folder"" button—repeatedly changing messages from read to unread—is a very strong sign that the local file that tracks your inbox's messages has become corrupted. </p><p>Even though Thunderbird can connect to the server, it gets stuck because the corrupted file prevents it from properly indexing or downloading new messages. </p><p>The next step is to force Thunderbird to rebuild that file from scratch, which should fix the ""stuck"" status. </p><p>1 Locate Your Mail Folder Open Thunderbird. Go to Help &gt; More Troubleshooting Information. In the Application Basics section, find the Profile Folder row and click ""Open Folder"". This will open a new window showing your profile folder. </p><p>2 Delete the Corrupted Index File Inside your profile folder, navigate to ImapMail. Inside ImapMail, you will find a folder for your AT&amp;T account (e.g., <a href=""http://inbound.att.net"" rel=""nofollow"">inbound.att.net</a>). Open it. Inside your account folder, find the file named Inbox.msf. This is the corrupted index file. </p><p>Completely close Thunderbird. </p><p>Delete the Inbox.msf file. Deleting this file is safe. Your actual emails are stored on the server, and Thunderbird will rebuild the file from the server the next time you start it. </p><p>3 Restart Thunderbird After deleting the Inbox.msf file, open Thunderbird again. When Thunderbird starts, it will be forced to re-download all the message headers from the server to rebuild the inbox index. </p><p>This process may take a while if you have a lot of messages, but it should fix the ""stuck"" status and allow you to get new mail. </p>",norhorn,False,0,0
1764653,1535818,2025-09-15T22:10:10.130997Z,2025-09-15T22:10:10.131002Z,"<p>Interesting.  There is an inbox.msf, inbox-1.msf and inbox-2.msf  All have a modified date of 5/17/24 </p><p>Would the inbox.msf be the one to delete and ignore the others? </p>",alphonsobellinni,False,0,0
1764660,1535899,2025-09-15T22:29:10.122019Z,2025-09-15T22:29:10.122035Z,"<p>This is a new issue, especially with OS X, so you might try the fix and see if it works (requires changing a single preference). </p><p><a href=""https://support.mozilla.org/en-US/questions/1535478"" rel=""nofollow"">https://support.mozilla.org/en-US/questions/1535478</a> </p>",sfhowes,False,1,0
1764671,1535915,2025-09-16T01:29:02.759300Z,2025-09-16T01:29:02.759306Z,"<p>Hi Arhlene. You and everyone else. Someone made a bad decision to turn an experimental feature on by default. Go into settings, turn off the account hub, and try setting up your account again. </p>",mozilla98,False,2,0
1764675,1535904,2025-09-16T01:40:56.340935Z,2025-09-16T01:40:56.340940Z,"<p>View menu &gt; Toolbars &gt; Spaces toolbar </p><p>Click on the person icon. </p><p>Find the contact in one of the address books. </p><p>If the contact is in collected addresses, you can edit or delete it. If it is in the ""Mac OS X"" [sic] address book, you will have to edit or delete it in the Contacts app. </p>",mozilla98,False,0,0
1764677,1535894,2025-09-16T01:45:19.599450Z,2025-09-16T01:45:19.599455Z,"<p>Did you follow this procedure? -- <a href=""https://support.mozilla.org/en-US/kb/moving-thunderbird-data-to-a-new-computer"" rel=""nofollow"">https://support.mozilla.org/en-US/kb/moving-thunderbird-data-to-a-new-computer</a> </p>",mozilla98,False,0,0
1764682,1535907,2025-09-16T02:09:24.820376Z,2025-09-16T02:09:24.820381Z,<p>What version number please? Is it version 142 or newer?   Or 140.2.1 or newer? </p>,wsmwk,False,1,0
1764690,1535893,2025-09-16T03:32:45.644001Z,2025-09-16T03:32:45.644010Z,"<p>Hey there,  </p><p>\Sorry to hear this. Hopefully, we can get you fixed up.  </p><p>A quick why this could be happening: </p> <ul><li> Folders show up only when the account uses IMAP. POP keeps mail on the old PC. </li></ul> <ul><li> Address books live local unless CardDAV or Google Contacts. </li></ul> <ul><li> Calendars live local unless CalDAV or Google Calendar. </li></ul> <p>step 1 - confirm account type (Thunderbird &gt; Account Settings &gt; Server Settings) </p> <ul><li> If it says IMAP -&gt; go to step 2. </li></ul> <ul><li> If it says POP -&gt; go to step 3. </li></ul> <p>step 2 - If you have an IMAP account but your folders appear missing [ ] Menu Bar -&gt; View &gt; Folders -&gt; All [ ] Right click the account name &gt; Subscribe &gt; check any missing folders &gt; OK [ ] Account Settings &gt; Synchronization &amp; Storage &gt; check Keep messages for this account on this computer [ ] Still empty folder? Right click the folder &gt; Properties &gt; Repair Folder </p> <ul><li><ul><li>xfinity settings sanity check** </li></ul> </li></ul> <ul><li>Incoming IMAP: <a href=""http://imap.comcast.net"" rel=""nofollow"">imap.comcast.net</a> port 993 SSL/TLS </li><li> Outgoing SMTP: <a href=""http://smtp.comcast.net"" rel=""nofollow"">smtp.comcast.net</a> port 587 STARTTLS </li><li> Username: Your unique (full) (xfinity) email address </li></ul> <p>step 3 - added as POP by accident [ ] Add the account again as IMAP: Account Settings &gt; Account Actions &gt; Add Mail Account &gt; accept IMAP [ ] Drag mail from old POP folders into the new IMAP account to upload to the server [ ] Once happy, remove the old POP account if not needed </p>",Thundamike,False,0,1
1764691,1535907,2025-09-16T03:41:18.432541Z,2025-09-16T03:41:18.432548Z,<p>142.01 </p>,sloeschen,False,0,0
1764705,1535818,2025-09-16T06:25:48.615614Z,2025-09-16T06:25:48.615621Z,"<p>The multiple .msf files means that Thunderbird has created backup copies or temporary files for your inbox. </p><p>The file you should delete is the main one inbox.msf. </p><p>The other files, inbox-1.msf and inbox-2.msf, are older versions or temporary files and are not the ones currently being used by Thunderbird. Deleting only inbox.msf is the safest and most effective way to force Thunderbird to build a new, clean index from your server. </p><p>Remember to completely close Thunderbird before you delete the file. </p>",norhorn,False,0,0
1764707,1535757,2025-09-16T07:07:52.644638Z,2025-09-16T07:09:41.243106Z,"<p>Oh-  I see.  I'm confusing ' Profiles ' with ' Accounts '    No, I didn't try Sfhowes' suggestion as the follow-ups didn't show consistent success.  Should I try that ?  It's a bit complex for me . Thanks for the suggestion, Sfhowes-  appreciated.  I'm unsure of my ground though. </p>",colan,False,0,0
1764714,1535757,2025-09-16T07:27:26.399833Z,2025-09-16T07:27:26.399840Z,<p>OK-   I found the ' prefs ' list but cannot open the most recent . </p>,colan,False,0,0
1764719,1535752,2025-09-16T07:51:26.910685Z,2025-09-16T07:51:26.910690Z,"<p>cosa si intende ""Nella pratica questo approccio sembra funzionare solo su un ristretto numero di provider""? posso usare idp come keycloack oppure sono obbligato ad usare i soliti noti? Grazie Saluti </p>",cicciociccio,False,0,0
1764720,1535752,2025-09-16T07:59:37.419766Z,2025-09-16T07:59:37.419773Z,"<p>Perdonami, hai compreso che questo è solo un forum di utenti vero? </p><p>Ti ho indicato dove chiedere. </p>",'@next,False,0,0
1764723,1535769,2025-09-16T08:45:12.675873Z,2025-09-16T08:45:12.675877Z,<p>Thunderbird Ver. 142.0 Windows 11 professional Ver. 24H2 Libero (casella posta standard) - IMAP ARUBA (casella posta PEC) - IMAP Nessuna estensione Nessun messaggio di errore Kaspersky Antivirus Standard </p>,wolfenstein18,False,0,0
1764726,1535769,2025-09-16T08:54:18.762729Z,2025-09-16T08:54:18.762734Z,<p>Per il punto 1 Menu &gt; Impostazioni account &gt; NOME_ACCOUNT &gt; Sincronizzazione e archiviazione assicurati che sia attiva la voce <strong>Sincronizza in locale i messaggi di qualunque età</strong> </p><p>Per il punto 2 Menu &gt; Impostazioni account &gt; NOME_ACCOUNT &gt; Cartelle e copie qui puoi scegliere dove copiare la posta dopo l'invio </p>,'@next,False,0,0
1764731,1535886,2025-09-16T09:17:50.901164Z,2025-09-16T09:17:50.901171Z,"<p>Solution: If you to the firm, where you e-mails come from, and make a new code (or just repeat the old one), the problem will get away after an number of hours (perhaps 8 hours max.). If you make a new code, renember to correct this in Thunderbird too. </p>",pejdal,False,0,0
1764732,1535886,2025-09-16T09:18:40.495843Z,2025-09-16T09:18:40.495848Z,"<p>Solution: If you go to the firm, where you e-mails come from, and make a new code (or just repeat the old one), the problem will get away after an number of hours (perhaps 8 hours max.). If you make a new code, renember to correct this in Thunderbird too. </p>",pejdal,False,0,0
1764745,1535886,2025-09-16T11:47:00.973277Z,2025-09-16T11:47:00.973287Z,<p>Do you mean a new password with the e-mail service provider? That seems odd. Is your password being saved in Thunderbird? </p><p>Mener du en ny adgangskode hos e-mailudbyderen? Det virker mærkeligt. Bliver din adgangskode gemt i Thunderbird? </p>,mozilla98,False,0,0
1764747,1535757,2025-09-16T12:00:02.312755Z,2025-09-16T12:00:02.312763Z,"<p>The issue from Sfhowes is when there is more than one prefs.js file. the one with highest number is the one to go with. And, open it by a rightclick and select notepad or other simple text editor (NOT a wordprocessor). You had clicked to open normally and Windows tried to access it as a script when it's only simple text. Post back status. His suggestion may look hard, but it's really simple text editing.  Keep us posted. :) </p>",davidsk,False,0,0
1764756,1535757,2025-09-16T12:22:35.156604Z,2025-09-16T12:22:35.156610Z,"<p>Did you mean the lowest number ?   This is what I get when opening prefs 1.js, the latest date, with Notepad . There's nothing there for me to identify as my profile. </p><p>When I renamed prefs-1.js to prefs.js.bak there is no prefs-N.js to rename. </p>",colan,False,0,0
1764757,1535757,2025-09-16T12:22:55.795274Z,2025-09-16T12:25:10.382553Z,"<p>Did you mean the lowest number ?   This is what I get when opening prefs 1.js, the latest date, with Notepad . There's nothing there for me to identify as my profile. </p><p>When I renamed prefs-1.js to prefs.js.bak there is no prefs-N.js to rename. </p><p>( Sorry for the duplication.  The site took too long to upload the image ) </p>",colan,False,0,0
1764770,1535861,2025-09-16T13:06:28.169671Z,2025-09-16T13:07:11.248020Z,<p>So I found out the reason for all of this mess. I did try to log in on the page I posted a picture of (reluctantly) but it didn't work. I dug deeper into our email server settings that I had taken notes of a few years back. Somehow on Sept 12/25 our authentication method was changed in the settings to OAuth02 from our normal password authentication. I don't know how this happened as I am the only one with access on my end. Will remain an unsolved mystery. </p>,Karl2,False,0,0
1764777,1535757,2025-09-16T13:38:53.520126Z,2025-09-16T13:38:53.520132Z,"<p>Delete the prefs.js  then, rename the prefs-1.js to prefs.js   - do all of this with thunderbird not running. </p>",davidsk,False,0,0
1764800,1535775,2025-09-16T14:39:58.916850Z,2025-09-16T14:39:58.916856Z,<p>als u een adres aanklikt en vervolgens kiest voor bewerken kunt u het daarna verwijderen door in de adreskaart op verwijderen te klikken. </p><p>het is iets omslachtiger maar hoop dat dit u helpt </p>,Mad_Maks,False,0,0
1764804,1535893,2025-09-16T15:04:29.138801Z,2025-09-16T15:04:29.138808Z,<p>I still do not have all my folders. Are these on server or my old computer?? Same with address book and calendar. </p>,1138hamilton,False,0,0
1764805,1535893,2025-09-16T15:05:49.039985Z,2025-09-16T15:05:49.039990Z,<p>If I bring new computer to Xfinity store can they find my folders?? I am only 5 minutes away. </p>,1138hamilton,False,0,0
1764819,1535775,2025-09-16T15:34:32.969791Z,2025-09-16T15:34:32.969798Z,"<p>Dank vooruw suggestie, helaas werkt dit niet. Ook rechtsklikken niet, want in het menu is ""verwijderen"" grijs gemaakt. Jammer. </p>",c.van.wageningen,False,0,0
1764822,1535893,2025-09-16T15:45:46.948423Z,2025-09-16T15:45:46.948431Z,"<p><a href=""https://support.mozilla.org/en-US/kb/moving-thunderbird-data-to-a-new-computer"" rel=""nofollow"">https://support.mozilla.org/en-US/kb/moving-thunderbird-data-to-a-new-computer</a> </p>",mozilla98,False,0,0
1764828,1535818,2025-09-16T15:57:24.156974Z,2025-09-16T15:57:24.156981Z,"<p>Well, that didn't work.   Still stuck on connected to <a href=""http://inbound.att.net"" rel=""nofollow"">inbound.att.net</a> </p>",alphonsobellinni,False,0,0
1764849,1535757,2025-09-16T17:14:03.919477Z,2025-09-16T17:14:03.919485Z,"<p>Open the newest prefs-X.js file, which will be the one with the highest X, and see if your accounts are listed.  If they aren't, try the next newest file.  Once you find a prefs that looks correct, rename the current prefs.js to prefs.bak, then rename the correct prefs-X.js to prefs.js.  Do all of this with TB closed, then restart TB. </p>",sfhowes,False,0,0
1764885,1535872,2025-09-16T19:40:50.464417Z,2025-09-16T19:40:50.464425Z,"<p>Let me explain again </p><p>I have been using TB for 20 years </p><p>I got a security alert from Google TO CHANGE MY PW </p><p>So I changed it I then attempted to open TB, my pw was invalid How do I get in and change my pw </p>",frankm1150,False,0,0
1764891,1535872,2025-09-16T20:06:05.510620Z,2025-09-16T20:06:05.510626Z,<p>If you are talking about an account password and not Thunderbird primary password then .... </p><p>Settings &gt; security &gt; password - delete anything related to that account. </p>,wsmwk,False,0,0
1764896,1535907,2025-09-16T20:26:06.816534Z,2025-09-16T20:26:06.816540Z,"<p>Let's be clear about what you are doing. </p><p>Are you deleting messages from trash, for example ""Empty Trash""?  </p><p>Or are you trying to delete messages from the folder ""All Mail""? </p>",wsmwk,False,1,1
1764902,1535875,2025-09-16T20:53:27.724184Z,2025-09-17T19:17:38.387609Z,"<p>Try to start <a href=""https://support.microsoft.com/help/12376/windows-10-start-your-pc-in-safe-mode"" rel=""nofollow"">Windows 10 in safe mode</a> with networking enabled. </p><p>Does the problem go away? </p><p>Windows safe mode disables anti-virus software. This is a troubleshooting step, not a solution. </p>",christ1,False,0,0
1764915,1535907,2025-09-16T23:29:48.175530Z,2025-09-18T21:05:23.914247Z,<p>Thunderbird. </p>,Googlethunderbird.,False,0,1
1764916,1535907,2025-09-16T23:31:21.491386Z,2025-09-18T21:07:29.958633Z,<p>Thunderbird. </p>,Googlethunderbird.,False,0,1
1764917,1535907,2025-09-16T23:33:50.890266Z,2025-09-18T21:09:35.057346Z,<p>Thunderbird. </p>,Googlethunderbird.,False,0,1
1764931,1535757,2025-09-17T03:42:46.686818Z,2025-09-17T04:38:42.509022Z,<p>Most of these files are empty.  How do I recognise my account in the ones that have content ? </p>,colan,False,0,0
1764932,1535757,2025-09-17T03:46:57.914381Z,2025-09-17T03:53:16.961993Z,<p>I have renamed prefs-1.js to prefs.js.  Should I now try to open TBird ? </p><p>I tried-  just the same-  offered a new sign-up. </p>,colan,False,0,0
1764935,1535757,2025-09-17T04:23:23.526108Z,2025-09-17T04:23:23.526115Z,"<p>I have to ask-  when I open any of these files that have content the content is meaningless to me, containing nothing that enables me to recognise an account, old or new.  What should I be looking for ? </p>",colan,False,0,0
1764958,1535757,2025-09-17T04:56:22.051180Z,2025-09-17T04:57:04.303958Z,"<p>SUCCESS !.   I took a guess and opted for the largest file to rename prefs.js and struck lucky.  My accounts are restored.  Thank you, gentlemen, for your knowledge and patience.   My confidence in TBird has taken a knock though. It would have been damaging for me to have lost the info. contained in the several years of TBird usage.  If you have a method of backing up content outside of TBird I'd be more than pleased if you'd share it. Regards.  Colan. </p>",colan,False,1,0
1764962,1535757,2025-09-17T05:15:10.111911Z,2025-09-17T05:15:10.111918Z,"<p>P.S.   Unfortunately, my TBird install is damaged.  Several email accounts are missing -  although the most important is intact and up-to-date.  Also , the surviving accounts had reverted to a mail host server that I used several years ago.  I've updated those but it seems clear that my meddling with the prefs files has resulted in some damage. </p>",colan,False,0,0
1764979,1535775,2025-09-17T07:30:09.623216Z,2025-09-17T07:30:09.623225Z,"<p>wilt u kijken of u dit probleem ook heft in de probleemoplossingsmodus, <a href=""https://support.mozilla.org/nl/kb/de-probleemoplossingsmodus-van-thunderbird#thunderbird:mac:tb128"" rel=""nofollow"">https://support.mozilla.org/nl/kb/de-probleemoplossingsmodus-van-thunderbird#thunderbird:mac:tb128</a> ? </p>",Mad_Maks,False,1,0
1764982,1535912,2025-09-17T07:35:35.753075Z,2025-09-17T19:12:38.819369Z,"<p>Go to <a href=""https://mail.google.com/mail/u/0/#settings/labels"" rel=""nofollow"">https://mail.google.com/mail/u/0/#settings/labels</a> &gt; uncheck 'Show in IMAP' for All Mail. </p>",siffemoz,False,0,0
1764987,1535769,2025-09-17T08:08:39.417664Z,2025-09-17T08:08:39.417669Z,"<p>Buongiorno, adesso il download dei messaggi vecchi è avvenuto, grazie ! Resta però il problema dei messaggi inviati dalla casella PEC che finiscono nella cartella ""Inviati"" contenuta in ""Cartelle locali"". Se in ""Cartelle e copie"" cerco manualmente di indirizzare i messaggi della cartella posta inviata andando a modificare la voce ""altra:"", mi appare come possibilità solo la cartella ""Posta inviata"" cliccando sulla quale mi appaiono ""Posta inviata"" e ""Trash"". Manca in pratica la cartella ""Posta inviata"" all'interno dell'Account PEC, nonostante abbia inviato diversi messaggi. Spero di essere stato chiaro. </p>",wolfenstein18,False,0,0
1764991,1535769,2025-09-17T09:04:59.261871Z,2025-09-17T09:04:59.261878Z,"<p>Se Thunderbird non ti elenca la cartella Posta inviata relativa ad un account, significa che il server non gliela mostra. </p><p>Può darsi tu debba sottoscrivere manualmente questa cartella -&gt; <a href=""https://support.mozilla.org/it/kb/sincronizzazione-imap#w_configurazione-della-sincronizzazione-ed-utilizzo-dello-spazio-sul-disco"" rel=""nofollow"">https://support.mozilla.org/it/kb/sincronizzazione-imap#w_configurazione-della-sincronizzazione-ed-utilizzo-dello-spazio-sul-disco</a> </p><p>oppure che la cartella abbia un nome non standard sul server </p>",'@next,False,0,0
1764999,1535775,2025-09-17T09:58:19.281211Z,2025-09-17T09:58:19.281219Z,<p>Dank voor de laatste suggestie. Het R-klik menu geeft weer &lt;verwijderen&gt; aan. </p>,c.van.wageningen,False,0,0
1765001,1535775,2025-09-17T10:03:19.949355Z,2025-09-17T10:03:19.949361Z,<p>Door op &lt;reset toolbars and menus&gt; te klikken is het probleem verholpen. </p>,c.van.wageningen,False,0,0
1765011,1535757,2025-09-17T11:29:54.521999Z,2025-09-17T11:29:54.522005Z,"<p>In hindsight, we may have been following the wrong trail. Those old prefs files are five years old, and any content would have been as you described. The missing profile was for another reason. If you still have the original content, we may be more successful. On your request for backup steps, here they are:  I do this weekly.  </p><p><br> <strong>BACKUP</strong> </p> <ol><li> ensure thunderbird is not running </li><li> enter %appdata% in search window on task bar and press Enter key </li><li> this should open windows file explorer in Appdata\roaming folder </li><li> highlight the Thunderbird folder and copy to external media  </li></ol> <p><strong>RESTORE</strong> </p> <ol><li> ensure thunderbird is installed and NOT running </li><li> enter %appdata% in search window on task bar and press Enter key </li><li> you should be in Appdata\roaming folder , copy&amp;paste the exported Thunderbird folder there. This will prompt to overwrite an existing folder of same name. allow it </li><li> start thunderbird and all should be there </li></ol>",davidsk,False,1,0
1765043,1535875,2025-09-17T13:35:42.658364Z,2025-09-17T19:17:38.407633Z,"<p>Still the same in Safe Mode. </p><p>In regular mode, I can do a one-line reply without problems, or compose a reply in Word and paste it into the reply, not problem. This makes me think the problem is unrelated to anti-virus or similar safety settings. </p>",blue9,False,0,0
1765045,1535875,2025-09-17T13:38:43.593469Z,2025-09-17T19:17:38.445053Z,"<p>Windows 10 here, Windows Defender too. Crash in the Security Mode too. </p>",arvyrogerio,False,0,0
1765049,1535875,2025-09-17T13:44:50.246943Z,2025-09-17T19:17:38.487559Z,<p>Thunderbird just updated to 143.0 in the release channel. Same problem. </p>,blue9,False,0,0
1765062,1535875,2025-09-17T14:11:57.537869Z,2025-09-17T19:17:38.545667Z,"<p>Experiments:  </p><p>I typed the 5 letters ""asdf "" (without the quotes) repeatedly. 16 of these fit on one line, then Thunderbird puts the 17th on the second line, then it hangs before I can type the 18th. </p><p>If I click Enter after 10 of these and continue, I can enter many of these lines without a problem. </p>",blue9,False,0,0
1765065,1535875,2025-09-17T14:12:53.658656Z,2025-09-17T19:17:38.637083Z,<p>Logs shows errors in: C:\Program Files\Mozilla Thunderbird\xul.dll Version: 143.0.0.231 Exception: 0xc0000409 Desloc: 0x0000000007dca33d and 0x000000000824d00d </p>,arvyrogerio,False,0,0
1765118,1535875,2025-09-17T17:30:22.834007Z,2025-09-17T19:17:38.695697Z,"<blockquote> This makes me think the problem is unrelated to anti-virus or similar safety settings. </blockquote> <p>I think you're right. Check this bug report: <a href=""https://bugzilla.mozilla.org/show_bug.cgi?id=1972457"" rel=""nofollow"">https://bugzilla.mozilla.org/show_bug.cgi?id=1972457</a> </p><p>Is this the problem you're seeing? If so, there is a workaround at  <a href=""https://bugzilla.mozilla.org/show_bug.cgi?id=1972457#c3"" rel=""nofollow"">https://bugzilla.mozilla.org/show_bug.cgi?id=1972457#c3</a> </p>",christ1,False,0,0
1765132,1535875,2025-09-17T17:45:19.306889Z,2025-09-17T19:17:38.785041Z,"<p>Yes, that worked, thank you. I have no idea what ""accessibility.force_disabled"" means, but the work-around was successful. Thanks again. </p>",blue9,False,1,0
1765189,1535912,2025-09-17T20:10:46.522138Z,2025-09-17T22:12:54.041120Z,"<em><p>Ed <a href=""#answer-1764982"" rel=""nofollow"">said</a></p></em> <blockquote>Go to <a href=""https://mail.google.com/mail/u/0/#settings/labels"" rel=""nofollow"">https://mail.google.com/mail/u/0/#settings/labels</a> &gt; uncheck 'Show in IMAP' for All Mail. </blockquote> <p>What does that do? Because all the other folders are still checked which is basically all mail right? </p>",JOEY61,False,0,0
1765195,1535912,2025-09-17T20:24:03.874615Z,2025-09-17T20:24:03.874620Z,"<p>Update from what I gathered thus far, and hopefully helps people in future searching this: </p><p>1: You can NOT stop Thunderbird from download all headers, no matter your settings. You Unsubscribe from all folders, you turn off  ""Keep messages in all folders for this account on this computer"" in the Sync Settings, and change the Syncing age of messages to say 1 day, it still will download ALL headers, Thousands. I just had 80,000 headers (email headers) downloaded, luckily it was only about 200MB of space.  </p><p>2: You can stop the full emails from download by doing what I show in the screenshot attached. Will still download all headers, but not the full emails. </p><p>3) Lower the date range for syncing, to like 7 days/1week.  The full emails that are downloaded/or synced will only be 7 days. </p><p>4), You can remove folders you dont want synced to also save more space, by unsubscribing .  So they are not included in the 7 day sync range. </p><p>The only thing I need someone else to confirm in a reply below, is, if you unsubscribed from a folder, say drafts, then you  manually search for something in the thunderbird Search  box for, can the search results still access the drafts folder on the server?  So even though drafts are not downloaded and synced, I can still find  emails in the drafts folder if I do a manual search? Not sure </p>",JOEY61,False,0,0
1765202,1535875,2025-09-17T21:59:45.606845Z,2025-09-17T21:59:45.606851Z,"<em><p>Rogerio Vitiello <a href=""#answer-1765045"" rel=""nofollow"">said</a></p></em> <blockquote>Windows 10 here, Windows Defender too. Crash in the Security Mode too. </blockquote> <p>If you are crashing (not hanging) and especially if accessibility.force_disabled = 1 doesn't solve your issue, then you don't have the same problem as the OP. </p>",wsmwk,False,0,0
1765205,1535912,2025-09-17T22:25:08.793163Z,2025-09-17T22:25:08.793170Z,"<em><p>JOEY61 <a href=""#answer-1765195"" rel=""nofollow"">said</a></p></em> <blockquote>  The only thing I need someone else to confirm in a reply below, is, if you unsubscribed from a folder, say drafts, then you  manually search for something in the thunderbird Search  box for, can the search results still access the drafts folder on the server?  So even though drafts are not downloaded and synced, I can still find  emails in the drafts folder if I do a manual search? Not sure </blockquote> <p>Appears the answer to that is no. </p>",siffemoz,False,0,0
1765396,1535872,2025-09-18T15:49:32.965046Z,2025-09-18T15:49:32.965055Z,"<p>I don't know the term ""Primary Password"" I hac e a password to get into TB and, I have a Gmail pw to get my mail The PW to enter the program STOPPED working after I changed my Gmail pw. </p><p>TB says ""invalid pw"" So I cannot get into settings </p><p>Sorry to be so difficult </p>",frankm1150,False,0,0
1765446,1535912,2025-09-18T20:42:39.649259Z,2025-09-18T21:08:01.384719Z,"So I just <em><p>Ed <a href=""#answer-1764982"" rel=""nofollow"">said</a></p></em> <blockquote>Go to <a href=""https://mail.google.com/mail/u/0/#settings/labels"" rel=""nofollow"">https://mail.google.com/mail/u/0/#settings/labels</a> &gt; uncheck 'Show in IMAP' for All Mail. </blockquote> <p>Thanks. I just tested it too. You're right that even manual searching will not find stuff in folders on the server, if they are not subscribed to in TB.  </p><p>However, I believe I can confirm that  ""uncheck 'Show in IMAP' for All Mail.""  does not stop all headers from being downloaded.  </p><p>I unchecked it in the gmail settings first. (attached) </p><p>I then turned off Wi-fi, and added my gmail account to Thunderbird manually with no connection. Wifi was turned off so that thunderbird could not start downloading thousands of headers before I could change the sync settings. </p><p>I then turned off the ""Save to local folders"" thing, and changed the sync period to 2 days. </p><p>I then turned wifi back on, gmail account connected for the first time. </p><p>Yet ALL headers going back years still downloaded, in the thousands in my inbox folder. </p>",JOEY61,False,0,0
1765451,1535912,2025-09-18T21:11:14.490151Z,2025-09-18T21:11:14.490158Z,"<p>Please file a bug report with all the great details.  <a href=""https://bugzilla.mozilla.org/enter_bug.cgi?product=thunderbird"" rel=""nofollow"">https://bugzilla.mozilla.org/enter_bug.cgi?product=thunderbird</a> </p>",wsmwk,False,0,0
1765466,1535912,2025-09-18T22:10:00.102198Z,2025-09-18T22:10:00.102204Z,"<em><p>Wayne Mery <a href=""#answer-1765451"" rel=""nofollow"">said</a></p></em> <blockquote>Please file a bug report with all the great details.  <a href=""https://bugzilla.mozilla.org/enter_bug.cgi?product=thunderbird"" rel=""nofollow"">https://bugzilla.mozilla.org/enter_bug.cgi?product=thunderbird</a> </blockquote> <p>Oh I just assumed this is how Thunderbird is meant to be, like its not a bug, but rather it just will auto download all headers.  </p><p>And I assumed Sync period only applies to full messages, but not headers. All headers will download anyways, no? </p>",JOEY61,False,0,0
1765470,1535875,2025-09-18T22:15:25.874509Z,2025-09-19T05:35:32.100808Z,"<em><p>Rogerio Vitiello <a href=""#answer-1765065"" rel=""nofollow"">said</a></p></em> <blockquote>Logs shows errors in: C:\Program Files\Mozilla Thunderbird\xul.dll Version: 143.0.0.231 Exception: 0xc0000409 Desloc: 0x0000000007dca33d and 0x000000000824d00d </blockquote> <p>For reference: <a href=""https://bugzilla.mozilla.org/show_bug.cgi?id=1989283#c13"" rel=""nofollow"">https://bugzilla.mozilla.org/show_bug.cgi?id=1989283#c13</a> </p>",arvyrogerio,False,0,0
1765492,1535872,2025-09-19T01:05:24.328312Z,2025-09-19T01:05:24.328320Z,"<p>&gt; Sorry to be so difficult </p><p>Don't worry. We're happy to help. </p><p>I have two screen shots.  The first is the ""Thunderbird password"", which is a primary password - you will see the word ""primary"" in the dialog (or corresponding word in your native language).  The second screen shot is a typical gmail login, when oauth type security has been set. </p>",wsmwk,False,0,0
1765519,1535912,2025-09-19T04:01:35.199027Z,2025-09-19T05:37:05.636518Z,"<em><p>JOEY61 <a href=""#answer-1765446"" rel=""nofollow"">said</a></p></em> <blockquote>So I just <em><p>Ed <a href=""#answer-1764982"" rel=""nofollow"">said</a></p></em> <blockquote>Go to <a href=""https://mail.google.com/mail/u/0/#settings/labels"" rel=""nofollow"">https://mail.google.com/mail/u/0/#settings/labels</a> &gt; uncheck 'Show in IMAP' for All Mail. </blockquote> <p>However, I believe I can confirm that  ""uncheck 'Show in IMAP' for All Mail.""  does not stop all headers from being downloaded.  </p> </blockquote> <p>No, it doesn't. I discovered that after testing. What <em>should</em> stop headers from being downloaded is unsubscribing folders in TB. So file a bug as Wayne suggested. </p>",siffemoz,False,0,0
1765543,1535912,2025-09-19T07:28:56.672421Z,2025-09-19T07:28:56.672430Z,"<em><p>Ed <a href=""#answer-1765519"" rel=""nofollow"">said</a></p></em> <blockquote><em><p>JOEY61 <a href=""#answer-1765446"" rel=""nofollow"">said</a></p></em> <blockquote>So I just <em><p>Ed <a href=""#answer-1764982"" rel=""nofollow"">said</a></p></em> <blockquote>Go to <a href=""https://mail.google.com/mail/u/0/#settings/labels"" rel=""nofollow"">https://mail.google.com/mail/u/0/#settings/labels</a> &gt; uncheck 'Show in IMAP' for All Mail. </blockquote> <p>However, I believe I can confirm that  ""uncheck 'Show in IMAP' for All Mail.""  does not stop all headers from being downloaded.  </p> </blockquote> <p>No, it doesn't. I discovered that after testing. What <em>should</em> stop headers from being downloaded is unsubscribing folders in TB. So file a bug as Wayne suggested. </p> </blockquote> <p>But in my case I am subscribed to ""inbox"". So that's probably why it's downloading all headers ever, from the inbox folder.  </p><p>That might be normal TB behavior that sync rules have no effect on, I don't know. </p><p>As my sync rules are set to 2 days. </p>",JOEY61,False,0,0
1765549,1535912,2025-09-19T07:44:16.122996Z,2025-09-19T07:44:16.123004Z,"<em><p>JOEY61 <a href=""#answer-1765543"" rel=""nofollow"">said</a></p></em> <blockquote>  However, I believe I can confirm that  ""uncheck 'Show in IMAP' for All Mail.""  does not stop all headers from being downloaded.   No, it doesn't. I discovered that after testing. What <em>should</em> stop headers from being downloaded is unsubscribing folders in TB. So file a bug as Wayne suggested.  But in my case I am subscribed to ""inbox"". So that's probably why it's downloading all headers ever, from the inbox folder.   That might be normal TB behavior that sync rules have no effect on, I don't know.  As my sync rules are set to 2 days. </blockquote> <p>It should only download all headers when you first create the account. After that, it should only download according to your sync rules. </p>",siffemoz,False,0,0
1765573,1535769,2025-09-19T09:55:19.491379Z,2025-09-19T09:55:19.491387Z,"<p>Niente da fare ! Il problema è che la cartella ""Posta inviata"" non appare nell'elenco delle cartelle all'interno della finestra ""Elementi per uso non in linea"". Appaiono solo ""Posta Arrivo"" e ""Trash"". Se entro nella webmail della PEC di ARUBA trovo la cartella ""Inviati"" con i messaggi al suo interno che però non vengono scaricati. Ho provato a creare manualmente la cartella ""Posta inviata"" cliccando col tasto DX del mouse sopra il nome dell'account PEC, ma la cartella ""Posta inviata"" viene creata all'interno della cartella ""Posta in arrivo"" e non allo stesso livello di ""Posta inviata"" e ""Cestino"". </p>",wolfenstein18,False,0,0
1765576,1535769,2025-09-19T10:00:32.734980Z,2025-09-19T10:00:32.734990Z,"<p>Se non ricordo male anche altri utenti avevano lo stesso problema con Aruba. Purtroppo se l'elenco che il server passa a Thunderbird non include quella cartella, non c'è modo di sincronizzarla. </p><p>Prova a chiedere ad Aruba. Se pensi che il problema sia in Thunderbird prova a segnalare il tutto come bug documentandolo con tutte le informazioni che hai -&gt; <a href=""https://bugzilla.mozilla.org/"" rel=""nofollow"">https://bugzilla.mozilla.org/</a> (tieni conto comunque che la PEC è una cosa prettamente italiana, la maggior parte degli sviluppatori di Thunderbird probabilmente non ne ha mai avuto una) </p>",'@next,False,0,0
1765732,1535912,2025-09-19T23:04:01.114184Z,2025-09-19T23:04:01.114190Z,"<em><p>Ed <a href=""#answer-1765549"" rel=""nofollow"">said</a></p></em> <blockquote><em><p>JOEY61 <a href=""#answer-1765543"" rel=""nofollow"">said</a></p></em> <blockquote>  However, I believe I can confirm that  ""uncheck 'Show in IMAP' for All Mail.""  does not stop all headers from being downloaded.   No, it doesn't. I discovered that after testing. What <em>should</em> stop headers from being downloaded is unsubscribing folders in TB. So file a bug as Wayne suggested.  But in my case I am subscribed to ""inbox"". So that's probably why it's downloading all headers ever, from the inbox folder.   That might be normal TB behavior that sync rules have no effect on, I don't know.  As my sync rules are set to 2 days. </blockquote> <p>It should only download all headers when you first create the account. After that, it should only download according to your sync rules. </p> </blockquote> <p>Okay so  there's no way to stop that. That was what I wanted to stop, was it from downloading 15 years  of  80,000 email headers. Guess you can not. </p>",JOEY61,False,0,0
1765840,1535912,2025-09-20T13:13:19.381588Z,2025-09-20T13:13:19.381593Z,"<p>Here is a bunch of information which people may find useful and works for me. </p><p>The 'All Mail' folder is where gmail stores everything. So in effect you end up with a complete duplicate of everything. However, you can choose to only download headers for the 'All Mail' folder which would save a load of space on computer.  Personally, I prefer not to see etc anything to do with 'All Mail', I do not want to accidentally lose any emails from that folder because it would mean losing same emails from whatever other folder they display in. </p><p>To stop seeing the 'All Mail' folder and clean up the global database I did this: </p> <ul><li> Check the Account Settings &gt; Copies &amp; Folders </li><li> Under 'Archives' choose something other than 'All Mail' </li><li> Maybe create a folder which you can use for Archived emails. </li></ul> <p>In Folder Pane view </p> <ul><li> unsubscribe from seeing the 'All Mail' folder </li></ul> <ul><li> <strong>Exit Thunderbird - this is important.</strong> </li></ul> <ul><li> Logon to gmail webmail account and in Settings &gt; Labels </li><li> For 'All Mail' - uncheck the option to 'show in Imap' </li></ul> <p>To make sure everything has been removed from global database - perform a rebuild </p> <ul><li> <a href=""https://support.mozilla.org/en-US/kb/rebuilding-global-database"" rel=""nofollow"">https://support.mozilla.org/en-US/kb/rebuilding-global-database</a> </li></ul> <p>If using Windows OS, you do this via this method: </p> <ul><li> In windows search type : %Appdata% </li><li> Select the %Appdata% file folder </li><li> select 'Roaming' folder </li><li> Select 'Thunderbird' folder </li><li> Select 'Profiles' folder </li><li> Select the profile name folder </li><li> Locate and delete this file: global-messages-db.sqlite </li></ul> <p>Start Thunderbird 'All Mail' is no longer present. </p> <hr> <p>Regarding  'Account Settings' &gt; 'Synchronisation &amp; Storage' for imap account 'Advanced' button Any folder (or subfolder) selected in that list has the ability to download full copies of emails. Any folder not selected will only download headers. </p><p>If you select 'Synchronise the most recent eg: 60 days' This means for any folder under 'Advanced' which you selected to download full copies, you can control which emails get fully downloaded or only headers downloaded.  Any folder in 'Advanced' which is not selected to download full copies will only download headers, so this synchronise option does not apply. </p><p>The result is you will see all emails listed in the 'Message List' as the index file only needs headers to do this. However, the most recent  eg: 60 days of emails will have emails fully downloaded and stored in mbox files. This is particulary helpful for those who have more limited space.  </p><p>Important: - To help maintain this, you will need to manually compact that folder on a regular basis so it can do basic housekeeping to remove the stored data older than 60 days, but not headers of emails older than 60 days. How frequently you compact the folder depends upon how many emails you download, but you may want to do it at least once a week to remove the excess and clean up files. </p><p>This means any email in list that only has headers downloaded can still be selected and the email will get downloaded to a temp folder to faciliate viewing. </p> <hr> <p>If by any chance you have a folder (not the 'All Mail' folder)  which contains thousands of emails, but you only want to download the last years worth. </p><p>You can do one of these options. Option 1: Either you can choose to Only remove the 'label' which removes emails from folder eg: Inbox, but does not remove it from  'All Mail'. How to only remove a label: Either: use the keyboard keys 'Shift'+'Del'  = Delete message bypassing trash (no Undo!) to remove the label only. This maybe a prefered option as it means you still have the main 'delete' option set up to move to Trash which gmail will auto empty and also comlpetely delete email off server. OR  alter the Account Settings &gt; Server Settings to 'Just mark it as deleted' this puts a strikethrough the email in list and I've discovered gmail auto removes the 'label', so this removes email from list upon synchronising with server, but leaves email in 'All Mail'. </p><p><br> Option 2: Lets pretend you want to get loads of emails currently in 'Inbox' into another folder which you do not want to see, but would like easy access if required. Create a folder - let's call it' Old Inbox' Move loads of emails from 'Inbox' into 'Old Inbox' folder Then unsubscribe from seeing 'Old Inbox' folder Compact the Inbox folder. </p><p>You could if required Logon to gmail webmail and make sure the 'Old Inbox'  label/folder has the 'Show in Imap' unchecked. </p> <hr> <p>Regarding seeing unsubscribed folders in Folder PAne. Please check settings: </p> <ul><li> Account Settings &gt; Server SEttings for imap account </li><li> Click on 'Advanced' button </li><li> Is this selected 'Show only subscribed folders' ? </li></ul> <p>If it's not selected then you will see any folder that is in your gmail webmail account which also has 'Show in Imap' selected. </p>",Toad-Hall,False,0,0
1765843,1535912,2025-09-20T13:45:39.340744Z,2025-09-20T13:45:39.340752Z,"<p><strong>re :I then turned off the ""Save to local folders"" thing, and changed the sync period to 2 days.</strong> </p><p>There seems to be a misunderstanding on what those settings mean and achieve in results. </p><p>If you uncheck the 'keep messages in all folder.....' then click on 'Advanced' button All the folders and subfolders should not be selected and that means for all folders only download headers. </p><p>At this point, if desired, you can choose to select specific folders for those you want to fully download copies. </p><p>If you then changed the sync period to 2 days: That option would not apply IF you have not manually selected any folders in the 'Advanced' section. It does say...<em>to save disk space, downloading messages from the server AND keeping local copies for offline use</em> (that means fully downloading emails)<em> can be restricted</em>. You do need to have selected to download full copies in the first place in order to place a restriction on what is downloaded as full copy and what is only downloaded as header. </p><p>This section is not about what you see in the Message List. The Message List for any given folder will always show exactly the same as whatever is in that folder on server as it is an imap mail account. This section is all about what is fully downloaded and what has only headers downloaded. </p><p>Folders that have full copies downloaded can see those emails in Offline mode and if required you can create a backup of emails independent of server because you have a full copy stored in mbox files. </p>",Toad-Hall,False,0,0
1765845,1535912,2025-09-20T13:54:04.412075Z,2025-09-20T13:54:04.412080Z,"<p><strong>re :That was what I wanted to stop, was it from downloading 15 years  of  80,000 email headers. Guess you can not.</strong> </p><p>It will stop downloading those headers if the emails are not being displayed in the relevant server labels/folders eg: Inbox, Sent Mail etc  (not talking about 'All Mail') Options are to remove the label so it's only stored in 'All Mail' or put into another folder which you then unsubscribe from seeing. </p><p>You could select batches of emails and then click on 'Archive' Gmail would remove all labels and then only store in the 'All Mail' folder which you can choose not to see. </p><p>Or you can select emails and use 'Shift+Del keys on keyboard to delete by-passing the Trash. Gmail sees this as 'remove the label' and store in 'All Mail'. </p><p>Or you can create another folder - move aload of emails into it then unsubscribe from seeing that folder. </p>",Toad-Hall,False,0,0
1765846,1535912,2025-09-20T14:02:28.241202Z,2025-09-20T14:02:28.241207Z,"<p><strong>re :And I assumed Sync period only applies to full messages, but not headers. All headers will download anyways, no?</strong> </p><p>Correct - all headers will download anyway - the sync period applies to folders that are selected to download full copies - the sync period means the first eg: two days is fully downloaded and the rest are just headers. </p><p>Please note, as the days go by it will download full copies thus resulting in eg: 4 days of downloaded full copies after three days. You would need to compact the folder in order to force a clean up to remove the now out of date 'marked as deleted' copies from the mbox file (marked as deleted in this instance means marked to be removed from mbox file). So it's back to only 2 days of fully downloaded copies. </p>",Toad-Hall,False,0,0
1765848,1535912,2025-09-20T14:18:35.246905Z,2025-09-20T14:18:35.246911Z,"<p><strong>re :However, I believe I can confirm that  ""uncheck 'Show in IMAP' for All Mail.""  does not stop all headers from being downloaded. ,.....I unchecked it in the gmail settings first. (attached)....Yet ALL headers going back years still downloaded, in the thousands in my inbox folder. </strong> </p><p>If the 'show in imap' is not selected for 'All Mail' If you have not selected to subscribe to see 'All Mail' in Thunderbird. This should remove the 'All Mail' folder from Thunderbird. Therefore no connection to the 'All Mail' folder, it's not displayed and nothing in downloaded or synched to that 'All Mail' folder. </p><p>This has no effect on anything to do with downloading headers into 'Inbox'. All default folders are auto subscribed in imap accounts.  Whilst gmail stores everything in 'All Mail' and makes virtual copies of emails available in various labels/folders as seen in webmail. Thunderbird has no concept of 'labels'. Each folder is a separate file in your mail account profile. So Inbox synchs only with Inbox on server. It displays whatever is in Inbox on server. </p>",Toad-Hall,False,0,0
1765852,1535912,2025-09-20T14:49:13.097051Z,2025-09-20T14:49:13.097059Z,"<p><strong>re But in my case I am subscribed to ""inbox"". So that's probably why it's downloading all headers ever, from the inbox folder. </strong> </p><p>Correct, this is an imap mail account.  Each imap folder will synchronise with gmail label/folder with same name on server.  It will display whatever is that folder. Imap accounts can only display whatever is on the server. It is in effect a mirror copy of what you see on server. If you delete or move an email in an imap account folder, when it synchronsies with server the server is updated and also vis versa. If you logon to webmail account and delete or move emails, then when you look in Thunderbird, it will auto update to show what is currently on server.  If you have a phone that uses imap to sync with server and it deletes an email, the server gets updates and then Thunderbird on computer gets updated, so everything is all the same no matter what method you use to see emails. </p><p>I did have someone who logged onto webmail and deleted a load of emails to increase the available server quota and then they were shocked to discover all those emails were suddenly deleted from their imap folders.  You should not consider anything in an imap account folder as truelly independent of server because everything synchronises. If you need to keep copies of emails, but also need to create space on server, then you should get 'Copies' of emails in imap folder and put them into a suitable folder located in 'Local Folders'. I say COPY because if something goes wrong you can redo and nothing is lost. Once you have good copies you can delete off server. please note - you do need to have download full copies in the first place otherwise you are just copying headers. Check you can read the emails in Local Folders. </p>",Toad-Hall,False,0,0
1765871,1535872,2025-09-20T16:16:28.305630Z,2025-09-20T16:16:28.305640Z,"<p>Who knew! I am blind and never really saw the word ""Primary Password"" when signing in </p><p>I had to change my Gmail pw figuring I could change the Gmail pw <strong>inside TB next</strong> </p><p>When I tried to open TB my primary password will not work in order to change my Gmail pw inside TB I don't know how to open TB without my primary password working </p><p>I DID NOT CHANGE MY PRIMARY PASSWORD! Thank you soooo much Frank M </p>",frankm1150,False,0,0
1765928,1535872,2025-09-20T20:33:09.866108Z,2025-09-20T20:33:09.866115Z,"<p>Thanks.  <a href=""https://support.mozilla.org/en-US/kb/protect-your-thunderbird-passwords-primary-password#w_reset-your-primary-password-if-you-have-forgotten-it"" rel=""nofollow"">https://support.mozilla.org/en-US/kb/protect-your-thunderbird-passwords-primary-password#w_reset-your-primary-password-if-you-have-forgotten-it</a> describes how to REMOVE your primary password. This will cause any saved passwords and other security information to be deleted. </p>",wsmwk,False,0,0
1766340,1535769,2025-09-22T13:47:43.391551Z,2025-09-22T13:47:43.391558Z,"<p>Anche io ho lo stesso problema. 1) la cartella ""Posta inviata"" ora è apparsa all'interno della cartella ""Cartelle locali"" ,e non allo stesso livello di ""Posta in Arrivo"" 2) pur avendo verificato  il flag  ""Per il punto 1 Menu &gt; Impostazioni account &gt; NOME_ACCOUNT &gt; Sincronizzazione e archiviazione assicurati che sia attiva la voce Sincronizza in locale i messaggi di qualunque età"" non vengono scaricati i messaggi inviati precedentemente </p><p>Roberto Benelli </p>",benellir,False,0,0
1766391,1535872,2025-09-22T15:55:46.266869Z,2025-09-22T15:55:46.266875Z,<p>I got the text pasted but I got this message: </p><p>VM275:1 Uncaught ReferenceError: openDialog is not defined </p><pre>   at &lt;anonymous&gt;:1:1 </pre> <p> What do I do now? </p>,frankm1150,False,0,0
1766404,1535872,2025-09-22T16:22:36.358822Z,2025-09-22T16:22:36.358840Z,"<p>Which text string did you use?  ""If using version 78 or later ...""? Please post a screen shot. </p>",wsmwk,False,0,0
1766410,1535872,2025-09-22T16:29:58.670063Z,2025-09-22T16:29:58.670069Z,<p>The 2nd one  I guessed </p>,frankm1150,False,0,0
1766433,1535872,2025-09-22T17:23:19.370452Z,2025-09-22T17:23:19.370460Z,"<p>The string is case sensitive <strong>openDialog(""chrome://pippki/content/resetpassword.xhtml"")</strong> </p>",wsmwk,False,0,0
1766438,1535872,2025-09-22T17:43:48.366140Z,2025-09-22T17:43:48.366147Z,<p>I copied the text you just sent me  </p><p>It changed case to lower case Screen shot attached </p>,frankm1150,False,0,0
1766439,1535872,2025-09-22T17:47:10.491982Z,2025-09-22T17:47:10.491989Z,"<p>Indeed, I see some strangeness in how the error console behaves.  If needed, erase the entire word and retype as openDialog. </p>",wsmwk,False,0,0
1766461,1535872,2025-09-22T18:55:08.122567Z,2025-09-22T18:55:08.122572Z,<p>I retyped openDialog   and pasted the rest No Evlauate button pressed Enter </p><p>Same resuit </p>,frankm1150,False,0,0
1766477,1535848,2025-09-22T20:10:39.765060Z,2025-09-22T20:10:39.765067Z,"<p>To close the loop here, alas, I am giving up on Thurnderbird to use for Gmail. In general I think Thunderbird is one of the better email clients for Gmail when used with a new account or for current emails only. However, it is not suited for the off-line Gmail back up / archive use case. Besides two features above (Move To: and Archive) that don't work with Gmail, I also tried a more laborsome multi-step process of first Copy To: (local folders), Delete from on-line folders within Thunderbird UI, and then empty Trash. This was only partially successful until two actions. First I inadvertently rushed and hit Delete before doing Copy on a bunch of emails and had to fish for them in the Trash and put them back. Secondly after a small number of messages Thunderbird refused to copy more emails from on-line Sent folder to the local folder equivalent. There was no error. It simply wouldn't create selected messages in local folder. I realized it too late after deleting a bunch of Sent mail thinking it was already copied. I am not sure why this happened - maybe there's something special about Sent emails that makes them different from received emails and screws up Thunderbird by copying them into a local folder. Or maybe it is the sheer size of my bloated on-line gmail that Thunderbird 140.2 on Ubuntu is not calibrated to retrieve efficiently. Either way I ended up with a messed up on-line gmail after trial and error with the local Thunderbird client, including duplicated messages from trying to undo relocation of messages that were moved from folders but not deleted and then messages deleted while not actually copied locally, and see no point of trying to continue with Thunderbird. I have previously downloaded my Google data, including gmail, using Google Takeout, so in theory I have my gmail backed up before the Thunderbird experiment. My conclusion is that I will be deleting Thunderbird locally and just keeping my Google Takeout copy. I will then be deleting just enough of the oldest messages in live on-line Gmail directly from All Mail folder to make enough room to keep the account workable. Then at some point in the future I will do another Takeout and this is how I will have my gmail ""sort of"" backed up on on-going basis. I have not achieved my goal to be able to bring organized gmails by folder/label for convenient browsing off-line. So I am just left with the ""blob"" of Takeout data that I can theoretically use, if I really really really need to find something in the old messages. This is not ideal, but I haven't found any better way that is reliable and not very time consuming, alas. </p>",gupetrov,False,0,1
1766480,1535912,2025-09-22T20:16:57.971483Z,2025-09-22T20:18:17.236078Z,"<em><p>Toad-Hall <a href=""#answer-1765840"" rel=""nofollow"">said</a></p></em> <blockquote>Here is a bunch of information which people may find useful and works for me.   </blockquote> <p>Thanks for your replies, I read through them several times, here's my questions: </p><p>1) <strong>In Folder Pane view unsubscribe from seeing the 'All Mail' folder</strong>   I went into gmail and unchecked the imap label in settings before adding my gmail account to TB, so I believe All Mail is already gone in my TB? I dont see it listed. See screenshot attached </p><p>2) ""<em><strong>Check the Account Settings &gt; Copies &amp; Folders. Under 'Archives' choose something other than 'All Mail'. Maybe create a folder which you can use for Archived emails.</strong></em>""  I need more info on what to do there or a screenshot highlighting which part. There are 3 options.  The ""<em>archives folder on'</em> or the ""other<em> section or ""</em>Archive Options"" ? </p><p>3) <strong> If you uncheck the 'keep messages in all folder.....' then click on 'Advanced' button All the folders and subfolders should not be selected and that means for all folders only download headers. </strong> None of my folders are checked except drafts, so this is correct or ? See screenshot attached </p><p><br> 4) <strong>Options are to remove the label so it's only stored in 'All Mail' or put into another folder which you then unsubscribe from seeing. You could select batches of emails and then click on 'Archive. Gmail would remove all labels and then only store in the 'All Mail' folder which you can choose not to see. Or you can select emails and use 'Shift+Del keys on keyboard to delete by-passing the Trash. Gmail sees this as 'remove the label' and store in 'All Mail'. Or you can create another folder - move aload of emails into it then unsubscribe from seeing that folder'</strong>    </p><p>If I unsubscribed from all the folders, except the Archive one,  then would I not get new emails?  </p><p>I was just trying to figure out a way to not download thousands of headers or emails and still get new emails. Not wishing to archive anything nor really understand archiving thing. For instance, I have another email client called FairEmail, it uses imap also. And only shows 7 days (rolling) of emails. Never downloads everything, not even headers. Seems to just be a TB behavior </p>",JOEY61,False,0,0
1766736,1535912,2025-09-23T17:17:20.087918Z,2025-09-23T17:17:20.087928Z,"<em><p>JOEY61 <a href=""#answer-1766480"" rel=""nofollow"">said</a></p></em> <blockquote> Thanks for your replies, I read through them several times, here's my questions:  1) <strong>In Folder Pane view unsubscribe from seeing the 'All Mail' folder</strong>   I went into gmail and unchecked the imap label in settings before adding my gmail account to TB, so I believe All Mail is already gone in my TB? I dont see it listed. See screenshot attached  </blockquote> <p>If you do not see it in the Folder Pane where you see your gmail account and it's folders then it's gone. As you accessed gmail webmail account and unchecked 'Show in Imap' then the 'All Mail' should not appear in the Subscribe list. </p> <blockquote>  2) ""<em><strong>Check the Account Settings &gt; Copies &amp; Folders. Under 'Archives' choose something other than 'All Mail'. Maybe create a folder which you can use for Archived emails.</strong></em>""  I need more info on what to do there or a screenshot highlighting which part. There are 3 options.  The ""<em>archives folder on'</em> or the ""other<em> section or ""</em>Archive Options"" ?  </blockquote> <p>in gmail imap account create a folder and call it something suitable eg: 'Archives' or 'OldStore' (I create one called OldStore because it reminds me it's not a default server folder, it's one I created for my Archives.)  In 'Account Settings' &gt; 'Copies &amp; Folders'. Under 'Archives' select this: 'Other' and choose the folder you created eg: OldStore on gmail account 'Archive options' should be greyed out and not available. I've attached an image blow showing all my settings in 'Copies &amp; Fodlers' for my imap gmail account. </p> <blockquote> 3) <strong> If you uncheck the 'keep messages in all folder.....' then click on 'Advanced' button All the folders and subfolders should not be selected and that means for all folders only download headers. </strong> None of my folders are checked except drafts, so this is correct or ? See screenshot attached </blockquote> <p>That means- for that particular gmail email address/account, only your Drafts folder downloads full copies. All other folders will only download headers.  Is this correct? - It depends upon what you want to achieve. </p><p>Do you want to download full copies of all emails in all folders or only some or none? Do you have very limited available space on C: drive and need to solve that problem? Do you need to be able to still read emails if you lose internet connectivity? Do you want to create a backup of all your profile data including emails that is totally independent of the server? Do you want to create copies of very important emails into your 'Local Folders' account? </p><p>Download full copies means if you go offline or lose internet temporarilly, you can still continue to read emails you have already downloaded. Download only headers means without connection to server (if no internet) you will not be able to download on demand so will not be able to see any email content. </p><p>You could choose to download full copies for certain folder but not others eg: Download full copies for 'Inbox', but only headers for 'Spam' </p><p>Download full copies of all emails means you can create a backup of profile and that will backup all profiles, all accounts, all emails, all address books, calendar etc etc.  If you do not download full copies of emails, then backing up profile will only backup headers which is not much good if you cannot see any email content.  </p><p>If space is problem on C:Drive then one course of action is to restrict what is downloaded. If you only download headers then as nothing is being stored locally other than headers, it means it uses less space on computer.  If you select folders to download full copies then you can use the option 'synchronise the most recent' eg: 30 days.  That will download full copies of only the most recent 30 days of emails  and download only headers of anything older.  Please note that would only apply to any folder you selected to download full copies. But you will need to compact those folders on a regular basis to maintain that storage restriction and keep files tidy. </p><p>You have quite a choice of options in an imap account, but you would need to consider what you want to achieve and what you expect from Thunderbird in order to make those choices. I can offer more tailored advise if I know what it is you need from Thunderbird. </p> <blockquote> 4) <strong>Options are to remove the label so it's only stored in 'All Mail' or put into another folder which you then unsubscribe from seeing. You could select batches of emails and then click on 'Archive. Gmail would remove all labels and then only store in the 'All Mail' folder which you can choose not to see. Or you can select emails and use 'Shift+Del keys on keyboard to delete by-passing the Trash. Gmail sees this as 'remove the label' and store in 'All Mail'. Or you can create another folder - move aload of emails into it then unsubscribe from seeing that folder'</strong>     If I unsubscribed from all the folders, except the Archive one,  then would I not get new emails?  </blockquote> <p>Correct - but imap accounts are not designed to work that way. Imap accounts are designed to show you a mirror copy of whatever is on server. When you create an email there is a synchronisation required with server, so you need to have folders subscribed.  You would also find in order to function you would need to see a minimum of the default folders. The default folders being 'Inbox', 'Drafts', 'Sent', 'Spam' and 'Trash' (some people see 'Bin' instead of 'Trash) In addition, I would also add the archives folder whatever you call it - I called mine 'OldStore' </p> <blockquote> I was just trying to figure out a way to not download thousands of headers or emails and still get new emails. Not wishing to archive anything nor really understand archiving thing. For instance, I have another email client called FairEmail, it uses imap also. And only shows 7 days (rolling) of emails. Never downloads everything, not even headers. Seems to just be a TB behavior </blockquote> <p>If you do not want to download any headers for a set of emails that are old: Create a new imap folder Move a load of emails into that folder. Then unsubscribe from seeing that folder Logon to gmail and locate the folder you created - uncheck 'Show in imap'. Then emails are stored on server should you really need them, but as they no longer exist in the folders you are subscribed to see, they will not get downloaded at all. Please remember to compact folders after you have moved a load of emails out of them. </p>",Toad-Hall,False,0,0
1767084,1535872,2025-09-24T18:50:36.127719Z,2025-09-24T18:50:36.127725Z,"<p>Please do not abandon me When I pasted the code &amp; retyped openDialog hit enter and it changed back to all lower case and, I got the same error as before </p>",frankm1150,False,0,0
1767159,1535872,2025-09-25T01:05:17.371501Z,2025-09-25T01:05:17.371509Z,"<p>The change to lower case no longer happens for me. And when I paste it incorrectly and change ""d"" to ""D"" it sticks. </p>",wsmwk,False,0,0
1767410,1535872,2025-09-25T18:38:02.416294Z,2025-09-25T18:38:02.416302Z,<p>Attached is the screenshot after pasting I don't know what to do now </p>,frankm1150,False,0,0
1767431,1535872,2025-09-25T20:05:17.107083Z,2025-09-25T20:05:17.107090Z,"<p>Do you use s/mime, openpgp, or any other encryption method in Thunderbird? </p>",wsmwk,False,0,0
1767717,1535769,2025-09-26T16:26:47.635004Z,2025-09-26T16:26:47.635012Z,"<p>Grazie Roberto, ho attivato la voce ""Sincronizza in locale i messaggi di qualunque età"" ma non cambia nulla. Come ho detto a next ho provato ad installare MailBird e funziona tutto alla perfezione, per cui escluderei che ci siano anomalie da parte di Aruba. La cosa strana è che ho altre installazioni di Thunderbird in essere da alcuni anni su postazioni di miei Clienti, e funzionano benissimo. La mia sensazione è che a partire da una release di Thunderbird ci sia un Bug che crea anomalie nel funzionamento delle PEC. Devo provare ad installare un versione più vecchia di thunderbird e vedere se funziona, ad esempio la 120. Se non dovesse funzionare dovrò provare ad installarne una più vecchia, e così via fino a quando non funzionerà tutto correttamente. </p>",wolfenstein18,False,0,0
1767755,1535872,2025-09-26T18:49:51.270016Z,2025-09-26T18:49:51.270022Z,<p>I'm sorry I don't even know what those words mean </p>,frankm1150,False,0,0
1767804,1535872,2025-09-27T04:23:41.869170Z,2025-09-27T04:23:41.869176Z,"<p>1. Open Windows explorer where your profile exists <a href=""https://support.mozilla.org/en-US/kb/profiles-where-thunderbird-stores-user-data"" rel=""nofollow"">https://support.mozilla.org/en-US/kb/profiles-where-thunderbird-stores-user-data</a> 2. shut down thunderbird 3. Delete these files logins.json, key4.db, and cert9.db </p><p>The primary password will be gone, and Thunderbird will prompt you to supply all your account credentials. </p>",wsmwk,False,0,0
1770588,1535824,2025-10-08T17:30:31.669061Z,2025-10-08T17:30:31.669067Z,"<p>Grazie, ma guardare in quel forum tutto e solo in inglese per me è impossibile: so abbastanza la lingua ma non fino al punto di leggere tutto fluentemente. Ci ho rinunciato.  </p><p>Ora però, alla chiusura di Thunderbird, il problema non si ripropone. </p><p>Rimarrà un mistero. </p>",jadawin4,False,0,0
1772120,1535818,2025-10-14T20:22:34.771857Z,2025-10-14T20:22:34.771865Z,"<p>Still not getting messages on this machine. </p><p>Did some exploring of my machine and found several instances of inbox.msf scattered about.  Deleted all of them. No change. </p><p>In c:""documents and settings/application data"" I found a Thunderbird sub directory with an entirely different profile default. </p><p>I have Thunderbird installed on a different drive. </p><p>Even downloaded the version on the machine and reinstalled it.  No change, still gets to the point of  'connected to <a href=""http://inbound.att.net"" rel=""nofollow"">inbound.att.net</a>"" and stops there. </p><p>FWIW, I can send messages without issue. </p>",alphonsobellinni,False,0,0
1774395,1535794,2025-10-24T08:55:09.243905Z,2025-10-24T08:55:09.243913Z,"<p>anche io ho lo stesso problema. ho configurato il client di posta thunderbird con mail e pec anche di due provider differenti e la PEC di Legalmail non si aggiorna in tempo reale. Ho effettuato un confronto anche con il client di outlook e quest'ultimo  si aggiorna correttamente.  se può essere utile rispondo alle info richieste:  Versione di Thunderbird : 144.0.1 Versione del sistema operativo: Windoes 11 Pro vers. 24H2 Provider delle caselle email (Gmail, Libero, Hotmail, etc.) : Aruba Provider delle caselle pec : legalmail e Aruba Tipologia di account (POP3, IMAP): IMAP Estensioni installate : NESSUNA Messaggi di errore che vengono visualizzati durante l'utilizzo di Thunderbird: NESSUNO Software di sicurezza eventualmente presenti (Antivirus e simili): AVAST ANTIVIRUS e MS defender firewall Screenshot del problema (se utile a chiarire il contesto) : non c'è alcun screenshot da caricare.  </p><p>Ho chiesto al provider Legalmail e loro non ritengono dipenda da loro.  grazie </p>",roberta.rossetti,False,0,0
1776072,1535899,2025-10-31T11:29:13.436190Z,2025-10-31T11:31:18.324841Z,"<p>Hi, You may please try he following </p><p>Settings--&gt;General--&gt;Config Editor... This will land you on ""Advanced Preferences"" tab within Thunderbird. In the search bar type ""color"" It will show you all the modifiable entries which has ""color"" as keyword Select ""browser.display.document_color_use"" Change its value to '1' from 0. Close the ""Advanced Preferences"" Tab. Restart TB for changes to take effect. Compose a new mail and test whether the changes have come into effect or not. </p><p>I hope this works for you, since it worked for me. I am using TB 140.4.Oesr(64 Bit) in Ubuntu 25.0 </p>",trivedinipun1973,False,0,0
1776754,1535861,2025-11-03T16:36:01.103253Z,2025-11-03T16:37:22.806139Z,"<p>If you are facing an issue while downloading videos or images from Pinterest, you can try this site, working fine for me. <a href=""https://pinsdownloader.org"" rel=""nofollow"">pins downloader </a> </p>",pinsdownloaders,True,0,0
1777150,1535875,2025-11-05T15:12:47.133364Z,2025-11-05T15:12:47.133372Z,"<p>blue, please see <a href=""https://bugzilla.mozilla.org/show_bug.cgi?id=1972457#c28"" rel=""nofollow"">https://bugzilla.mozilla.org/show_bug.cgi?id=1972457#c28</a> </p>",wsmwk,False,0,0
1777151,1535875,2025-11-05T15:13:43.113744Z,2025-11-05T15:13:43.113752Z,"<p>Correction, <a href=""https://bugzilla.mozilla.org/show_bug.cgi?id=1972457#c27"" rel=""nofollow"">https://bugzilla.mozilla.org/show_bug.cgi?id=1972457#c27</a> </p>",wsmwk,False,0,0
1793359,1535848,2026-01-12T17:18:12.523797Z,2026-01-12T17:21:11.489176Z,"<p>I have been wanting to do EXACTLY THIS and am poised to do it... well, until I found this post. Can a knowledgable person confirm whether or not this can be done? I'm paying google $1.99/month to hold my email, and it bothers me deeply to be giving this company (google, that is) any of my money.  (I'm slowly shifting out of gmail, but I still need to keep the account running.) I'd like to download ALL my Gmail to TBird, delete much of it off the gmail servers, yet keep it locally, on Thunderbird. Advice before I, too, mess up all my gmail? </p><p>If it *can* be done, my next question would be: should I just set up TBird and let it download all (probably close to 100,000 emails), or should I use Takeout to initially set up TBird?  Will it download the content of the emails as well as attachments? Thanks! </p>",operaflute,False,0,0
1795352,1535848,2026-01-21T21:48:36.736368Z,2026-01-21T21:48:36.736376Z,"<p>I've been working to solve this exact issue for a few days now. I'm sorry that I have not kept links to all the articles that have been helpful- there is at least one thread that addresses the Gmail All Mail folder directly. The summary is that Thunderbird stores messages in different folders. Gmail, on the other hand, stores ALL the messages in only one folder: All Mail. What seems to be message folders in Gmail are actually message tags, not folders. That is, what appears to be a message folder is simply all the messages stored in All Mail that have this particular tag. A message can have multiple tags, and appear to appear in multiple ""folders"" but in fact is stored only once on the Gmail servers. </p><p>Thunderbird knows how to read those Gmail tags, creates a folder for each tag, and stores a copy of the message in each of those folders in your user profile. </p><p>After Thunderbird has archived messages, and they have disappeared from the corresponding 'folder' on Gmail, the message still needs to be deleted from Gmail's All Mail folder. This is the piece that I have not yet found a tool to do 'automagically'. </p><p>Also, you DO NOT want to synchronize the All Mail folder: image attached. </p>",clifmks,False,0,0
1795353,1535848,2026-01-21T21:53:21.675108Z,2026-01-21T21:53:21.675114Z,"<p>Also, messages ""Archived"" using Gmail's Archive function simply have the tags removed- so now it's simply an unlabeled message in All Mail. </p> <ul><li> I just realized that I've been saying 'tag' and Gmail uses the word 'label'. </li></ul>",clifmks,False,0,0
1795417,1535848,2026-01-22T03:11:10.288636Z,2026-01-22T03:11:10.288666Z,"<p>Hi, Clifmks and Operaflute!  As you can see, there are no replies to the thread from Mozilla developers even though it is an official Support forum. Thus, you should really just go with ""what you see is what you get"". I guess it won't be too fair to complain about non-working features or lack of Support attention for a free product. Clifmks confirms essentially what I have described in my posts. Thunderbird can read and organize email by gmail labels locally, but it still won't archive email from gmail on-line quota in an organized fashion.  Moreover, trying Thunderbird for ""archiving"" removes gmail labels, but then still leaves messages and attachment data in the gmail on-line quota since the messages are not removed from All Mail. When the labels are removed, the messages are now even more difficult to identify in any categorized way out of All Mail.  This is why I gave up on trying Thunderbird for this purpose. Now... to Operaflute's questions. By default gmail Takeout produces one file in .mbox format that essentially consists of that All Mail folder that we have been discussing as the centerpiece of gmail with no obvious categorization. Thunderbird natively supports .mbox format, so theoretically you should be able to do the Takeout and then open resulting .mbox locally and then delete emails from on-line gmail quota. In full honesty I haven't tried it and given the non-working archive features I would give it 50/50 chance that Thunderbird won't choke on a large .mbox file and would import it in full. Try it and post here how it goes. While contemplating the response (and now with AI companions) I found that there is potentially a more graceful way. If you override default Takeout settings for gmail (In Mail section of Takeout go into options and unclick ""Include all messages in Mail"" and instead select individual labels (there are labels for Inbox and Sent too). Copilot is telling me that this approach will result in multible .mbox files where each contains just emails tagged with selected labels. This should in theory allow you to import the separate .mbox files into separate folders. At this point I have just ordered such Takeout and waiting for google to provide me a download (my previous takeout from last year was just a single .mbox since I wasn't aware of the other option). I am currently pretty busy and even if I get my takeout soon I probably won't get to trying again with Thunderbird for a while. Yet, if this archiving topic is important for you and you think this new approach (multiple .mbox files by label) would be a potential solution for your needs and you prove that it works, then please post here the results since it looks like people are finding these write ups when searching for ways to archive gmail. Thanks and good luck! </p>",gupetrov,False,0,0
1795580,1535848,2026-01-22T17:51:48.146110Z,2026-01-22T17:51:48.146115Z,"<em><p>GP <a href=""#answer-1795417"" rel=""nofollow"">said</a></p></em> <blockquote>Hi, Clifmks and Operaflute!  As you can see, there are no replies to the thread from Mozilla developers even though it is an official Support forum. Thus, you should really just go with ""what you see is what you get"". I guess it won't be too fair to complain about non-working features or lack of Support attention for a free product. </blockquote> <p>This is a peer-to-peer support forum for users. You all are giving each other peer-to-peer support. </p><p>This discussion may help: <a href=""https://support.mozilla.org/en-US/questions/1561623"" rel=""nofollow"">https://support.mozilla.org/en-US/questions/1561623</a> </p><p>Your challenge with allmail related to space is a Google issue, not a Thunderbird issue. You would have the same issue even if you used only gmail. As far as I know, one must permanently delete messages from gmail's trash in order to free space because allmail includes trash. I assume that you could do that in Thunderbird. </p><p>I don't use gmail, so don't rely completely on me. </p><p>Setting an archive folder in the local folders account should work. </p><p>If you have one blob in takeout, do it again and request messages organized by label/folder. </p><p>For 100,000 messages, I would use takeout and then move the mbox files through the file system into the local folders account in Thunderbird. This is not a 50/50 proposition. Many people have done it. But downloads all those messages and then moving them to local folders should work too. Yes, attachments would be included. There are some steps to take to make sure that all messages are completely in Thunderbird. </p><p>I have not read this whole discussion carefully, so I may be missing something. I see that you already discovered the other takeout option. If you have more questions, please ask. </p>",mozilla98,False,0,0
1795927,1535848,2026-01-24T02:08:54.707509Z,2026-01-24T02:08:54.707514Z,"<p>Hi, Rick - I am not sure what is the point of your reply, since you say you don't use gmail and just theorizing. This post is about what has actually been tried, what works, what doesn't, and what specific actions users can try further.  The discussion is not about gmail - we all at this point understand how it works and how it is different from traditional email services and clients. The topic is about a possibility of using Thunderbird for off-line archiving of gmail in a way that messages can be removed from gmail, yet remain stored locally with retaining their categorization.  The fact that Copy To:, Move To:, and Archive features of Thunderbird work the same way and don't remove messages from gmail is 100% Thunderbird issue and not gmail. Either bad design (why have three features that do the same thing) or implementation limitations. The header of each message in gmail is plenty sufficient to identify the message uniquely and perform additional removal from All Mail as part of Archive sequence, if Thunderbird really wanted to make it work. I find it unfortunate that Thunderbird is artificially limiting itself only to use cases of smaller gmail accounts when it is already going 90% of the distance with excellent interface and mapping of gmail labels to folders. On top of so much time and effort already invested in a great email client, there is really just one incremental programming effort of synching up All Mail that would make Thunderbird usable for all gmail users, including those who need to off-load historical emails to a local storage. Since you seem to doubt that my 50/50 chance of ingesting a large .mbox correctly is accurate, please perform an import of a at least a 15 GB .mbox (current gmail account limit) and report back, if you succeed. We will all appreciate it and benefit from this knowledge. My 50/50 chance is based on factual attempt to manually move large amount of emails (1,000+) from a Sent folder within the Thunderbird client from IMAP location to a local folder and it didn't work. </p>",gupetrov,False,0,0
1795931,1535848,2026-01-24T02:45:51.934066Z,2026-01-24T02:45:51.934075Z,"<p>My response was based on personal experience, advice from other people in the forum, advice that I have given to other people in the forum, advice that people have used and that has worked for them. I am not just theorizing. I gave you useful information. Whether or not you use it is up to you. </p><p>I did my best to help you because no one else was helping you and you were complaining about not getting a response. You might appreciate both the effort and the information instead of wondering what the point was, being argumentative, and issuing a challenge to me. </p><p>Thunderbird does not have storage limits. I have moved large folders into Thunderbird many times. Other users have moved very large folders into Thunderbird using the process that I suggested to you. Some of them have used Google takeout. </p><p>If you have difficulty moving 1,000 messages from a sent folder to a local folder, there's something unusual in your system. On my system, copying 2,000 messages from an IMAP folder to a local folder takes about three seconds. </p><p>You won't get more help from me. You can wait and see if anyone else responds. </p>",mozilla98,False,1,1
1795935,1535848,2026-01-24T03:57:30.359085Z,2026-01-24T03:57:30.359091Z,"<p>This is not a Thunderbird issue. It is all about Gmail's peculiar, non-standard system. Thunderbird can accommodate it, but you have to work with Gmail's way of thinking. </p><p>One possible workaround is to make a Thunderbird filter rule that runs manually with the criteria of ""more than X days"" and the actions, (1) copy to a local folder, and then (2) deletes the message from Gmail. </p>",rednoise,False,0,0
1795938,1535848,2026-01-24T04:24:54.611381Z,2026-01-24T04:24:54.611387Z,"<p>Hi, Lin - can you elaborate please on where and how you structure the rule that achieves (2) deletes the message from Gmail specifically for the messages (1) copy to a local folder. The issues outlined in this post are all about Thunderbird NOT deleting email from gmail's on-line All mail upon using Thunderbird client's Moving/Archiving features. If there is a way to additionally force delete reliably specific messages from on-line account that have been archived locally, then this could be a solution to the issue. </p>",gupetrov,False,0,0
1795961,1535848,2026-01-24T07:29:06.536400Z,2026-01-24T07:29:06.536406Z,"<p>MOVE operations do not delete messages from Gmail, because there are no actual folders in Gmail to delete from, only labels. To work around that you can COPY the message, then explicitly DELETE it. The filter would look something like the attached image. </p>",rednoise,False,1,0
1796092,1535848,2026-01-25T02:51:17.560588Z,2026-01-25T06:49:39.085426Z,<p>Please disregard this post. It was intended for another thread. </p>,rednoise,False,0,0
1796273,1535848,2026-01-26T00:42:24.252635Z,2026-01-26T00:42:24.252643Z,"<em><p>GP <a href=""#answer-1795938"" rel=""nofollow"">said</a></p></em> <blockquote>The issues outlined in this post are all about Thunderbird NOT deleting email from gmail's on-line All mail upon using Thunderbird client's Moving/Archiving features. </blockquote> <p>GP - Run a thought exercise with me.  1. In gmail, move a message from one 'folder' to another. The message is still in All Mail. 2. Still in gmail, archive a message. All that happens is that the message disappears from Inbox; it's still in All Mail. So: what Thunderbird is doing is simply attempting to mimic gmail's behavior. Seems reasonable to me. </p> <blockquote>If there is a way to additionally force delete reliably specific messages from on-line account that have been archived locally, then this could be a solution to the issue. </blockquote> <p>Lin's suggested filter looks to me like it should accomplish what I think you are asking. I believe (although I can't say that I have definitively confirmed) that (from gmail) deleting a message from any 'folder' where it appears removes that message from ALL gmail 'folders', including All Mail. If this is the case, explicitly deleting a message from a linked gmail IMAP (or POP3) using Thunderbird should accomplish the same thing. </p><p>I'm fairly certain I do not understand Thunderbird's archive command. I know I have read multiple cautions against ever trying to use it, so I have ignored it. </p><p>I last used Thunderbird over a dozen years ago. It worked very well for following several newsgroups and three different email providers. As my use case and work environment changed my need for those functions faded, and one day I never installed Thunderbird on my new computer. </p><p>Now, due to my desire to accomplish essentially your OP request, I have installed Thunderbird again and am working my way through all the pieces I thought I knew but am discovering that there was stuff going on behind the scenes that I wasn't aware of. Stuff that is messing with how I expected things to work. I posted a description of what I have learned so far over in Operaflute!'s thread <a href=""https://support.mozilla.org/en-US/questions/1560065#answer-1796242"" rel=""nofollow"">here.</a> </p>",clifmks,False,0,0
1796501,1535848,2026-01-27T03:54:46.774823Z,2026-01-27T03:54:46.774830Z,"<p>GP - Run a thought exercise with me.  1. In gmail, move a message from one 'folder' to another. The message is still in All Mail. 2. Still in gmail, archive a message. All that happens is that the message disappears from Inbox; it's still in All Mail. So: what Thunderbird is doing is simply attempting to mimic gmail's behavior. Seems reasonable to me. </p><p>Thank you clifmks for the thoughtful response and describing what has worked for you. In the thought exercise we need to establish the definition. What I understand under ""archiving"" is taking an item from one location and moving it to another physical location with the same categorization of the item and in a way that the item no longer exists in the original location. Thus, your thought exercise is certainly valid, but you are talking about ""archiving"" within the same location (i.e. moving from folder to folder or changing label attributes, as it is the case when messages are located in the on-line gmail). I get it, I understand that gmail labels are not the same as folders, but I am trying to achieve a systematic process of removing messages from gmail and storing them locally while preserving categorizations (be it in the form of labels, folder structure, hashtags, or whatever). I had no problem managing between labels and folders and I like how Thunderbird natively maps labels to folders when adding a gmail account. My problem has always been with the lack of simultaneous removal of the message from gmail on-line when the message is put into an intended local ""archival"" destination with Thunderbird's desktop client. This is important for the purpose of the ""archive"" definition that I am using above because otherwise there are definite risks of disconnects that result in messing up gmail for the same reasons that we all understand about Gmail's labels vs All Mail architecture. At this point with all responses this thread definitely confirms that such systematic archival is not possible with Thunderbird's Move To:/Archival features and instead requires at least a two step process (Copy + Delete). Now, I believe the process you have described (and thank you for linking more detail in response to operaflute) will achieve a reliable one-time (aka point-in-time) archiving. I really like your idea of doing OS copy of the <a href=""http://imap.gmail.com"" rel=""nofollow"">imap.gmail.com</a> content as it is a simpler approach to managing Takeout files. Augmenting this with Lin's rule may ultimately be a solution. In Lin's rule screen shot he copies and deletes everything based on the time stamp. For my purposes I will need to experiment with copying and deleting using a combination of elements (e.g. specific folders in addition to timestamp) to achieve categorization. Separate ""thank you"" shout out to Lin for including the screen shot and recommending the delete action in the rule. My gmail is coming up to being full again in a month or so and I will be trying out the recommendations. </p><p>PS - funny that everyone in the forum seems to be upset with me saying there are problems with Thunderbird working (or not working) in a certain way, yet at the same time everyone says ""don't use archiving feature"" ;) Yet let's not pick up the topic of ""problems"" with Thunderbird again ;) </p>",gupetrov,False,0,0
1796502,1535848,2026-01-27T03:55:23.403857Z,2026-01-27T03:59:17.439240Z,<p>Removing text as seemingly response above got posted twice. </p>,gupetrov,False,0,0
1796547,1535848,2026-01-27T12:44:55.554931Z,2026-01-27T12:44:55.554939Z,"<p>Just a comment: from my experience, Thunderbird's archive does not fit with Allmail. Further, using MOVE for messages can be a disaster. COPY and DELETE work. I wish you well in your pursuit. </p>",davidsk,False,0,0
1796573,1535848,2026-01-27T15:40:26.684759Z,2026-01-27T15:40:26.684765Z,"<p>Regarding David's remark ""using MOVE for messages can be a disaster"" ... Move is an invitation for disaster in any environment and always has been, in my experience. (Off Topic: One could generalize and postulate that convenience  always increases risk.) </p><p>GP- You're welcome.  You are absolutely correct that definitions are critical. I've been dinking around with software and computers for over 40 years now. One thing I have learned is: My definition is largely irrelevant*. The only definition that matters is the developer's definition. [Not wanting to quarrel with you, just sharing an observation.] Of course, when their definition doesn't fit my use case it's my life that is impacted, not theirs. So yes, the aggravation is real. </p> <ul><li> My definition is important as well, because it's only when I accurately understand the difference between my definition and the developer's definition that I can begin to work towards a solution for my dilemma. </li></ul> <p>From my recollection of all the reading I've done here over the past few days, I think the warnings against using Thunderbird's Archive tool  have to do with potential loss of data. That is, there seem to be cases where archive has burped and users lost messages. As this is not a Thunderbird Developer forum, nor a designated space for bug reports or feature requests, we are left with trying to help each other make the best of an imperfect situation. </p><p>And based simply on this thread, and the valuable contributions from Rick, David, and Lin, this forum is accomplishing its purpose. In fact, it was through searching here that I learned what I needed to accomplish the process I shared with you above. </p><p>Now I'm shifting gears: You mention ""using a combination of elements (e.g. specific folders in addition to timestamp) to achieve categorization."" In my situation I wish to weed out duplicates in my Local Folders message store. (Don't ask. SNAFU is a real thing.) To that end, I was trying out Eyal Rozenberg's <a href=""https://addons.thunderbird.net/en-US/thunderbird/addon/removedupes/"" rel=""nofollow"">Remove Duplicates</a> and discovered a discussion of Betterbird. I bring this up because Butterbird claims to have a superior filtering engine that can accomodate complex criteria. You might wish to investigate further. (These issues are both different topics, so I won't discuss any further here.) </p>",clifmks,False,0,0
1801490,1535848,2026-02-22T03:05:08.912501Z,2026-02-22T03:05:08.912508Z,"<p>Hi, I stumbled on this thread while looking for something quite different. So sorry if this doesn't help, but it occurred to me that if you used POP rather than IMAP you could set it up to delete messages from the gmail server automatically. If you set it to leave them on for say 60 days before deleting, you can still see the last 60 days directly on gmail when away from your Thunderbird client (e.g. on your phone) but the storage problem goes away. I'm not going to come back here, so don't bother telling me if I've missed the mark. If it works, you're welcome. Have a good one. </p>",RodBower,False,0,0
1802188,1535848,2026-02-25T18:46:29.743891Z,2026-02-25T18:51:04.791556Z,"<p>Okay, the filter option as posted by Lin lines up with the ""never move, always copy and delete"" concept.  I am both tempted and terrified to try it.  But it would accomplish exactly what I am trying to do.  Use Thunderbird daily, and also get majority, but not all,  of my data off of gmail's servers. </p>",operaflute,False,0,0
