id,question_id,created,updated,content,creator,is_spam,num_helpful,num_unhelpful
1707944,1489704,2025-01-31T00:46:24.641112Z,2025-01-31T00:46:24.641118Z,"<p>I guess it is the same issue you had last time.  In about 99 of every 100 folk complaining about inabiliuty to connect  I find myself asking them what the error message is.  I can not guess,  so oyu have to tell me, or anyone else trying to help you. </p><p>As this has been a long standing issue I would guess it is your antivirus program dropping the ball.  But that is just a guess based on really nothing other than they have been a real problem with email over the years. </p>",MattAuSupport,False,0,0
1707945,1489713,2025-01-31T00:47:22.855384Z,2025-01-31T00:47:22.855390Z,"<p>Is there an antivirus program in the mix there,  trend perhaps? </p>",MattAuSupport,False,0,0
1707965,1489715,2025-01-31T01:13:22.906273Z,2025-01-31T01:13:22.906280Z,"<p>See <a href=""https://support.mozilla.org/en-US/kb/cannot-receive-messages"" rel=""nofollow"">https://support.mozilla.org/en-US/kb/cannot-receive-messages</a> and <a href=""https://support.mozilla.org/en-US/kb/cannot-send-messages"" rel=""nofollow"">https://support.mozilla.org/en-US/kb/cannot-send-messages</a> </p>",MattAuSupport,False,0,0
1708010,1489761,2025-01-31T07:56:43.372259Z,2025-01-31T07:56:43.372266Z,"<p>The nature of a POP3 account is that it retrieves the emails from the Email Server and deletes their existence from there. So, yes, you could delete both but you would probably lose all your emails. </p><p>There are several possible ways around this but you should definitely back up all your profiles before trying anything. </p>",frisée,False,0,0
1708017,1489762,2025-01-31T08:27:16.494947Z,2025-01-31T08:27:16.494956Z,"<p>Fai un backup del tuo profilo -&gt; <a href=""https://support.mozilla.org/it/kb/profili-thunderbird#w_effettuare-una-copia-di-sicurezza-del-profilo"" rel=""nofollow"">https://support.mozilla.org/it/kb/profili-thunderbird#w_effettuare-una-copia-di-sicurezza-del-profilo</a> Reinstalla Thunderbird a partire da un installer completo che puoi scaricare da qui -&gt; <a href=""https://www.thunderbird.net/it/thunderbird/all/"" rel=""nofollow"">https://www.thunderbird.net/it/thunderbird/all/</a> </p><p>Dopo l'installazione riavvia il sistema operativo. </p>",'@next,False,0,0
1708026,1489764,2025-01-31T09:30:30.781782Z,2025-01-31T09:30:30.781789Z,"<p>Please provide screenshots of the errors you are getting. Is this an IMAP or POP account? Are you running Thunderbird on a computer, Mobile, Tablet or something else (please specify)? Which version of Thunderbird are you using? Which Operating System are you using? </p>",frisée,False,0,0
1708027,1489749,2025-01-31T09:31:52.233078Z,2025-01-31T09:31:52.233085Z,"<p>As this is a new PC, you may need to set it up to allow TB to access the Internet. Are you running Third Party software? If so, have you created an exception for Thunderbird to access the Internet? </p>",frisée,False,0,0
1708028,1489736,2025-01-31T09:34:52.328302Z,2025-01-31T09:34:52.328309Z,<p>TB doesn't support multi-factor authentication and needs an SMTP server to send email. Please contact your school's IT administrator for information as to how it might be achieved. </p>,frisée,False,0,0
1708029,1489736,2025-01-31T09:36:32.956265Z,2025-01-31T09:36:32.956271Z,"<p>My IT Dept refuses to activate it citing security risks, is implementing this something that's achievable for third party clients? Google's Gmail works fine with this. </p>",csmyarrumbak,False,0,0
1708030,1489734,2025-01-31T09:38:03.435765Z,2025-01-31T09:38:03.435771Z,<p>Please remove your screenshot and change your password immediately. You have provided log in details to your private email account. </p><p>Gmail requires account permissions in the online webmail client. </p>,frisée,False,0,0
1708032,1489703,2025-01-31T09:39:58.939857Z,2025-01-31T09:39:58.939862Z,<p>What was the problem you were having that caused you to try and repair the folder? </p>,frisée,False,0,0
1708036,1489736,2025-01-31T09:47:45.599883Z,2025-01-31T09:47:45.599891Z,<p>Gmail is not an offline client. </p>,frisée,False,0,0
1708037,1489736,2025-01-31T09:48:17.381450Z,2025-01-31T09:48:17.381458Z,<p>Is there a plugin for this? </p>,csmyarrumbak,False,0,0
1708038,1489777,2025-01-31T09:49:59.527325Z,2025-01-31T09:49:59.527333Z,"<p>It would be better if you could send a screenshot of the error message with personal information blacked out. The problem isn't obviously with TB. The server is telling you that the message could not be delivered and, hopefully, the error message will also tell you why. </p>",frisée,False,0,0
1708046,1489711,2025-01-31T10:04:34.036255Z,2025-01-31T10:04:34.036262Z,"<p>See if this helps - <a href=""https://support.mozilla.org/en-US/kb/recover-user-data-missing-after-thunderbird-update"" rel=""nofollow"">https://support.mozilla.org/en-US/kb/recover-user-data-missing-after-thunderbird-update</a> </p>",frisée,False,0,0
1708047,1489699,2025-01-31T10:05:06.178414Z,2025-01-31T10:05:06.178420Z,"<p>See if this helps - <a href=""https://support.mozilla.org/en-US/kb/recover-user-data-missing-after-thunderbird-update"" rel=""nofollow"">https://support.mozilla.org/en-US/kb/recover-user-data-missing-after-thunderbird-update</a> </p>",frisée,False,0,1
1708051,1489782,2025-01-31T10:11:46.627069Z,2025-01-31T10:11:46.627076Z,"<p>Not sure this is what you mean, but you may choose which columns Thunderbird displays in the message list, as described in the following article: </p><p><a href=""https://support.mozilla.org/kb/message-list-columns"" rel=""nofollow"">https://support.mozilla.org/kb/message-list-columns</a> </p>",DavidGG,False,0,0
1708052,1489782,2025-01-31T10:13:14.300367Z,2025-01-31T10:13:52.297960Z,<p>They are located at the top of the message lists in Classic View. You can add others by clicking on the small icon to the right of the columns </p><p>.oOo. </p><p>Elles se trouvent en haut des listes de messages dans la vue classique. Vous pouvez en ajouter d'autres en cliquant sur la petite icône à droite des colonnes </p>,frisée,False,0,0
1708059,1489786,2025-01-31T10:58:17.182300Z,2025-01-31T10:58:17.182306Z,<p>Sounds like you have a filter causing this… Do you have any <b>Message Filters</b>? </p>,DavidGG,False,0,0
1708061,1489808,2025-01-31T11:25:58.762834Z,2025-01-31T11:25:58.762840Z,<p>I'm not sure what problem you're experiencing (that you haven't already solved). Please explain a bit more fully if there is a problem. </p>,frisée,False,0,0
1708062,1489808,2025-01-31T11:26:22.486231Z,2025-01-31T11:26:22.486237Z,"<p>And now that I already made the post, an update: </p><p>It appears that every minute it asks me the Primary Password again, but pressing Cancel still works </p>",whatever,False,0,0
1708063,1489808,2025-01-31T11:28:10.461629Z,2025-01-31T11:28:35.274450Z,"<em><p>frisée <a href=""#answer-1708061"" rel=""nofollow"">said</a></p></em> <blockquote>I'm not sure what problem you're experiencing (that you haven't already solved). Please explain a bit more fully if there is a problem. </blockquote> <p>If I press cancel some times, the primary password isn't needed to log in in thunderbird, so everyone with the access on my pc can launch thunderbird, press cancel, and enter and see all my emails without any problem. </p><p>It's a very big security issue. </p>",whatever,False,1,0
1708064,1489779,2025-01-31T11:28:34.329283Z,2025-01-31T11:28:34.329290Z,"<p>Ik denk dat het wachten is op een update, omdat hier kortgeleden een bug voor is opgelost, zie: <a href=""https://bugzilla.mozilla.org/show_bug.cgi?id=1917278"" rel=""nofollow"">https://bugzilla.mozilla.org/show_bug.cgi?id=1917278</a>. </p>",Mozilla-assistent,False,0,0
1708065,1489809,2025-01-31T11:29:40.785345Z,2025-01-31T11:29:40.785354Z,"<p>If you have the same account on your cell phone then the account you had on your computer was probably IMAP. It would be that that you would need to specify. Your password is something that is used on your Email Provider's server and is nothing to do with TB. If you can't remember it and need it, you need to contact your Email provider. If you didn't reinstall Thunderbird then the retrieval of passwords can be done by accessing the Hamburger icon (top right)/Settings/Search for 'Password'/Saved Passwords/Show Passwords (use your windows log in to access the information). </p><p>.oOo. </p><p>Wenn Sie dasselbe Konto auf Ihrem Mobiltelefon haben, war das Konto auf Ihrem Computer wahrscheinlich IMAP. Das müssten Sie angeben. Ihr Passwort wird auf dem Server Ihres E-Mail-Anbieters verwendet und hat nichts mit TB zu tun. Wenn Sie es vergessen haben und es brauchen, müssen Sie sich an Ihren E-Mail-Anbieter wenden. Wenn Sie Thunderbird nicht neu installiert haben, können Sie die Passwörter abrufen, indem Sie auf das Hamburger-Symbol (oben rechts)/Einstellungen/Nach „Passwort“ suchen/Gespeicherte Passwörter/Passwörter anzeigen zugreifen (verwenden Sie Ihre Windows-Anmeldung, um auf die Informationen zuzugreifen). </p>",frisée,False,0,0
1708066,1489808,2025-01-31T11:32:04.028603Z,2025-01-31T11:32:04.028610Z,"<p>I still don't understand the problem. Do you have a password to access the Thunderbird program? Or is it the password to log on to your Email Account? If you are accessing your Email Account you would need a password so, if you think access is achieved without Thunderbird submitting it, you need to urgently contact your Email Provider. </p>",frisée,False,0,0
1708067,1489812,2025-01-31T11:33:44.519583Z,2025-01-31T11:33:44.519590Z,"<p>See <a href=""https://support.mozilla.org/en-US/questions/1489764"" rel=""nofollow"">https://support.mozilla.org/en-US/questions/1489764</a> Please DO NOT open a new thread. Reply to the question in the thread/question that you created, </p>",frisée,False,0,0
1708068,1489764,2025-01-31T11:34:19.511418Z,2025-01-31T11:34:19.511426Z,"<p>Posted elsewhere by originator - no error messages; imap; version 128.6.1 esr (32bit); computer; windows 11 <a href=""https://support.mozilla.org/en-US/questions/1489812#answer-1708067"" rel=""nofollow"">https://support.mozilla.org/en-US/questions/1489812#answer-1708067</a> </p>",frisée,False,0,0
1708069,1489808,2025-01-31T11:36:38.843447Z,2025-01-31T11:36:38.843454Z,"<p>Settings &gt; Privacy &amp; Security &gt; Primary Password </p><p>It is the password to access all password saved in thunderbird AND to access thunderbird, the application. </p><p>So when I launch thunderbird, to access all the email, I need to use it. But if instead of entering the password I click ""Cancel"" for like 3-4 times, I can access to thunderbird anyway, without the Primary Password. So it is useless. </p>",whatever,False,0,0
1708070,1489764,2025-01-31T11:41:40.132005Z,2025-01-31T11:41:40.132011Z,<p>no error message; imap; version 128.6.1 esr(32bit); computer; windows 11 </p>,orateague441,False,0,0
1708072,1489808,2025-01-31T11:50:48.977534Z,2025-01-31T11:50:48.977542Z,"<p>You don't need to access the stored passwords to access your email. And Thunderbird is already running when you get to this screen so you this doesn't determine the accessibility of TB. </p><p>I have been unable to duplicate the error. However, you may want to log a bug report here - <a href=""https://www-archive.mozilla.org/support/thunderbird/bugs"" rel=""nofollow"">https://www-archive.mozilla.org/support/thunderbird/bugs</a> </p>",frisée,False,0,0
1708074,1489764,2025-01-31T11:53:08.639595Z,2025-01-31T11:53:08.639600Z,"<p>If there are no error messages, how do you know that TB is attempting to retrieve email and failing? Or how do you know that Thunderbird isn't trying? Are you using the manual download button? Have you set Thunderbird to automatically download mail? </p>",frisée,False,0,0
1708080,1489766,2025-01-31T12:53:09.647253Z,2025-01-31T12:53:09.647259Z,<p>What email? Firefox is just a browser. </p>,markwarner22,False,0,1
1708085,1489766,2025-01-31T12:57:14.599584Z,2025-01-31T12:57:14.599592Z,<p>Mozilla Thunderbird </p>,merriel.gallifant,False,0,0
1708087,1489817,2025-01-31T13:08:58.965065Z,2025-01-31T13:08:58.965074Z,<p>Een schermafdruk zou hier even kunnen helpen om te duiden wat wordt bedoeld. Zorg wel dat privé-info niet wordt getoond. </p>,Mozilla-assistent,False,0,0
1708088,1489800,2025-01-31T13:09:12.361179Z,2025-01-31T13:09:12.361186Z,<p>E-postalarınız Thunderbird'de durup dururken mi kayboldu yoksa herhangi bir işlem yaptınız mı? </p>,maxcoder,False,0,0
1708089,1489821,2025-01-31T13:11:31.533265Z,2025-01-31T13:11:31.533272Z,"<p>Kijk eens of de oplossing uit dit antwoord helpt: <a href=""https://support.mozilla.org/nl/questions/1459987"" rel=""nofollow"">https://support.mozilla.org/nl/questions/1459987</a>. </p>",Mozilla-assistent,False,0,0
1708090,1489831,2025-01-31T13:22:29.525794Z,2025-01-31T13:22:29.525800Z,"<p>That is the current release, not an error. I can't speak to the website issue. It doesn't appear from a Windows PC, but I think that's intentional </p>",davidsk,False,1,0
1708095,1489761,2025-01-31T14:05:40.010390Z,2025-01-31T14:05:40.010396Z,"<p>It makes no sense to me that creating the IMAP account would have caused any mail duplication <i>at the server</i>. Did you also copy mail from the POP account to the IMAP account in Thunderbird maybe? </p><p>What is that weird ""POP"" folder you have under the Inbox of the POP account and the Trash of the IMAP? You must have created that folder yourself if it appears in the POP account… </p><p>Anyway, deleting the IMAP account should be no problem, but deleting the POP account, if you choose to delete both info and data, would cause you to lose all the mail downloaded by that account that's no longer on the server… </p>",DavidGG,False,0,0
1708105,1489846,2025-01-31T14:52:00.609401Z,2025-01-31T14:52:00.609406Z,"<p>Eenzelfde vraag is vanmorgen hier beantwoord: <a href=""https://support.mozilla.org/nl/questions/1489779"" rel=""nofollow"">https://support.mozilla.org/nl/questions/1489779</a>. </p>",Mozilla-assistent,False,0,0
1708106,1489779,2025-01-31T14:55:12.224802Z,2025-01-31T14:55:12.224808Z,"<p>ok, ik hoop, dat de update gauw komt, want dit probleem is vervelend. </p>",neargos,False,0,0
1708110,1489764,2025-01-31T15:00:45.024654Z,2025-01-31T15:00:45.024660Z,<p>when in outlook I can send msg to another account and receive msg from another account.  However in thunderbird it does nothing.  so I must have that account set up wrong. </p>,orateague441,False,0,0
1708129,1489766,2025-01-31T15:33:47.748340Z,2025-01-31T15:33:47.748346Z,<p>Those emails are still present on your online email server  and TB will download them until you go to the online email server and delete them from that locations. Also this is for Firefox browser help there is a separate forum for Thunderbird help as well. </p>,markwarner22,False,0,1
1708131,1489764,2025-01-31T15:38:38.418705Z,2025-01-31T15:38:38.418711Z,"<p>So, are you using the 'Send' button on the Email Composition? What happens when you click on it? When you click on the Receive emails icon, what happens? </p>",frisée,False,0,0
1708134,1489808,2025-01-31T15:46:21.464012Z,2025-01-31T15:46:21.464021Z,"<p>I've now had a reply from a fellow Forum user who has advised me that this is a known bug. However, it's unlikely to be fixed any time soon. Thank you for pointing it out. </p>",frisée,False,0,0
1708135,1489798,2025-01-31T15:51:35.481331Z,2025-01-31T15:51:35.481339Z,"<p>Hai fatto un backup prima delle ricostruzione dell'indice? o comunque di recente? </p><p>Se hai seguito la procedura corretta -&gt; <a href=""https://support.mozilla.org/it/kb/ricostruzione-indice-globale"" rel=""nofollow"">https://support.mozilla.org/it/kb/ricostruzione-indice-globale</a> la ricostruzione dell'indice non può aver cancellato alcun messaggio, proprio perché quella che si elimina è un indice. Come hai impostato il server POP3 in Tasto menu &gt; Impostazioni account &gt; NOME_ACCOUNT &gt; Spazio su disco ? </p><p>Thunderbird memorizza le mail in archivi mbox, puoi individuare questi file sul tuo profilo? Che dimensione hanno? (v. qui per i dettagli -&gt; <a href=""https://codeberg.org/m13o/TBook/wiki/Thunderbird+-+Importare+mbox.-"" rel=""nofollow"">https://codeberg.org/m13o/TBook/wiki/Thunderbird+-+Importare+mbox.-</a> </p><p>I file spasi che vedi nel tuo profilo non sono archivi di Thunderbird. Venfono generati se in Tasto menu &gt; Impostazioni &gt; Generale è attiva l'opzion [ ] Permetti a Ricerca di Windows di cercare nei messaggi e servendo a Windows per poter cercare nei messaggi Si possono comunque importare in Thunderbird a blocchi di un paio di centinaia al massimo. Basta trascinarli in una cartella di Thunderbird </p>",'@next,False,0,0
1708147,1489860,2025-01-31T16:04:10.410514Z,2025-01-31T16:04:10.410519Z,"<p>Più che modificare i caratteri come hai fatto, prova ad intervenire sull'interfaccia: Tasto menu &gt; Densità e Tasto menu &gt; Dimensione carattere </p><p>Per il singolo messaggio invece puoi cambiare al volo la dimensione: Tieni premuto Ctrl sulla tastiera e usa la rotellina del mouse per ingrandire </p>",'@next,False,0,2
1708150,1489764,2025-01-31T16:11:42.357022Z,2025-01-31T16:11:42.357028Z,<p>i use the send button but there is no indication of anything sent or received in the other account.  There is no receive button in thunderbird. </p>,orateague441,False,0,0
1708151,1489860,2025-01-31T16:15:06.947500Z,2025-01-31T16:15:06.947507Z,"<em><p>next <a href=""#answer-1708147"" rel=""nofollow"">ha detto</a></p></em> <blockquote>Più che modificare i caratteri come hai fatto, prova ad intervenire sull'interfaccia: Tasto menu &gt; Densità e Tasto menu &gt; Dimensione carattere  Per il singolo messaggio invece puoi cambiare al volo la dimensione: Tieni premuto Ctrl sulla tastiera e usa la rotellina del mouse per ingrandire </blockquote> <p>Fatto anche questo e riprovato ora ma purtroppo non risolve il mio problema. Così facendo vedo tutti i testi più piccoli ma quelli della posta inviata rimangono molo grandi. </p>",info12508,False,0,0
1708152,1489839,2025-01-31T16:15:35.505446Z,2025-01-31T16:15:35.505455Z,"<p>Yes, you can have multiple actions on a filter . click the + on the right of the action that moves message to trash. </p>",davidsk,False,0,1
1708163,1489860,2025-01-31T16:59:42.856878Z,2025-01-31T16:59:42.856884Z,"<p>Il problema è che non idea di cosa tua abbia modificato. Se hai segnato i passaggi che hai fatto, ripristina la situazione iniziale. </p><p>In ogni caso <em> Ctrl + la rotellina del mouse</em> funziona in entrambi i sensi </p>",'@next,False,0,0
1708164,1489843,2025-01-31T17:00:07.068714Z,2025-01-31T17:02:29.594896Z,"<p>Normálne v Thunderbirde. V ""Lokálne priečinky"" si vytvorím priečinok ""STARE DATOVE SUBORY"" a vo vlastnostiach tohoto priečinka zadám cestu k týmto starým súborom napr. takúto: <strong>mailbox:///C:/Zaloha/stare_data</strong> </p>",Ansamb,False,0,0
1708173,1489891,2025-01-31T17:26:02.467715Z,2025-01-31T17:26:02.467721Z,<p>need help </p>,reliablemarine2,False,0,0
1708174,1489713,2025-01-31T17:30:39.491692Z,2025-01-31T17:30:39.491698Z,<p>This sounds like a message filter not working as expected to me… Do you have any <b>Message Filters</b>? </p>,DavidGG,False,0,0
1708175,1489810,2025-01-31T17:33:33.805678Z,2025-01-31T17:33:33.805684Z,"<p>Your description is not very clear. What do you mean by ""boxes""? Do you mean ""folders""? And do you mean that when you select (click on) any of the folders in your folder pane it won't open to display messages in the thread pane? In your screen shot no folder is selected, so it appears normal to me. </p>",Mapenzi,False,0,0
1708176,1489704,2025-01-31T17:38:28.597854Z,2025-01-31T17:38:28.597860Z,"<p>The outgoing server settings you posted do not match what the following article says they should be: </p><p><a href=""https://www.postbox-inc.com/setup/email-settings/access-twc-via-imap-smtp"" rel=""nofollow"">https://www.postbox-inc.com/setup/email-settings/access-twc-via-imap-smtp</a> </p><p>The security setting stated there is <b>STARTTLS</b>, not SSL/TLS like the incoming server. </p>",DavidGG,False,0,0
1708177,1489887,2025-01-31T17:41:43.495101Z,2025-01-31T17:45:17.824025Z,"<p>How did you check that Thunderbird profile is missing? Did you navigate to C:\Users\username\AppData\Roaming\Thunderbird\Profiles\ ... and saw that the latter is empty? When you start TB does it display a pane with the account wizard (see screenshot) prompting to ""set up your existing email address""? Do you have a backup of your profile folder? </p>",Mapenzi,False,1,0
1708183,1489898,2025-01-31T17:51:32.353633Z,2025-01-31T17:51:32.353638Z,<p>Wurden nach dem Leeren des Postfachs auch alle Ordner - insbesondere der Posteingang -  dieses Kontos komprimiert? Kommt eine Fehlermeldung beim Herunterladen von Nachrichten? Wie groß ist der betreffende Posteingang aktuell (R-Klick &gt; Eigenschaften &gt; Größe auf Datenträger)? Handelt es sich um ein POP- oder ein IMAP-Konto? </p>,Mapenzi,False,0,0
1708184,1489840,2025-01-31T17:58:07.752000Z,2025-01-31T17:58:07.752006Z,<p>You must be in 'online' mode. It's not possible to 'Send Now' if you are in 'offline' mode. Create email click on 'Send' button or use shortcut keys 'Ctrl+Enter' OR use menu and click on:  File &gt; Send Now  Or use keys: Press 'Alt' and 'F' then 'D' </p>,Toad-Hall,False,0,0
1708193,1489894,2025-01-31T18:26:43.786223Z,2025-01-31T18:26:43.786232Z,"<em><p>BLUTH <a href=""#question-1489894"" rel=""nofollow"">said</a></p></em> <blockquote>Hello and thank you for your help On my PC my free account still works and I can send emails to my neuf account via the directory but the reverse no longer works my free address or others in the directory are no longer recognized when sending an email via neuf.                                           On my smartphone I have bluemail for android and it continues to work normally with both my neuf and free mail accounts and I can send mail via neuf to my free address or others in the directory. On the PC I've tried deleting the neuf IMAP and SMPT account settings and copying the settings indicated in the smartphone, but alas this doesn't change anything.  Do you think you can guess a possible way out While waiting for help I thank you cordially PS below the software's return message Sending the message failed An error occurred when sending the e-mail. the mail server replied: &lt;<a href=""mailto:carlos.pluvinage@free.fr"" rel=""nofollow"">carlos.pluvinage@free.fr</a>&gt;: Relay access denied. Please check the recipient address <a href=""mailto:carlos.pluvinage@free.fr"" rel=""nofollow"">carlos.pluvinage@free.fr</a> and try again. </blockquote> <p>I think the error is due to trying to send from the free account over the neuf smtp server.  You must have separate smtp servers for each account, and set each account to send on the correct smtp - the one that has a matching User Name: the free account sends on the free smtp and the neuf account sends on the neuf smtp. </p><p><a href=""https://support.mozilla.org/en-US/questions/1350593"" rel=""nofollow"">https://support.mozilla.org/en-US/questions/1350593</a> </p>",sfhowes,False,1,0
1708196,1489893,2025-01-31T18:32:20.144142Z,2025-01-31T18:32:20.144148Z,<p>Make sure you're spelling it correctly. That's not a tease; it's that I encountered a misspelling earlier today. </p>,davidsk,False,0,0
1708197,1489877,2025-01-31T18:33:10.421614Z,2025-01-31T18:33:10.421621Z,"<p>Use Split Tunnelling to exclude TB from VPN monitoring: </p><p><a href=""https://support.norton.com/sp/en/us/home/current/solutions/v131881814"" rel=""nofollow"">https://support.norton.com/sp/en/us/home/current/solutions/v131881814</a> </p>",sfhowes,False,0,0
1708199,1489808,2025-01-31T18:39:13.670690Z,2025-01-31T18:39:13.670696Z,"<p>The primary (formerly master) password only protects access to the saved passwords.  It does not protect access to the program or the mail folders. </p><p><a href=""http://kb.mozillazine.org/Master_password"" rel=""nofollow"">http://kb.mozillazine.org/Master_password</a> </p>",sfhowes,False,0,0
1708200,1489810,2025-01-31T18:50:47.812205Z,2025-01-31T18:50:47.812212Z,"<p>Thank you for your interest. I apologise for using the wrong language. An example of a box is 'inbox'. Another example is 'Sent'. I have no problem calling my boxes folders. Yes, what you say is what I mean. When I click on a box (folder), nothing happens: it won't open to display the messages. The screen shot shows the situation just after I have clicked on one of the boxes (any one): it is the same as before I clicked. </p>",dezeeuw.gerard,False,0,0
1708201,1489782,2025-01-31T18:51:36.151269Z,2025-01-31T18:51:36.151275Z,"<em><p>Roland <a href=""#question-1489782"" rel=""nofollow"">said</a></p></em> <blockquote>Hello In Thunderbird newly installed on Windows11, I can not find the columns that allow to sort by date, quickly mark as read or junk, etc. (as I had on Windows10) Thank you. </blockquote> <p>Switch from Cards View to Table View: </p><p><a href=""https://support.mozilla.org/en-US/questions/1460881"" rel=""nofollow"">https://support.mozilla.org/en-US/questions/1460881</a> </p>",sfhowes,False,0,0
1708202,1489699,2025-01-31T18:54:18.490153Z,2025-01-31T18:54:18.490160Z,<p>The Folder Pane appears to be hidden.  Enable it under View/Layout. </p>,sfhowes,False,0,0
1708207,1489927,2025-01-31T19:06:45.512417Z,2025-01-31T19:06:45.512423Z,"<p>See <a href=""https://support.mozilla.org/en-US/questions/1489899"" rel=""nofollow"">https://support.mozilla.org/en-US/questions/1489899</a> </p>",sfhowes,False,0,0
1708208,1489926,2025-01-31T19:07:15.310137Z,2025-01-31T19:07:15.310143Z,"<p>Duplicate, answered here: <a href=""https://support.mozilla.org/en-US/questions/1489927"" rel=""nofollow"">https://support.mozilla.org/en-US/questions/1489927</a> </p>",sfhowes,False,0,0
1708209,1489924,2025-01-31T19:09:10.206121Z,2025-01-31T19:09:10.206128Z,"<p>Try it with the correct settings: <a href=""http://mail.twc.com"" rel=""nofollow"">mail.twc.com</a>, 587, STARTTLS, normal password, email address. </p><p><a href=""https://www.spectrum.net/support/internet/email-settings/"" rel=""nofollow"">https://www.spectrum.net/support/internet/email-settings/</a> </p>",sfhowes,False,0,0
1708214,1489891,2025-01-31T19:18:07.541686Z,2025-01-31T19:18:07.541693Z,<p>Not sure how do you expect anyone to be able to help with the info you're providing… You need to <i>properly</i> describe your problem. I'm psychic but not able to read your mind… </p>,DavidGG,False,0,0
1708220,1489893,2025-01-31T19:25:13.203207Z,2025-01-31T19:25:13.203217Z,"<p>See <a href=""https://support.mozilla.org/en-US/questions/1489891"" rel=""nofollow"">https://support.mozilla.org/en-US/questions/1489891</a> </p>",frisée,False,0,0
1708221,1489922,2025-01-31T19:25:16.786716Z,2025-01-31T19:25:16.786722Z,"<p>See <a href=""https://support.mozilla.org/en-US/questions/1489891"" rel=""nofollow"">https://support.mozilla.org/en-US/questions/1489891</a> </p>",frisée,False,0,0
1708222,1489925,2025-01-31T19:25:21.173212Z,2025-01-31T19:25:21.173219Z,"<p>See <a href=""https://support.mozilla.org/en-US/questions/1489891"" rel=""nofollow"">https://support.mozilla.org/en-US/questions/1489891</a> </p>",frisée,False,0,0
1708230,1489924,2025-01-31T19:43:51.453835Z,2025-01-31T19:43:51.453841Z,"<p>Thanks, but I just continue to see ""sender rejected"" error messages, as if all of a sudden my email name and address has been rendered invalid. I'm starting to think somebody at Spectrum changed something and didn't tell anyone. And the Spectrum site and support people are useless/worthless. </p>",rhharper,False,0,0
1708231,1489934,2025-01-31T19:45:35.629409Z,2025-01-31T19:45:35.629415Z,"<p>Just suggestions: are the SMTP settings for <a href=""http://topgun.com"" rel=""nofollow"">topgun.com</a> documented anywhere? I suggest you post screenshots of the complete SMTP pane and not just a selected portion. Have you tried STARTTLS, port 587, combinations? Is Oauth2 a required authentication that you've tried? The more combinations you can share, the more it may help. I have never heard of <a href=""http://topgun.com"" rel=""nofollow"">topgun.com</a>, so cannot advise. Thank you. </p>",davidsk,False,0,0
1708232,1489924,2025-01-31T19:46:13.577165Z,2025-01-31T19:46:13.577170Z,"<p>And BTW, I AM able to send emails from the Spectrum webmail site -- using the same email name/address. </p>",rhharper,False,0,0
1708233,1489920,2025-01-31T19:47:21.713461Z,2025-01-31T19:47:21.713468Z,<p>Nobody here can give suggestions unless you share a screenshot of the complete SMTP server pane and 100% of error messages received. </p>,davidsk,False,0,0
1708235,1489924,2025-01-31T19:49:03.761006Z,2025-01-31T19:49:03.761011Z,<p>Do you have more than one Spectrum account? </p>,davidsk,False,0,0
1708253,1489882,2025-01-31T20:17:32.992444Z,2025-01-31T20:17:32.992449Z,"<p>That alert is a sign that you're trying to configure the account with wrong settings, more specifically you're telling Thunderbird to use as mail server something that isn't a mail server, which causes Thunderbird to not be able to find a certificate it expects the mail server to have. </p><p>I couldn't find configuration settings for that mail service provider. Looks like you have to install a ""mail bridge"" application in order to be able to use it with a mail client like Thunderbird. This is new to me, first time I hear of a mail service provider requiring a ""mail bridge"" in order for mail clients to be able to use it, so I cannot help you with that, other than referring you to the web page with the instructions: </p><p><a href=""https://proton.me/support/imap-smtp-and-pop3-setup"" rel=""nofollow"">https://proton.me/support/imap-smtp-and-pop3-setup</a> </p>",DavidGG,False,0,0
1708255,1489810,2025-01-31T20:20:38.987747Z,2025-01-31T20:20:38.987756Z,"<p>It looks to me like your Thunderbird were frozen (unresponsive)? Can you go to menus and display submenus? Can you right-click on your Inbox and choose ""Open in New Tab""? </p><p>As a first diagnostic test start TB in ""Troubleshooting Mode"": hold down the Alt (Option) key and launch TB <a href=""https://mzl.la/3AbU5jz"" rel=""nofollow"">https://mzl.la/3AbU5jz</a> </p>",Mapenzi,False,0,0
1708258,1489924,2025-01-31T20:23:51.556032Z,2025-01-31T20:23:51.556038Z,<p>Yes. I have one logon to pay my Spectrum bills and another to use their webmail. </p>,rhharper,False,0,0
1708260,1489882,2025-01-31T20:27:38.372648Z,2025-01-31T20:27:38.372658Z,"<p>That page says this, though: </p> <blockquote>Proton Mail Bridge is currently available only if you have a paid Proton Mail plan.</blockquote> <p>So there must be a way to set up the mail client without the Mail Bridge, at least for free mail plans… </p>",DavidGG,False,0,0
1708263,1489882,2025-01-31T20:33:17.051901Z,2025-01-31T20:33:17.051906Z,"<p>OK, sorry for the confusion, looks like you should be able to (manually) configure Thunderbird using the settings shown here: </p><p><a href=""https://www.getmailbird.com/setup/access-protonmail-com-via-imap-smtp"" rel=""nofollow"">https://www.getmailbird.com/setup/access-protonmail-com-via-imap-smtp</a> </p>",DavidGG,False,0,0
1708270,1489874,2025-01-31T20:44:55.783426Z,2025-01-31T20:44:55.783432Z,<p>Have you typed the outgoing server name in your server settings the way it appears in the subject of your post or the way it appears in the error message you quoted? Because they're not the same and you may have made the same mistake when configuring the outgoing server in Thunderbird… :) </p>,DavidGG,False,0,0
1708274,1489924,2025-01-31T21:01:33.978456Z,2025-01-31T21:01:33.978462Z,"<p>So, is that two accounts in thunderbird? I ask because the error message is often tied to use of the wrong SMTP server. Please clarify. </p>",davidsk,False,0,0
1708276,1489924,2025-01-31T21:18:45.095007Z,2025-01-31T21:18:45.095014Z,<p>Thanks for trying to help. I appreciate it.  </p><p>I have multiple email addresses -- all with the same domain name.  All are using the same SMTP server. </p>,rhharper,False,0,0
1708278,1489914,2025-01-31T21:19:50.936867Z,2025-01-31T21:19:50.936876Z,"<p>Typically, you only want to check <i>Inbox</i> for new messages, because that's where new messages arrive, so you reduce server load by telling the mail client to only look for new messages there. </p><p>If you were filtering messages <i>at the server</i>, though, before the mail client gets to see them, you'd want the mail client to also check the folders where those messages might have been moved, in order to be able to see whether new messages arrived there, and that's when you'd want to choose that option for those folders. </p>",DavidGG,False,0,0
1708281,1489957,2025-01-31T21:35:55.514959Z,2025-01-31T21:35:55.514968Z,"<p><b>Account Actions</b> below the list of accounts on the left of the <b>Account Settings</b> tab. Make sure you choose the right account first and don't delete the wrong account by mistake. You'll be given the option to delete both account info (i.e. settings) and message data. Choose both if that's what you want. </p><p>Your mail would be locally stored within your profile folder, but you don't have to touch anything there if you choose the option to delete message data when deleting the account: </p><p><a href=""https://support.mozilla.org/kb/profiles-where-thunderbird-stores-user-data"" rel=""nofollow"">https://support.mozilla.org/kb/profiles-where-thunderbird-stores-user-data</a> </p>",DavidGG,False,1,0
1708283,1489941,2025-01-31T21:45:38.615964Z,2025-01-31T21:47:32.991966Z,<p>Have you asked the person to which you sent the message whether he/she told the other person? Sounds more plausible than Thunderbird having anything to do with this… </p>,DavidGG,False,0,0
1708302,1489934,2025-01-31T22:19:33.721012Z,2025-01-31T22:19:33.721018Z,"<p>ty for your questions 1. <a href=""http://topgun.com"" rel=""nofollow"">topgun.com</a> is my personal URL 2. it is hosted at GoDaddy </p> <ul><li> the SMTP for IN and OUT is <a href=""http://mail.topgun.com"" rel=""nofollow"">mail.topgun.com</a>  </li><li> and the port IS 465 </li><li> and connection IS SSL/TLS </li><li> and Auth Method IS Normal Password </li></ul> <p>All confirmed by me in GoDaddy connection instructions *see below)  both the auto config and for the manual connections and RE-confirmed with GoDaddy Tech Support *over 1.8 hour call </p><p>I did not try any other ports or methods as they are all the correct ones per GoDaddy Tech Support </p><p>note: they (sending emails) USED to work. now they don't / </p>",Dragon,False,0,0
1708305,1489941,2025-01-31T22:27:48.838825Z,2025-01-31T22:27:48.838835Z,"<p>Hi, The answer to your question is no. You see the person I sent to is a priest, and has never told anyone else of our corespondance. Chrisitne Williams </p>",cwkiki,False,0,0
1708307,1489831,2025-01-31T22:30:41.491100Z,2025-01-31T22:30:41.491106Z,"<p>Released January 27, 2025 <a href=""https://www.thunderbird.net/thunderbird/128.6.1esr/releasenotes/"" rel=""nofollow"">https://www.thunderbird.net/thunderbird/128.6.1esr/releasenotes/</a> </p>",James,False,1,0
1708308,1489941,2025-01-31T22:36:58.886985Z,2025-01-31T23:57:52.709425Z,"<p>Well, there is always the possibility that this ""friend"" has access to the mail of either of you (e.g. because she somehow knows the account username and password needed to access it), but again that would be outside the scope of Thunderbird. </p><p>At any rate, if Thunderbird sent the message to the ""friend"" it can only have been because you put her address in the ""To:"", ""Cc:"" or ""Bcc:"" when sending the message, and you would be able to check that by looking at the copy of the sent message saved in your Sent folder. </p>",DavidGG,False,0,0
1708310,1489831,2025-01-31T22:40:01.555355Z,2025-01-31T22:40:01.555362Z,"<p>But, the official Thunderbird download site is still serving up 128.6.0, possibly a technical glitch? </p>",Homer712,False,1,0
1708311,1489924,2025-01-31T22:40:07.416593Z,2025-01-31T22:40:07.416601Z,"<p>See <a href=""https://support.mozilla.org/en-US/questions/1350593"" rel=""nofollow"">https://support.mozilla.org/en-US/questions/1350593</a> </p><p>You can have multiple Spectrum accounts on the same server, but there must be separate smtp that differ only in the User Name (email address.). </p>",sfhowes,False,0,0
1708316,1489951,2025-01-31T22:44:18.573656Z,2025-01-31T22:44:18.573664Z,"<p>See <a href=""https://support.mozilla.org/en-US/questions/1489899"" rel=""nofollow"">https://support.mozilla.org/en-US/questions/1489899</a> </p>",sfhowes,False,0,0
1708321,1489973,2025-01-31T22:49:50.434926Z,2025-01-31T22:49:50.434932Z,"<p>What does ""can't access"" mean? How does this inability to access manifest? </p>",DavidGG,False,0,0
1708324,1489941,2025-01-31T22:54:41.055809Z,2025-01-31T22:54:41.055815Z,"<p>I know that sounds plausible, BUT, I checked that folder more than once. The only thing that I can do, is Block my ""friend's"" email altogether, correct? BTW: I've heard of this happening with Google, by referencing other ""friends.""  Christine </p>",cwkiki,False,0,0
1708328,1489941,2025-01-31T22:58:56.940382Z,2025-01-31T22:58:56.940388Z,"<p>No, you cannot solve this problem by blocking anyone. All you can accomplish through blocking is not being able to <i>receive</i> messages coming from someone. And Thunderbird has nothing to do with whatever it is that happened if you didn't put her address in the sent message yourself… </p>",DavidGG,False,0,0
1708331,1489941,2025-01-31T23:01:47.588950Z,2025-01-31T23:01:47.588957Z,"<p>Sometimes, this problem has occured with this ""firend"", when I've sent myself a video that I had no time to see. The reason is a slip of my hand, as when I click in ""c"" with the first letter of my email address, her name is under mine!  I have checked twice now before sending. Maybe the system thinks I want her to always have it. Who knows? </p>",cwkiki,False,0,0
1708332,1489874,2025-01-31T23:02:43.476959Z,2025-01-31T23:02:43.476966Z,"<p>I wish it were that simple. ;-) </p><p>An update to T-bird came out a couple of days ago. Since, I've received several popups to log in to Google from my various email addresses. I have 10 gmail addresses in my Thunderbird client. In sending test messages to myself, only 3 of those accounts send outgoing mail. The other accountss give a couple of messages: </p><p>Login to server <a href=""http://smtp.gmail.com"" rel=""nofollow"">smtp.gmail.com</a> with username <a href=""mailto:xxxxx@gmail.com"" rel=""nofollow"">xxxxx@gmail.com</a> failed options are retry, enter new password, cancel same message comes up if I select enter new password (no opportunity to enter a new password) </p><p>and then </p><p>sending of the message failed Unable to authenticate to Outgoing server (SMTP) <a href=""http://smtp.gmail.com"" rel=""nofollow"">smtp.gmail.com</a>. Please check the password and verify the 'Authentication Method' in 'Account settings | Outgoing server (SMTP)' </p><p>I haven't changed any stored passwords or outgoing server settings. When I check the outgoing server, every account (both the 3 that send mail and the 7 that don't) shows Google Mail - <a href=""http://smtp.gmail.com"" rel=""nofollow"">smtp.gmail.com</a> as the 'Outgoing Server (SMTP)' </p><p>And when I click on Edit SMTP server, I see port 465 (default), connection security SSL/TLS, authentication method OAuth2 and the account's user name. </p><p>I'm at a loss regarding what else to check/change/do. </p><p>Thanks for your help. </p>",paul.h.brown,False,0,0
1708333,1489941,2025-01-31T23:06:08.510456Z,2025-01-31T23:06:08.510465Z,"<p>Doesn't matter. Even if that was the case, you would be able to verify it by just checking the copy of the sent mail that was placed in your Sent folder. If her address doesn't appear there, Thunderbird didn't send the message to her, not by accident, not because of some wild guess that Thunderbird could have done… </p>",DavidGG,False,0,0
1708336,1489941,2025-01-31T23:16:47.249729Z,2025-01-31T23:16:47.249735Z,"<p>If you haven't already, consider changing your password for your mail account. </p>",jscher2000,False,0,0
1708337,1489934,2025-01-31T23:20:56.916744Z,2025-01-31T23:20:56.916750Z,<p>I'm confused. You run your own mail servers? Or are those mail servers mapped to the ones provided by GoDaddy? Where do those mail settings shown in your previous post come from? Who decided those should be the settings? </p>,DavidGG,False,0,0
1708340,1489734,2025-01-31T23:54:17.393213Z,2025-01-31T23:54:17.393220Z,<p>No go. My other gmail accounts encounter no such problems with Thunderbird. </p>,dongyen4307,False,0,0
1708345,1489711,2025-02-01T00:19:07.058490Z,2025-02-01T00:19:07.058498Z,"<p>In my case some of the Local folders contents not displaying other local folders display all mails correctly,  Like First user will complain some of my local folders mail not opening we will see the problem that yes they are opening blank now we will try to troubleshoot and after troubleshooting(mentioned earlier ) those mails which were opening blank will disappear. Lots of user is facing this issue and we are loosing important data. I ll try your mentioned troubleshooting steps and will update soon. </p>",malavdhimmar,False,0,0
1708348,1489907,2025-02-01T00:35:06.159695Z,2025-02-01T00:35:06.159701Z,"<p>Hola, Esto fue modificado debido que las aplicaciones que llamaban al Thunderbird mediante un archivo .eml no tenían habilitado la edición ni la posibilidad de enviar el correo: <a href=""https://bugzilla.mozilla.org/show_bug.cgi?id=1800423"" rel=""nofollow"">https://bugzilla.mozilla.org/show_bug.cgi?id=1800423</a> </p><p>Si solo quieres ver un archivo de eml sugiero buscar en google algún visor de este tipo de archivo como: <a href=""https://www.coolutils.com/MailViewer/Free-EML-Viewers"" rel=""nofollow"">https://www.coolutils.com/MailViewer/Free-EML-Viewers</a> </p><p>Saludos </p>",pcp04,False,0,0
1708353,1489839,2025-02-01T01:00:11.980664Z,2025-02-01T01:00:11.980673Z,<p>That worked!  Thanks. </p>,queenmab100,False,0,0
1708357,1489874,2025-02-01T01:25:28.055529Z,2025-02-01T01:25:28.055534Z,"<p>The following article would explain what's happening if you were being asked to sign in to Google to authorise Thunderbird. What's strange is that, instead of that, you're being asked to authenticate as if you had to do that with username and password instead of using OAuth2. But take a look at the article anyway, just in case: </p><p><a href=""https://support.mozilla.org/kb/automatic-conversion-google-mail-accounts-oauth20"" rel=""nofollow"">https://support.mozilla.org/kb/automatic-conversion-google-mail-accounts-oauth20</a> </p><p>In particular, make sure you have cookies and javascript enabled, as described there. </p>",DavidGG,False,0,0
1708376,1489968,2025-02-01T03:00:19.047257Z,2025-02-01T03:00:19.047263Z,<p>You're welcome. Glad to know and thanks for the feedback. :) </p>,DavidGG,False,0,0
1708386,1489711,2025-02-01T04:15:15.957942Z,2025-02-01T04:15:15.957949Z,"<p>I tried mentioned method above, Issue not resolved. </p>",malavdhimmar,False,0,0
1708394,1489711,2025-02-01T06:53:15.549463Z,2025-02-01T06:53:15.549469Z,<p>i took a case in which local folder containts 8626 mails and i tried to split it in 500 mails per each subfolder and then tried to repair the folder but issue is same. folders first shows 500 messages in one folder then i tried to access some mails from it which opens blank then i tried to repair the same folder and then only 2 mails/ messages remains in the folder. </p>,malavdhimmar,False,0,0
1708395,1489764,2025-02-01T07:07:40.960937Z,2025-02-01T07:07:40.960942Z,"<p>The receive button is the small icon to the left of the +New Message button and is also under the 'File' header at the top left.  That's for receiving. I'm guessing that you haven't tried to receive any thing yet. </p><p>To send, first open a composition window - the +New Message button. Fill it in completely and then click on 'Send'. </p>",frisée,False,0,0
1708396,1489734,2025-02-01T07:09:07.731875Z,2025-02-01T07:09:07.731881Z,"<p>""it cannot be created in Thunderbird as before"" Is this a clean install? Please explain this sentence. </p>",frisée,False,0,0
1708397,1489888,2025-02-01T07:18:24.580335Z,2025-02-01T07:18:24.580341Z,<p>Please explain why it is that you cannot install Thunderbird. What problems are you experiencing? </p><p>.oOo. </p><p>Veuillez expliquer pourquoi vous ne parvenez pas à installer Thunderbird. Quels problèmes rencontrez-vous ? </p>,frisée,False,0,0
1708398,1489897,2025-02-01T07:19:01.560738Z,2025-02-01T07:19:01.560745Z,"<p>Please provide screenshots of the errors you are getting. Is this an IMAP or POP account? Are you running Thunderbird on a computer, Mobile, Tablet or something else (please specify)? Which version of Thunderbird are you using? Which Operating System are you using? </p>",frisée,False,0,0
1708400,1489933,2025-02-01T07:22:33.167366Z,2025-02-01T07:22:33.167373Z,"<p>Try unchecking the selections in settings, closing TB and then relaunching. </p>",frisée,False,1,0
1708401,1489944,2025-02-01T07:24:20.334202Z,2025-02-01T07:24:20.334207Z,<p>The Junk settings in TB do not stop Junk arriving. TB has no 'Kill Filters' so emails are only classified on arrival. Some of that classification is determined by how the server defines them and not by TB. </p>,frisée,False,0,4
1708402,1489960,2025-02-01T07:27:16.254522Z,2025-02-01T07:27:16.254529Z,"<p>Please explain a bit more fully where you were trying to export the calendar from, which format you were using and what the 'key' is? Are you trying to move the calendar into a desktop TB set up? Which OS are you using? </p><p>If you are trying to move a Calendar from one TB set up to another, this article may be of use - <a href=""https://support.mozilla.org/en-US/kb/exporting-and-sharing-a-calendar"" rel=""nofollow"">https://support.mozilla.org/en-US/kb/exporting-and-sharing-a-calendar</a> </p>",frisée,False,0,0
1708403,1489962,2025-02-01T07:28:47.536726Z,2025-02-01T07:28:47.536735Z,<p>Passwords are the responsibility of the user and not of Thunderbird. Is this password the one that is entered before you can access the program - or is this password the one needed to access her email accounts? </p>,frisée,False,1,1
1708404,1489816,2025-02-01T07:30:01.126072Z,2025-02-01T07:30:01.126079Z,<p>How did you accidentally delete it? Uninstalling TB doesn't generally remove profiles so I don't understand how your profiles disappeared. </p>,frisée,False,0,0
1708405,1489969,2025-02-01T07:30:48.395814Z,2025-02-01T07:30:48.395822Z,<p>Passwords are the responsibility of the user and not of Thunderbird. Is this password the one that is entered before you can access the program - or is this password the one needed to access her email accounts? </p>,frisée,False,0,1
1708406,1489949,2025-02-01T07:31:27.424972Z,2025-02-07T09:02:12.864620Z,"<p>Please provide screenshots of the errors you are getting. Is this an IMAP or POP account? Are you running Thunderbird on a computer, Mobile, Tablet or something else (please specify)? Which version of Thunderbird are you using? Which Operating System are you using? </p>",frisée,False,0,0
1708426,1489953,2025-02-01T09:01:14.164446Z,2025-02-01T09:01:14.164452Z,"<p>Puoi fornire qualche dettaglio in più sulla configurazione? </p> <ol><li> Versione di Thunderbird </li><li> Versione del sistema operativo </li><li> Provider delle caselle email (Gmail, Libero, Hotmail, etc.) </li><li> Tipologia di account (POP3, IMAP) </li><li> Estensioni installate </li><li> Messaggi di errore che vengono visualizzati durante l'utilizzo di Thunderbird </li><li> Software di sicurezza eventualmente presenti (Antivirus e simili) </li><li> Software di ""pulizia"" del sistema operativo </li></ol>",'@next,False,0,0
1708428,1489958,2025-02-01T09:02:25.487783Z,2025-02-01T09:02:25.487790Z,<p>Quale messaggio di errore compare quando provi ad inviare la posta? </p>,'@next,False,0,0
1708437,1489711,2025-02-01T09:53:02.664330Z,2025-02-01T09:54:12.209220Z,"<p>What OS? Which version of Thunderbird? If Windows, what anti-virus software? Do you have backups of your Thunderbird profile folder? Where are is the profile located - on local disk, or on a network drive? </p>",christ1,False,0,0
1708445,1489831,2025-02-01T10:04:54.349987Z,2025-02-01T10:04:54.349994Z,<p>It will update to 128.6.1 after installation </p>,frisée,False,0,0
1708446,1489764,2025-02-01T10:06:45.796193Z,2025-02-01T10:06:45.796199Z,<p>I have given up on Mozilla and Thunderbird as I can use other email accounts but this one I have talked about will not work in Mozilla.  The geek squad spent nearly all day yesterday trying to get it to work and nothing good happened.  It works fine in outlook. So I will use outlook from now on. </p>,orateague441,False,0,0
1708449,1489764,2025-02-01T10:12:37.863927Z,2025-02-01T10:12:37.863933Z,<p>Goodbye. </p>,frisée,False,0,0
1708453,1489711,2025-02-01T10:19:04.776873Z,2025-02-01T10:19:04.776881Z,<p>OS: Windows-10 22H2 x64 Thunderbird Version:- 115 and 128 Antivirus:- Seqrite Endpoint Security 18.00 x64 No Profile folder backup Profile located in C Drive . </p>,malavdhimmar,False,0,0
1708458,1489711,2025-02-01T10:42:28.378322Z,2025-02-01T10:42:28.378328Z,"<blockquote> Thunderbird Version:- 115 and 128 </blockquote> <p>What version exactly, particularly for the 128.* series? </p><p>Is the problem happening with v115.*, or v128.*, or both? </p> <blockquote> Antivirus:- Seqrite Endpoint Security 18.00 x64 </blockquote> <p>Anti-virus software often causes problems with Thunderbird mail files. I'm not familiar with Seqrite at all. However, these are some generic suggestions to avoid problems with anti-virus software. </p><p>Create an exception in your anti-virus software for the Thunderbird profile folder, so that the anti-virus real-time scanner will not scan it. <a href=""https://support.mozilla.org/en-US/kb/profiles-where-thunderbird-stores-user-data#w_how-to-find-your-profile"" rel=""nofollow"">https://support.mozilla.org/en-US/kb/profiles-where-thunderbird-stores-user-data#w_how-to-find-your-profile</a> </p><p>Don't let your anti-virus software scan incoming and outgoing messages. </p><p>Don't let your anti-virus software scan attachments. </p><p>Don't let your anti-virus software intercept your secure connection to the server. </p><p>Remove any add-ons your anti-virus software may have installed in Thunderbird. </p><p>Keep it working. <a href=""https://kb.mozillazine.org/Keep_it_working_-_Thunderbird"" rel=""nofollow"">https://kb.mozillazine.org/Keep_it_working_-_Thunderbird</a> </p><p>And last but not least, backup your Thunderbird profile on a regular basis. <a href=""https://support.mozilla.org/kb/profiles-where-thunderbird-stores-user-data#w_backing-up-a-profile"" rel=""nofollow"">https://support.mozilla.org/kb/profiles-where-thunderbird-stores-user-data#w_backing-up-a-profile</a> </p>",christ1,False,0,0
1708473,1489831,2025-02-01T12:35:46.686805Z,2025-02-01T12:35:46.686815Z,"<p>I agree, the website isn't updated. Puzzling that it has been delayed. </p>",davidsk,False,0,0
1708478,1489831,2025-02-01T12:50:28.343546Z,2025-02-01T12:50:28.343552Z,"<p>Even the link posted by James above, still only downloads the 128.6.0 version. Something, somewhere is screwed up. </p>",Homer712,False,0,0
1708488,1489960,2025-02-01T13:40:34.843876Z,2025-02-01T13:40:34.843882Z,"<p>Bought new laptop windows 11, installed  thunderbird  but only emails show in thunderbird and no events on </p><pre>calender  - old one with good calender and events  will not import from my thunder account. </pre>",rickwalls6,False,0,0
1708491,1489960,2025-02-01T13:57:30.185559Z,2025-02-01T13:57:30.185564Z,<p>I tried to  import it from thunderbird error message says file  does not exist-cannot open but exists on thunderbird in old laptop with same path. I    exported it  from my  old  laptop and saved it on a key but import on   new laptop says cannot open. </p>,rickwalls6,False,0,0
1708496,1489879,2025-02-01T14:24:30.123830Z,2025-02-01T14:24:30.123836Z,<p>U kunt de qr code verkrijgen als u de laatste versie van Thunderbird heeft. Welke versie gebruikt u? </p>,Mad_Maks,False,0,0
1708497,1489869,2025-02-01T14:27:57.723938Z,2025-02-01T14:27:57.723944Z,<p>Gebruikt u IMAP? zo ja dan is denkt ik de simpelste oplossing het account waar het om gaat verwijderen vie de accountbeheerder en deze na een herstart weer in te stellen. </p>,Mad_Maks,False,1,0
1708501,1489861,2025-02-01T14:39:11.098710Z,2025-02-01T14:39:11.098716Z,"<p>misschien kan dit forum onderwerp, in het engels, u helpen: <a href=""https://support.mozilla.org/gl/questions/1418803"" rel=""nofollow"">https://support.mozilla.org/gl/questions/1418803</a> </p>",Mad_Maks,False,0,0
1708504,1489933,2025-02-01T14:45:26.931898Z,2025-02-01T14:45:26.931906Z,"<p>Thank you for your idea. That did not work, but it made me realize I should try reinstalling Thunderbird and downloading the dictionary add-on. Then I tried your idea, and it worked!   </p><p>Thank you for taking the time to help find a solution! </p>",amainland14,False,0,0
1708506,1489779,2025-02-01T14:59:47.772274Z,2025-02-01T14:59:47.772288Z,<p>Het ziet er naar uit dat deze komende week komt. </p>,Mad_Maks,False,0,0
1708507,1489924,2025-02-01T14:59:59.959609Z,2025-02-01T14:59:59.959615Z,<p>I have one Spectrum account that I use to pay my bills. I have a second that I use to access their webmail service. </p><p>I have four Thunderbird email addresses all with the same domain name. </p><p>I have one SMTP server. </p>,rhharper,False,0,0
1708518,1489736,2025-02-01T15:27:00.036675Z,2025-02-01T15:27:00.036683Z,"<p>If you have other Micosoft account(s), then you may find that school account is added as an alias. Assuming it has been added to Microsoft account and you have another email address in Microsoft.... Whatever account eg: an <a href=""http://outlook.com"" rel=""nofollow"">outlook.com</a> email address is set up as Primary then Microsoft allows sending via whatever is set up as Primary. All alias email addresses in Microsoft account need to use same password as used to access webmail/micosoft account. </p><p>So you may be able to create a school mail account in Thunderbird using Authentication Method: Oauth using webmail password, but will need to manually set the SMTP to use the eg: <a href=""http://outlook.com"" rel=""nofollow"">outlook.com</a> email address. But I would advise also setting the Account Settings Reply-to email address as the school email address. So replies go to correct school address. </p><p>I cannot guarantee the above will work as i'm not sure of your specific set up or whethr you have other Microsft accounts. </p><p>However, there is another alterative which should work for you. </p><p>If school admin have disabled IMAP, POP and SMTP then you could try this addon: <a href=""https://addons.thunderbird.net/en-us/thunderbird/addon/owl-for-exchange/"" rel=""nofollow"">https://addons.thunderbird.net/en-us/thunderbird/addon/owl-for-exchange/</a> </p><p>It is a paid for addon but at a very small price. Maye a couple of coffees per annum ! The addon allows you to use your Exchange and Office365 email account using Outlook Web Access (OWA) with Thunderbird. </p>",Toad-Hall,False,1,0
1708520,1489924,2025-02-01T15:28:41.485513Z,2025-02-01T15:28:41.485520Z,<p>The domain name is entirely irrelevant in this situation.  Spectrum insists the email address in the username field of the Outgoing server(SMTP) used to send the mail matches the email address in the from line of the email. </p>,MattAuSupport,False,0,0
1708531,1489814,2025-02-01T15:35:58.598193Z,2025-02-01T15:35:58.598198Z,"<p>Perhaps someone will come along that understand what you are saying,  but it will probably enhance you chance of being replied to with something useful if you invest just a little time in explaining what it is you are trying to do here.  There appears to be some sort of conflating of folders, relevance and filtering in this topic but how they are supposed to relate is far from clear to me. </p>",MattAuSupport,False,0,0
1708543,1489924,2025-02-01T15:50:21.596191Z,2025-02-01T15:50:21.596198Z,<p>That's one of the things that's so confusing. The names match perfectly. </p><p>The other thing is: I was able to send one minute and then not the next. It's like Spectrum changed/updated something and didn't tell anyone. </p><p>The third bit of confusion is: I'm able to send from that same exact username/email using my webmail account. </p><p>Nothing makes any sense. </p>,rhharper,False,0,0
1708545,1489924,2025-02-01T16:05:54.985564Z,2025-02-01T16:05:54.985569Z,"<p>- click to account settings - scroll down to Outgoing servers (SMTP) and open that menu - there MUST be one smtp entry for each account and each should have a unique email id in the USER NAME field  - edit the DESCRIPTION field for each to have the email id that is in the USER NAME field - this is for documentation only - now, back to account settings pane, highlight each account name and check the bottom line for that account, the line that points to the SMTP server. if it is showing the wrong email id, click the dropdown arrow and select the proper one. - doing the above steps will ensure that all accounts' SMTP servers are connected. </p>",davidsk,False,0,0
1708546,1489924,2025-02-01T16:06:27.208804Z,2025-02-01T16:06:27.208814Z,"<p>The web mail is a web site and mail does not come into it.  As they all want folk on their advertising driven website, they devote resources to making the web pages work.  With something like 95% of their customers using the web mail offering guess what part of their bu8siness gets a very low priority. </p><p>You are able to send one minute,  but not the next.  Does it come back in say 24hours? Perhaps you need to have a look at this stuff as Spectrum do no inspire any confidence in me at all. <a href=""https://www.spectrum.net/support/internet/charter-postmaster-services"" rel=""nofollow"">https://www.spectrum.net/support/internet/charter-postmaster-services</a> </p>",MattAuSupport,False,0,0
1708550,1489924,2025-02-01T16:21:59.460601Z,2025-02-01T16:21:59.460606Z,<p>David -- My Thunderbird accounts only have one SMTP server. All my accounts used to be able to send though that one server successfully. </p>,rhharper,False,0,0
1708551,1489924,2025-02-01T16:28:17.789087Z,2025-02-01T16:28:17.789093Z,"<p>However you do it, the sending email address must match the SMTP email address. If that is not true, you will continue receiving that error message. Email providers sometimes tighten their security without telling anyone, even their own tech support staff. </p>",davidsk,False,0,0
1708552,1489924,2025-02-01T16:28:57.012716Z,2025-02-01T16:28:57.012722Z,"<p>Matt -- I was able to send successfully the morning of 1/28/25. I was unable to send emails in that afternoon. Obviously, I changed no settings.  </p><p>I have not been able to send since, despite spending hours changing every setting I could find. </p><p>I even tried looking into the header of the last email I sent successfully it see if there was some reference to the SMTP server settings in there. </p><p>And I share your contempt for Spectrum. The only thing worse than their service is their support team. </p>",rhharper,False,0,0
1708569,1489924,2025-02-01T16:57:24.051343Z,2025-02-01T16:57:24.051349Z,<p>David -- addresses match. </p>,rhharper,False,0,0
1708575,1489874,2025-02-01T17:08:01.068095Z,2025-02-01T17:08:01.068101Z,"<p>I really appreciate you help in this puzzlement </p><p>Now 5 of the 10 accounts can send email. All are listed in the ""saved logins"" with OAuth2 authentication. I've deleted <a href=""http://imap.gmail.com"" rel=""nofollow"">imap.gmail.com</a> and <a href=""http://smtp.gmail.com"" rel=""nofollow"">smtp.gmail.com</a> saved logins for the 5 accounts that aren't sending. </p><p>javascript and cookie settings are as specified in the referenced article </p><p>One curiousity: when trying to send from one of my accounts, the  </p><p>Login to server <a href=""http://smtp.gmail.com"" rel=""nofollow"">smtp.gmail.com</a> with username <a href=""mailto:xxxxx@gmail.com"" rel=""nofollow"">xxxxx@gmail.com</a> failed </p><p>popup specifies a DIFFERENT email account, rather than the one from which I'm trying to send. </p><p>Should I just delete all of the saved logins and add them back manually? Anything else. </p>",paul.h.brown,False,0,0
1708577,1489924,2025-02-01T17:12:06.797252Z,2025-02-01T17:12:06.797257Z,"<p>Puzzling. You have multiple accounts with one SMTP server - and all the account email accounts match the one in the SMTP server? Something is missing in this thread. Normally, each account has a unique email address and, if so, must have its own SMTP server. Please clarify. How can the addresses match? Thanks. </p>",davidsk,False,0,0
1708581,1489874,2025-02-01T17:39:32.098472Z,2025-02-01T17:39:32.098479Z,"<p>You may have multiple outgoing server settings, stored independently of any (incoming) account settings, then associate each account with the outgoing server you want to use with that account. Maybe the problem is that you don't have each of the accounts configured to use the right outgoing server? </p><p>It's not clear to me whether you're familiarised with the separate <b>Outgoing Server (SMTP)</b> settings pane I'm talking about. You can see it in the following article if you're not: </p><p><a href=""https://support.mozilla.org/kb/cannot-send-messages"" rel=""nofollow"">https://support.mozilla.org/kb/cannot-send-messages</a> </p><p>Add new outgoing server settings there for any account that doesn't already have one, then make sure each account is associated with the right outgoing server settings in the main pane of each of the account settings. </p>",DavidGG,False,0,0
1708585,1489924,2025-02-01T17:59:46.602217Z,2025-02-01T17:59:46.602223Z,"<p>David -- I think I understand the confusion. You are of the opinion that each email account should have its own SMTP server so that the usernames match in the config, yes? </p><p>All I can say at this point is that all my email accounts used to use the same SMTP server (and config) for years without incident. </p><p>My only thought at this point is that the different accounts are subaccounts of the same primary account, but Spectrum changed the ability to do that on 1/28/25, and now require separate SMTP server configs (same server -- different configs). </p><p>However, that still doesn't explain why I was able to send an email that morning, and NOT be able to send an email from the same account later that afternoon. </p>",rhharper,False,0,0
1708589,1489713,2025-02-01T18:14:21.956818Z,2025-02-01T18:14:21.956825Z,"<p>Hi DavidGG.  Thanks for the reply and help.  Yes I did have message filters.  I deleted all the filters and TB is functioning normal again, downloading to the the Inbox and staying put.  I appreciate the troubleshooting help and your expertise to recognize what was happening.  </p><p>Thanks again,  Mike </p>",mpjdonovan,False,0,0
1708608,1489874,2025-02-01T18:48:54.454112Z,2025-02-01T18:48:54.454121Z,"<p>I think the problem is solved. I had 11 gmail accounts synched to Thunderbird, and not 10. Apparently, Google only allows synch to 10 accounts. When I deleted one of the accounts from Thunderbird, all the other accounts logged in to Google and all can now send mail. </p><p>Thanks. </p>",paul.h.brown,False,0,0
1708644,1489949,2025-02-01T19:46:10.823213Z,2025-02-07T09:02:12.896877Z,<p>IMAP 128.6.1 desktop pc windows 10 </p>,douglasdavis321,False,0,0
1708648,1489877,2025-02-01T20:06:43.837093Z,2025-02-01T20:06:43.837099Z,"<p>On Norton 360 / Privacy / Secure VPN / Open / Settings, there is no ""slider to Enable VPN Split Tunneling,"" despite what is claimed on <a href=""https://support.norton.com/sp/en/us/home/current/solutions/v131881814"" rel=""nofollow"">https://support.norton.com/sp/en/us/home/current/solutions/v131881814</a> (last modified 12/11/2024). Thanks, however, for your reply, sfhowes. </p>",Ferrell516,False,0,0
1708676,1489924,2025-02-01T21:01:59.034300Z,2025-02-01T21:01:59.034326Z,"<p>Thank you Spectrum, once again, for introducing chaos into my life. I never had to log into the SMTP server before, but now I do.  </p><p>Obviously, I have to log into the POP server to receive and now; I have to log into the SMTP server to send. </p><p>After creating a SMTP server config for each email account, I am now able to send from each. </p><p>I'm grateful to those who helped and tried to help. </p>",rhharper,False,0,0
1708694,1489736,2025-02-01T21:27:26.482173Z,2025-02-01T21:27:26.482179Z,"<p>Thank you for giving a genuinely helpful answer! I tried the alias solution, but unfortunately I don't think my school allows this either, but Owl works perfectly fine, I'm happy to pay the small price for it! </p>",csmyarrumbak,False,0,0
1708695,1489960,2025-02-01T21:27:36.581222Z,2025-02-01T21:27:36.581229Z,<p>I figured it out. I had hotmail (which hasn't worked for a long time due to microsoft) and gmail on the old system of thunderbird. My  events were no longer accessible in thunderbird because they were stored and blocked by microsoft. I imported the calender in outlook (hotmail) which worked fine and all  my events are there s now I use outlook for all my new events. </p>,rickwalls6,False,0,0
1708713,1489969,2025-02-01T22:17:45.821802Z,2025-02-01T22:17:45.821809Z,<p>Frisee: Duh! </p><p>I ask T-bird to develop  a password recovery method. </p>,NickHovick,False,0,0
1708724,1489969,2025-02-01T22:45:00.567675Z,2025-02-01T22:45:00.567684Z,"<p>You're asking the wrong thing and in the wrong place then. </p><p>It isn't clear what you mean by your ""Thunderbird account"", but if you reset the password for your mail account, which only you, not Thunderbird, can do, all you have to do now is tell Thunderbird to use the new password when it asks for a password the next time it tries to connect to the server to access your mail account <i>there</i>. </p>",DavidGG,False,0,0
1708725,1489831,2025-02-01T22:46:11.152475Z,2025-02-01T22:46:11.152481Z,"<p>I do not know what is the case with Thunderbird at moment, however there has been a small number of times with Firefox where an update was delayed or stopped being served due to issues with the update until a new update was released. </p>",James,False,0,0
1708729,1489934,2025-02-01T22:49:26.423932Z,2025-02-01T22:49:26.423936Z,<p>my domain is hosted by Godaddy it includes CPanel emails GoDaddy provides the info for connections I have been using it successfully for 35 years including YELLING at them every time they change server connection protocols </p><pre>without informing its millions of clients and we learn the hard way that they made changes (ie our emails stop working) </pre> <p>and it worked for years using TBird - now doesn't :( GoDaddy connections data has not changed (lately i can STILL remote in using other email IMAP programs . even send from the GoDaddy server using GMAIL! </p><p>I am very confused </p> <ul><li>thanks again for asking details </li></ul>,Dragon,False,0,0
1708755,1489934,2025-02-01T23:54:49.591782Z,2025-02-01T23:54:49.591788Z,"<p>OK, I was finding it strange that you would use mail servers named after your own domain and not a GoDaddy's domain, but it looks like that's how GoDaddy cPanel works, so that part must be correct. And if those settings were generated by cPanel itself, then those should be the settings you're supposed to use. Sorry I added to the confusion for not knowing how cPanel works. </p><p>So sending stopped working in Thunderbird but it keeps working in other mail clients and in Gmail <i>without you having changed any settings there</i>? Or did you have to change some setting to make it work there and you just cannot make it work in Thunderbird by doing the same you did there? </p>",DavidGG,False,0,0
1708757,1489934,2025-02-02T00:12:19.811450Z,2025-02-02T00:12:19.811457Z,<p>worked in all places (other apps) stopped working TBird did not have to make edits to other places </p><p>am confused as TBird does work for me using non-GoDaddy servers hmm = - I have other domains that use Cpanel that are not Godaddy let me load those into Bird and see what happens back later </p>,Dragon,False,0,0
1708768,1489831,2025-02-02T01:18:40.071096Z,2025-02-02T01:18:40.071102Z,"<p>Apparently there was an automation glitch and the web site missed the udate.  Nothing more.  I guess it will be fixed when the relevant folks return to work on Monday. It fixed in the next day or two I am sure.  Until then download it from <a href=""https://ftp.mozilla.org/pub/thunderbird/releases/128.6.1esr/"" rel=""nofollow"">here </a>if you need that release specifically,or any release as the site holds a full archive of Thunderbird releases. </p>",MattAuSupport,False,0,0
1708775,1489934,2025-02-02T01:53:59.821246Z,2025-02-02T01:53:59.821252Z,<p>not a cpanel issue as it (TB) can send emails using my server at a different hosting center so it MUST be GoDaddy issue or something blacklist or something from GoDaddy to T bird? </p>,Dragon,False,0,0
1708779,1489934,2025-02-02T02:20:32.223210Z,2025-02-02T02:20:56.236054Z,<p>I'm at a loss. I suppose you've already checked the SMTP password stored in <b>Privacy &amp; Security</b> to make sure it is correct… </p>,DavidGG,False,0,0
1708802,1489761,2025-02-02T05:23:47.835815Z,2025-02-02T05:23:47.835820Z,"<em><p>DavidGG <a href=""#answer-1708095"" rel=""nofollow"">said</a></p></em> <blockquote>It makes no sense to me that creating the IMAP account would have caused any mail duplication <i>at the server</i>. Did you also copy mail from the POP account to the IMAP account in Thunderbird maybe?  What is that weird ""POP"" folder you have under the Inbox of the POP account and the Trash of the IMAP? You must have created that folder yourself if it appears in the POP account…  Anyway, deleting the IMAP account should be no problem, but deleting the POP account, if you choose to delete both info and data, would cause you to lose all the mail downloaded by that account that's no longer on the server… </blockquote> <p>I tried moving the e-mails around several which ways when I first opened the IMAP account, since it seemed to have only brought over a few of the e-mails. (I guess that's because some of the mail was no longer on the server?) </p><p>The POP folders you mention, I am quite certain, I did not create. I don't know why they appeared. </p> <em><p>frisée <a href=""#answer-1708010"" rel=""nofollow"">said</a></p></em> <blockquote>The nature of a POP3 account is that it retrieves the emails from the Email Server and deletes their existence from there. So, yes, you could delete both but you would probably lose all your emails.  There are several possible ways around this but you should definitely back up all your profiles before trying anything. </blockquote> <p>I am thoroughly confused now. </p><p>I initially (years ago) when setting up the account in Thunderbird made it POP, for whatever reason - I assume I had some reason to think that was the right thing to do, like that's what the computer said it was, or whatever - but recently I have noticed that some e-mails weren't coming through in Thunderbird, but were coming through in Outlook webmail. Internet advice said that this was something to do with POP/IMAP, so I created an IMAP account in Thunderbird and sure enough the missing e-mails arrived. </p><p>So my assumption now is that on the Outlook servers the e-mail account was always IMAP and I'd mistakenly set it up as POP in Thunderbird, thus missing various e-mails - ergo, all the e-mails should still be on the <a href=""http://Outlook.com"" rel=""nofollow"">Outlook.com</a> servers, and I can delete the accounts in Thunderbird (and start a new one) that should download all my e-mails. </p><p>1. Where am I going wrong? 2. Would the simplest thing be to start afresh with Outlook desktop? </p>",bd_11111,False,0,0
1708808,1489761,2025-02-02T05:40:04.132299Z,2025-02-02T05:50:00.049512Z,"<blockquote>So my assumption now is that on the Outlook servers the e-mail account was always IMAP and I'd mistakenly set it up as POP in Thunderbird</blockquote> <p>No, that's a wrong assumption. It's common for email providers to allow <i>both</i> POP <i>and</i> IMAP access. They're not incompatible and you may even use both at the same time. You wouldn't have been able to ""mistakenly"" set it up as POP. </p> <blockquote>all the e-mails should still be on the <a href=""http://Outlook.com"" rel=""nofollow"">Outlook.com</a> servers</blockquote> <p>That's another wrong (and very dangerous) assumption. What's on the server is what you can see with IMAP or webmail (should be the same in both cases). What you cannot see with either is <b>not</b> there… </p> <blockquote>I can delete the accounts in Thunderbird (and start a new one) that should download all my e-mails.</blockquote> <p>What I said in my previous reply. For the IMAP account yes, for the POP account NO. Any messages stored locally in your POP account and not on the server are stored locally in that account and nowhere else. If you delete the POP account from Thunderbird and choose to delete both account info and message data without having made a backup first, you'll lose all the messages stored there that are not on the server… </p>",DavidGG,False,0,0
1708919,1489779,2025-02-02T14:51:29.722523Z,2025-02-02T14:51:29.722529Z,"<p>Dat zou  mooi zijn. </p><p>Kan ik ook handmatig updaten, zoja waar zit dat ? </p>",neargos,False,0,0
1709029,1489944,2025-02-02T21:02:47.136822Z,2025-02-02T21:02:47.136828Z,"<p>Sorry but that reply does not solve my problem. Let me rephrase it. Say I get junk mail from ""<a href=""mailto:enzo@newsletter.spartoo.com"" rel=""nofollow"">enzo@newsletter.spartoo.com</a>"" and I mark it as Junk. Shouldn't all such emails then get sent into the Junk file? And if I set up a filter for ""<a href=""http://spartoo.com"" rel=""nofollow"">spartoo.com</a>,"" shouldn't all arriving email from that domain get filtered to Junk? But neither one is working! </p>",almagary,False,0,2
1709066,1489711,2025-02-03T04:28:00.135529Z,2025-02-03T04:28:00.135535Z,<p>write now i am trying with 115.9.0 (x64 bit) and 128.0.1 esr (32-bit). </p>,malavdhimmar,False,0,0
1709067,1489711,2025-02-03T04:30:05.028819Z,2025-02-03T04:30:05.028824Z,<p>we already disabled E-Mail scanning since last 4 years in Seqrite. </p>,malavdhimmar,False,0,0
1709068,1489711,2025-02-03T04:37:09.490695Z,2025-02-03T04:37:09.490701Z,<p>is threre any official tool available to recover mails?? is there any limit of Local folder that one folder can contain up to this much GB only ?? </p>,malavdhimmar,False,0,0
1709094,1489798,2025-02-03T08:33:12.102213Z,2025-02-03T08:33:12.102218Z,"<p>Ciao, purtroppo il backup che ho non è molto recente e quindi ho due mesi di posta ""persi"" in questo momento. </p><p>Si ho seguito quella procedura, infatti le email non sono state cancellate, ripeto sul file inbox ci sono tutte e 144 mila, come da foto allegata in precedenza, infatti facendo tasto destro -&gt; apri con -&gt; mozzilla thunderbird riesco ad aprire singolarmente. Soltanto che facendo cosi non ho in ordine temporale e non riesco a recuperare solo i due mesi che mi mancano. Quando provo a caricarli in un file thunderbird si genera un indice, piuttosto leggero, tant'è che quando apro l'app poi la cartella sul quale carico i file mi genera delle sottocartelle( dal nome indecifrabile)  per ogni mail e comunque non me le ordina per data.  Per logica mi sembra che siccome il file sia troppo pesante (144 mila mail) non riesce a ricostruirsi un indice e ne ricostruisce uno per ogni mail. Non so se adesso mi sono spiegato meglio </p>",jacopo4,False,0,0
1709097,1489798,2025-02-03T08:59:23.979462Z,2025-02-03T08:59:23.979469Z,"<p>Aggiungo, per rispondere alla tua domanda, i file mbox hanno dimensioni differenti. Tutta la cartella ""inbox"" invece ha una dimensione di 70gb </p>",jacopo4,False,0,0
1709099,1489798,2025-02-03T09:13:11.429966Z,2025-02-03T09:13:11.429974Z,"<p>Adesso ho provato a seguire il tuo consiglio ed importarne un centinaio, mi si generano le sottocartelle e non mi compare nemmeno la mail all'interno, allego foto. </p>",jacopo4,False,0,0
1709100,1489798,2025-02-03T09:19:51.139041Z,2025-02-03T09:19:51.139046Z,"<p>Però non mi stai seguendo :) I messaggi che si vedono nella tua foto NON sono quelli archiviati in Thunderbird; sono copie in un altro formato che servono per poter cercare le mail con la ricerca integrata di Windows. I file MBOX di Thunderbird sono un'altra cosa: Ogni <strong>cartella che hai in Thunderbird corrisponde ad un singolo file sul disco del PC</strong>. Sono questi i file che devi individuare se vuoi provare a recuperare la struttura della tua posta. I metodi per farlo sono quelli che ti ho già indicato -&gt; <a href=""https://codeberg.org/m13o/TBook/wiki/Thunderbird+-+Importare+mbox.-"" rel=""nofollow"">https://codeberg.org/m13o/TBook/wiki/Thunderbird+-+Importare+mbox.-</a> in particolare quello che prevede l'uso dell'estensione <strong>ImportExportTools NG</strong> </p><p>I file singoli di cui parli possono essere utilizzati come soluzione d'emergenza ma non ti permettono con semplicità di ricostruire l'archivio. </p><p>Sono comunque due soluzioni diverse. Io ti suggerisco di concentrarti sulla prima e solo se questa non funziona di provare con la seconda </p>",'@next,False,0,0
1709107,1489798,2025-02-03T09:53:22.158241Z,2025-02-03T09:53:22.158249Z,"<p>scusami la domanda stupida, io all'interno del file inbox vedo due tipi di file, quelli che ti ho mostrato prima e dei file nominati solo con numeri (es. 1450006) dall'icona bianca. in più ci sono delle cartelle(vuote)  sempre nominate per numeri. Adesso ho fatto una prova importando un centinaio di file che vedi in foto ed effettivamente me le importa in thunderbird ed apre. Il problema è che crea comunque delle sottocartelle per ogni mail.  </p><p>Adesso sto provando con l'estensione come mi hai suggerito, vediamo se fa qualcosa. </p>",jacopo4,False,0,0
1709110,1489798,2025-02-03T10:14:04.549033Z,2025-02-03T10:14:04.549041Z,"<p>Attenzione a non fare confusione. <strong>Tu hai aperto una cartella di nome inbox, non un file</strong>. </p><p>Se vuoi possiamo procedere passo a passo, però per ragioni di tempo non posso essere molto veloce nel risponderti. Anzitutto riesci a individuare la cartella del profilo Thunderbird come spiegato in questa guida? -&gt; <a href=""https://support.mozilla.org/it/kb/profili-thunderbird#w_come-aprire-il-proprio-profilo-senza-avviare-thunderbird"" rel=""nofollow"">https://support.mozilla.org/it/kb/profili-thunderbird#w_come-aprire-il-proprio-profilo-senza-avviare-thunderbird</a> Quali cartelle contiene? Se queste cartelle a loro volta contengono altree sotto-cartelle, cosa trovi al loro interno? </p>",'@next,False,0,0
1709134,1489798,2025-02-03T12:03:17.352534Z,2025-02-03T12:03:17.352541Z,"<p>Ciao, grazie, si ho già individuato il profilo, in risposta al resto ti allego tre immagini dei percorsi con tutte le cartelle che mi escono </p>",jacopo4,False,0,0
1709135,1489798,2025-02-03T12:06:19.536587Z,2025-02-03T12:06:19.536594Z,"<p>aggiungo che ho finito con l'importazione tramite estensione ImportExportTools NG ma l'unica cartella che mi interessava ""posta in arrivo"" della casella aruba mi rimane comunque vuota </p>",jacopo4,False,0,0
1709186,1489798,2025-02-03T15:34:55.091168Z,2025-02-03T15:35:51.460306Z,"<p>Dalla seconda foto, cosa contiene la cartella <strong>Inbox</strong>? E la cartella Inbox.sbd? </p><p>In Thunderbird, la cartella Posta in arriva conteneva altre sottocartelle? </p>",'@next,False,0,0
1709190,1489798,2025-02-03T15:48:43.094578Z,2025-02-03T15:48:58.896569Z,"<p>Di seguito il percorso con in contenuto della cartella ""inbox"". Mentre all'interno della cartella ""inbox.sbd"" ci sono tutte le sottocartelle create sulla posta in arrivo con i vari indici .mfs, ma queste ultime vengono visualizzate correttamente in thunderbird. </p>",jacopo4,False,0,0
1709198,1489798,2025-02-03T16:23:07.278962Z,2025-02-03T16:23:07.278968Z,"<p>Purtroppo allora non credo che la inbox sia più recuperabile. Nella situazione standard nella cartella che hai mostrato in questa immagine <a href=""https://assets-prod.sumo.prod.webservices.mozgcp.net/media/uploads/images/2025-02-03-04-02-51-76e298.png"" rel=""nofollow"">https://assets-prod.sumo.prod.webservices.mozgcp.net/media/uploads/images/2025-02-03-04-02-51-76e298.png</a> oltre al file Inbox.msf avresti dovuto trovare un file di nome Inbox senza estensioni </p><p>A questo punto probabilmente bisogna passare all'altro metodo In che cartella si trovano esattamente i 140mila file di cui dicevi sopra? Tutti in cur? Ne puoi creare una copia in un'altra posizione del disco rigido in modo da poter fare qualche prova senza rischiare di danneggiare i file originali? </p>",'@next,False,0,0
1709200,1489798,2025-02-03T16:32:38.028133Z,2025-02-03T16:32:38.028140Z,"<p>si, sono tutti in cur. Adesso faccio una copia di tutti i file su disco. </p>",jacopo4,False,0,0
1709216,1489798,2025-02-03T17:07:18.264700Z,2025-02-03T17:07:18.264708Z,"<p>Dopo aver fatto la copia: - all'interno di Thunderbird crea una nuova cartella apposita, chiamiamola ad esempio Test - utilizza ImportExportTools NG per importare le mail dalla copia che hai fatto: -- click con il pulsante destro del mouse sulla cartella Test &gt; ImportExportTools NG &gt; Importa tutti i messaggi di una directory &gt; Solo della directory -- Indica per l'importazione la cartella in cui hai fatto copia dei messaggi </p><p>A questo punto attendi, perché la procedura potrebbe essere molto lenta. </p><p>Se vuoi andare sul sicuro ed evitare blocchi di Thunderbird: - crea un po' di sottocartelle ed in ognuna metti circa 10.000 messaggi di quelli di cui hai fatto la copia - all'interno della cartella Test crea un po' di sottocartelle ulteriori: Test1, Test2, etc - Usa Test1 per importare i messaggi della prima sotto-cartella, Test2 per la seconda e via diendo seguendo la procedura descritta sopra </p>",'@next,False,0,0
1709248,1489814,2025-02-03T18:23:56.404529Z,2025-02-03T18:23:56.404535Z,"<p>I need to filter mails in the ""Unified Folders"" -&gt; ""Inbox"" (and not doing this 10 times, as I have at least 10 email addresses) which are NOT Favorites. Now, I can only filter only those which a Favorites. If I am not makin a mistake. </p><p>Those which are filtered I will Archive them. Maybe 30-40 every days. </p><p>Is it simpler? </p>",ftt1,False,0,0
1709264,1489711,2025-02-03T18:35:19.746413Z,2025-02-03T18:35:19.746420Z,"<blockquote> write now i am trying with 115.9.0 (x64 bit) and 128.0.1 esr (32-bit). </blockquote> <p>You didn't tell whether the problem happens with both, 115.9.0, and 128.0.1. </p><p>When v128 was released initially it had a nasty problem with corrupting mail files when compacting folders of IMAP accounts. Perhaps this did affect the Local Folders account as well. In most cases the corruption could be fixed by repairing folders. For details see <a href=""https://bugzilla.mozilla.org/show_bug.cgi?id=1890230"" rel=""nofollow"">https://bugzilla.mozilla.org/show_bug.cgi?id=1890230</a> </p><p>These problems have been largely fixed in the current esr version (128.6.1). Why you're still on version 128.0.1 I don't know. </p> <blockquote> is threre any official tool available to recover mails? </blockquote> <p>Repairing folders is your best bet. By now Thunderbird does that automatically if it detects corruption. </p> <blockquote> we tried to repair folder does not work, we tried renaming .msf does not work. </blockquote> <p>Repairing folders, and deleting or renaming .msf files does essentially the same thing. There is no point in doing both. </p> <blockquote> is there any limit of Local folder that one folder can contain up to this much GB only ?? </blockquote> <p>I'm not aware of a hard limit in terms of folder size. Also see <a href=""https://kb.mozillazine.org/Limits_-_Thunderbird#Folders_and_messages"" rel=""nofollow"">https://kb.mozillazine.org/Limits_-_Thunderbird#Folders_and_messages</a> </p>",christ1,False,0,0
1709396,1489814,2025-02-04T01:12:03.142634Z,2025-02-04T01:12:03.142640Z,"<p>There is no filtering on the unified folder as filtering is undertaken per account and the unified folder is not only not an account,  it is really a virtual folder,  so it does not have any content as such. </p>",MattAuSupport,False,0,0
1709439,1489798,2025-02-04T08:43:40.567428Z,2025-02-04T08:43:40.567435Z,"<p>Ciao ho completato la copia della cartella con i messaggi. Creato la cartella test, allego sotto la schermata quando vado ad importare file. Presumo debba fare import file mbox-&gt; tutti i file della directory. </p>",jacopo4,False,0,0
1709444,1489798,2025-02-04T09:10:30.336719Z,2025-02-04T09:10:30.336727Z,"<p>No, i file che hai raccolto non sono MBOX Devi andare in ImportExportTools NG &gt; Importa file EML &gt; Tutti i file EML da una directory Ti verrà quindi chiesto di indicare la cartella da cui importare e dovrai indicare quella in cui hai raccolto i file. </p>",'@next,False,0,0
1709479,1489798,2025-02-04T13:18:22.776275Z,2025-02-04T13:18:38.053791Z,"<p>Ciao, cosi sembra di aver recuperato tutte le mail, o almeno sembra, al massimo se ne dovesse mancare qualcuna a campione non fa nulla. Sicuramente è l'unica soluzione fattibile piuttosto che aprirsi manualmente 144 mila fila. Ci ha messo un po' per importare nella cartella test, ma adesso risultano tutti visualizzabili e cosa più importante, ordinate in un'unica cartella. Grazie </p>",jacopo4,False,0,0
1709504,1489831,2025-02-04T14:11:22.187480Z,2025-02-04T14:11:22.187488Z,"<p>Not a big deal, but the download page still hasn't  been updated. The only reason I noticed is that when any of my installed apps are updated, I always go to their website and download the updated version. That way, if I ever need to do a fresh install of the OS, I'll have the latest versions of all my apps to reinstall as well. </p>",Homer712,False,0,0
1709509,1489798,2025-02-04T14:31:05.662574Z,2025-02-04T14:31:05.662582Z,<p>Tutto è bene quel che finisce bene :) Permettimi due ultimi consigli: - In Thunderbird prendi l'abitudine di dividere i messaggi in più cartelle per evitare che diventino troppo ingombranti sul disco. - Di tanto in tanto usa ImportExportTools NG per creare delle copie di backup. Come vedi possono sempre tornare utili. </p>,'@next,False,0,0
1709680,1489949,2025-02-05T02:46:07.031923Z,2025-02-07T09:02:12.918916Z,"<p>Spectrum mail client settings are published here: </p><p><a href=""https://www.spectrum.net/support/internet/spectrum-email-server-settings"" rel=""nofollow"">https://www.spectrum.net/support/internet/spectrum-email-server-settings</a> </p><p>But the specific settings for <a href=""http://charter.net"" rel=""nofollow"">charter.net</a> are much clearer here: </p><p><a href=""https://www.postbox-inc.com/setup/email-settings/access-charter-net-via-imap-smtp"" rel=""nofollow"">https://www.postbox-inc.com/setup/email-settings/access-charter-net-via-imap-smtp</a> </p><p>Make sure you've set up the <i>outgoing</i> (SMTP) server in Thunderbird according to those settings. Post back with a screenshot of your settings and of the error message you get if that still doesn't work. </p>",DavidGG,False,0,1
1709685,1489949,2025-02-05T03:41:03.415296Z,2025-02-07T09:02:12.939102Z,<p>entered settings as indicated by you. still no fix </p>,douglasdavis321,False,0,0
1709690,1489761,2025-02-05T05:23:43.383405Z,2025-02-05T05:23:43.383413Z,"<p>Thanks, but I remain confused. </p><p>I won't try to understand everything, though, I just want to get the e-mails working. (Now it's telling me I can't send e-mails for some reason.) I'm thinking it will be easier to start from scratch. Suppose I backed up the POP account, exported the e-mails to some file or whatever - could I then import those e-mails into an IMAP account? </p><p>(And could I import them into another program? If I'm starting from scratch, why not switch back to Outlook?) </p>",bd_11111,False,0,0
1709726,1489761,2025-02-05T09:44:19.139299Z,2025-02-05T09:44:19.139306Z,"<blockquote>I won't try to understand everything</blockquote> <p>In this case, you should. The differences between POP and IMAP accounts are perfectly understandable and have a direct impact in how Thunderbird manages your mail both locally and at the server. You may easily get things wrong if you don't really understand how POP and IMAP works. The following article may help: </p><p><a href=""https://support.mozilla.org/kb/difference-between-imap-and-pop3"" rel=""nofollow"">https://support.mozilla.org/kb/difference-between-imap-and-pop3</a> </p> <blockquote>Suppose I backed up the POP account, exported the e-mails to some file or whatever - could I then import those e-mails into an IMAP account?</blockquote> <p>Yes, but it would be easier to move your mail out of the account folders into custom folders you may create under <b>Local Folders</b>. Mail placed there is stored locally on your computer independently of any mail account you may have. </p><p>And you may always move/copy mail from any folder locally stored on your computer to a folder in your IMAP account to make it available on the server. </p>",DavidGG,False,1,0
1709727,1489949,2025-02-05T09:46:09.977368Z,2025-02-07T09:02:12.959262Z,<p>I told you to post a screenshot of your settings and of the error message you get if it still doesn't work… </p>,DavidGG,False,0,1
1709763,1489877,2025-02-05T12:49:30.955625Z,2025-02-05T12:49:30.955631Z,"<p>On Norton 360 / Privacy / Secure VPN / Open / Settings tab 'Enable VPN split tunneling' section On the right is a lozenge shape with pink background and it has a red circle with a white X in it. - See image below as guide. That is the slider - it moves left and right. You can left click and hold down to drag OR use a left click on red cicle to force a green circle. see  image below as guide. </p><p>Then you need to click on the button which in my case says 'Edit Apps' and follow instructions to add Thunderbird to exclude it. Instructions at link mention 'Add' and 'Manage Apps', but mine says 'Edit Apps' then you click on 'Add Application'. Locate the directory where program is installed  eg: C://Program Files/Mozilla Thunderbird and add the 'thunderbird.exe' and then add the 'updater.exe'  program files. Finally click on 'Save' </p><p>I do not use VPN as I got fed up with correct links opening incorrect locations in my browser and other issues. But tunnelling is vital if you use VPN as many servers don't like atempts to access server when it looks like it could be a hacker from anywhere. </p>",Toad-Hall,False,1,0
1709764,1489887,2025-02-05T12:58:54.833570Z,2025-02-05T12:58:54.833577Z,"<p>Dear Mpenzi </p><p>When I open Thunderbird I see screenshot. 1 If I click “choose what to set up” (email) I get screenshot 2.       If I enter name, email, ( both with password and without password) screenshot 3  Click “Done” I get. screenshot 4 </p><p>I have used the link you sent me and for my Mac I follow the instructions below Finding your profile without opening Thunderbird 1.    Click the Finder icon in the dock. On the menu bar, click the Go menu, hold down the option or alt key and select Library. </p><p>2.    Open the Thunderbird folder, and then the Profiles folder.  </p><p>3.    Your profile folder is within this folder. If you only have one profile, its folder would have ""default"" in the name. </p><p>Then… I get screenshot 5  </p><p>I am not sure what profile is correct (if any of them) Can you advise what I need to do next? </p><p>Regards John Osgerby </p>",Kemet,False,0,0
1709773,1489887,2025-02-05T13:38:56.934189Z,2025-02-05T13:38:56.934197Z,"<p>That problem usually means that thunderbird had problems with the profile and created a new one. Had the profile not been present, thunderbird would had stated 'no profile' and would have immediately terminated. So, that means you have a profile and I see there is one from December 2023 that may be the right one. I also see a profile with beta in name, indicating you may have installed a beta? If you browse the contents of those profiles, you will be able to confirm the right one - and I'm guessing it's the one from dec 2023. Look in the imapmail folder for evidence of IMAP accounts and in the Mail folder for evidence of POP accounts and in Mail\Local Folders for other message folders. Also, the abook.sqlite file (the addressbook) will be bigger in the profile you lost. All content can be imported, once you confirm the profile with your content. </p>",davidsk,False,1,0
1709804,1489887,2025-02-05T15:41:13.052782Z,2025-02-05T16:25:18.746862Z,"<p>Hello John, thank you for your very useful screen shots! There are three folders un your ""Profiles"" folder : default, default-release and default-beta. In a first time we can neglect the <strong>default</strong> profile, because it has not been used since 2023.  The <strong>default-release</strong> profile seems to be your old working profile and the <strong>default-beta</strong> profile seems to have been created by a TB beta version. </p><p>If TB had found NO profile on startup you would have seen a ""Missing Profile"" message (picture) and TB wouldn't start. If TB for some unknown reason had created a new profile on startup the new profil would been named ""xxxxxxxx.<strong>default-esr""</strong> which actually is the default name of new profiles (see picture new installation) unless you create them manually.  </p><p>My guess is that by mistake you installed a beta version on your Mac, and when you started this beta for the first time TB automatically opened the ""Set Up your Existing Email Address"" and at the same time created the ""yyyyyyyy.default-beta"" profile (separate profile for each Thunderbird version!). </p><p>Now please verify: a) if you have installed two TB versions: a default-release version which could be an ancient version and a beta version. Verify your ""Applications"" folder, but one of the two versions could be installed somewhere else, e.g. the Dektop </p><p>b) open the Thunderbird folder in your User-Library, open the the <strong>profiles.ini </strong>file with Text-Edit and show us a screen shot of its content </p><p>c) open the ""xxxxxxxx.default"" profile folder. If it contains just a ""times.json"" file forget it. Otherwise show us its contents </p><p>d) open the default-release profile folder, search for the <strong>prefs.js</strong> file and note its size. Also verify if there are other prefs-x.js files or an ""invalidprefs.js"" file in this folder </p>",Mapenzi,False,0,0
1709877,1489877,2025-02-05T18:27:34.863357Z,2025-02-05T18:27:34.863363Z,"<p>Thank you, Toad-Hall, for your response. The term ""slider"" is what confused me; however, that is what I had done before. I already tried your suggestion to exclude Thunderbird's thunderbird.exe and updater.exe programs. Unfortunately, even doing that, Thunderbird email software still requires me to turn off Norton VPN at times. Sometimes, however, Norton VPN remains on, and Thunderbird email still gets and sends emails. It's a strange little glitch that is yet to be resolved. </p>",Ferrell516,False,0,0
1709881,1489814,2025-02-05T18:43:20.329279Z,2025-02-05T18:43:20.329285Z,"<p>1.) ""<strong>There is no filtering on the unified folder</strong>"" - sorry to say it, but it's not true. There is a way to filter the unified inbox filter, small buttons at the top:  Show only unread messages Show only starred messages Show only messages from people in your address book Show only messages with tag on them Show only messages with attachment </p><p>All the unified mails are in one list on my screen with the buttons above. You have to click on the  Unified folders </p><pre>  Inbox line </pre> <p>in the left column which will show in the second column all the mails and at the top the filtering buttons </p> <hr> <p>My columns (4) on the screen from left to right are, maybe use are using a different view of the application: </p><p><strong>1. column</strong> name of the folder (ex. archives) - Name of type of group (ex. Unread folders, Unified folders, Tags, All folders) </p><p>Unread folders </p><pre>  mail account 1   mail account 2 </pre> <p>Unified folders </p><pre>  Inbox &lt;-Click here and you will have in the 2. column ALL mails from all accounts - unified in 1 list      mail account 1      mail account 2 </pre> <p>Tags ... All folders ... </p><p>2. columns Header ""Inbox"" (name of the folder you are using, might be also Drafts, Templates, Sent, Archives.....) + quantity of messages + quick filter + Message display list options button Mail list  </p><pre>  first line: 6 buttons and 1 message filter field   body contains the mail list as selected in the <strong>1. column</strong>, described above </pre> <p><br> The application has the following settings: Menu -&gt; View -&gt; Layout OK: Vertical view OK: Folder pane OK: Message list header OK: Message pane </p> <hr> <p>This Thunderbird system will filter on ALL mail and not by 1 account as is in your answer: ""filtering is undertaken per account"" This is not true in this case.  </p><p>So: unified inbox might be filtered in five ways already. There is filtering on starred message, but not on NOT starred message. </p><p>I do not want to make any advice about how to manage this issue. </p>",ftt1,False,0,0
1709889,1489949,2025-02-05T19:06:28.823855Z,2025-02-07T09:02:12.982993Z,<p>I could not make it happen. </p>,douglasdavis321,False,0,0
1709912,1489949,2025-02-05T20:05:42.382191Z,2025-02-07T09:02:13.006311Z,"<p>Not sure what you mean. Screenshots can be added using the <b>Browse</b> button below the 'Post a Reply' box where you type your post, to choose the files you want to attach to the post… </p>",DavidGG,False,0,0
1709946,1489887,2025-02-05T21:22:15.152193Z,2025-02-05T21:22:15.152201Z,"<p>Thank you David and Mapenzi for your knowledge and very helpful information.  </p><p>David: I think you are right in thinking that the 2023 is the correct profile. zncwpklz.default-release </p><pre>Please see screenshot 1 of this profile. </pre> <p>If it is the correct one, what do I do to get Thunderbird to use it and open properly? </p><p>Mapenzi:  as you have requested  a) I may well have installed two TB versions by mistake as I have been trying to resolve this problem for some time now and maybe the profiles seem to be holding some junk? b) profiles.ini contents screenshot 2. c) default profile beta screenshot 3. </p><pre>   default release profile screenshot 1 (as to David)    laps1din.default screenshot 4 contains ""times.json"" only screenshot 5 </pre> <p>Once again Mapenzi I do not know how to get TB to recognise the correct profile. Do I have to delete the other profiles and use only the one which appears correct from 2023? </p><p>Look forward to hearing from you David or both would be great. </p><p>Regards </p><p>John Osgerby </p>",Kemet,False,0,0
1709959,1489887,2025-02-05T22:11:04.940296Z,2025-02-05T22:13:40.406374Z,"<p>@John: </p><pre>I just reviewed your first screen shot in your second message and I'm afraid that we have been badly misled. </pre> <p>What intrigues me is the <strong>Mail</strong> tab on the left named <strong><a href=""mailto:ho-uk16@kemetservint.com"" rel=""nofollow"">ho-uk16@kemetservint.com</a></strong>. What do you see if you click on this tab? When you open Account settings do you see an account ho-uk16@ke.....? </p><p>I wonder whether by inadvertance you had clicked on File &gt; New &gt; Email Account (or in the Account Central on ""Email"") which action would  open a new tab with the account creation wizard !! ( see image)  So please verify what will be displayed when you click on the most left tab. </p>",Mapenzi,False,0,0
1709960,1489949,2025-02-05T22:14:06.930361Z,2025-02-07T09:02:13.025812Z,<p>apparently I cannot do a screenshot of an error meessage </p>,douglasdavis321,False,0,1
1710001,1489877,2025-02-06T02:01:35.653183Z,2025-02-06T02:01:35.653189Z,<p>Have you considered asking Norton paid support folk how to configure their product?  I think you should. </p>,MattAuSupport,False,0,0
1710053,1489711,2025-02-06T11:09:47.263779Z,2025-02-06T11:09:47.263785Z,"<p>Issue not resolved.... </p><p>installed Thunderbird 128.6.0esr(64-bit) in system which was having the issue and tried to repair the folder and noticed that earlier folder was showing total 8626 messages and after repairing folder its showing only 6098 messages, all these mails disappeared, i have already backed up localfolder so still  i have the original source, can anyone help...???? </p>",malavdhimmar,False,0,0
1710070,1489877,2025-02-06T12:54:54.279692Z,2025-02-06T12:54:54.279700Z,"<p>Yes, Matt, I thought about calling the usually helpful folks at Norton support, but I solved my own problem! Toad-Hall's previous comment got me to thinking. Yesterday, I added nine of the eleven "".exe"" (executable) files -- in C:\Program Files\Mozilla Thunderbird -- to Norton 360 / Privacy / Secure VPN / Open / Settings / Enable VPN split tunneling / Excluded apps from VPN / Edit Apps. That solved the problem so far! Yesterday and today, so far, I can get and send emails in Thunderbird email software without needing to turn off VPN! Thanks for your suggestion. </p>",Ferrell516,False,1,0
1710139,1489887,2025-02-06T17:24:30.326124Z,2025-02-06T17:24:30.326132Z,"<p>Hi Mapenzi </p><p>To answer your queries... </p><p>""Mail tab on the left named <a href=""mailto:ho-uk16@kemetservint.com"" rel=""nofollow"">ho-uk16@kemetservint.com</a>.""  If I click on this tab nothing happens  Screenshot 1 </p><p>When I open account settings, see screen shot 2 Outgoing SMTP server screenshot 3 </p><p>If I click on any of the many folders which by the way not sure what they are or where they have come from into <a href=""http://kemetservint.com"" rel=""nofollow"">kemetservint.com</a>. Screenshot 4 </p><p>When I was trying to get TB to work I got into a bit of a fix with Google. I might have caused a problem with TB. </p><p>Just for your info when clicking TB on top menu then about TB the information window is as screenshot 5 </p><p>Hope this will provide some answers </p><p>Regards </p><p>John Osgerby </p>",Kemet,False,0,0
1710184,1489887,2025-02-06T19:46:18.122273Z,2025-02-07T00:36:55.608627Z,"<em><p>KSI <a href=""#answer-1710139"" rel=""nofollow"">said</a></p></em> <blockquote> ""Mail tab on the left named <a href=""mailto:ho-uk16@kemetservint.com"" rel=""nofollow"">ho-uk16@kemetservint.com</a>.""  If I click on this tab nothing happens  Screenshot 1 </blockquote> <p>Thanks for these interesting screen copies which might help to resolve the mystery. In any case they contain new important information! Are all these new screen shots made in the default-release profile? First of all, on all images when you look in the lower left corner you see a little icon which means that at the time of making the screen shots your Thunderbird was OFFLINE.  Have you voluntarily gone offline or is this an error of yours? I'm not sure but since the local directory of your message storage is in the iCloud it might be necessary that you go online to read your messages </p> <em><p>KSI <a href=""#answer-1710139"" rel=""nofollow"">said</a></p></em> <blockquote> When I open account settings, see screen shot 2 </blockquote> <p>Your Account Settings tell us that actually there is no active account visible, neither POP nor IMAP. So did you delete your original POP or IMAP account(s), leaving only the data in the profile? Further on this image tells us that you have moved the <strong>local directory</strong> of Local Folders message store to /Users/username/Library/Mobile Documents/com~apple~CloudDocs </p><p>Please show new screen copies with the contents the Mail and ImapMail folders in the default-release profile Also screen copies of the contents of the directory /Users/.......Library/Mobile Documents/<strong>com~apple~CloudDocs</strong> </p>",Mapenzi,False,1,0
1710382,1489887,2025-02-07T10:35:44.040846Z,2025-02-07T10:35:44.040852Z,"<p>Hi Mapenzi </p><p>I did accidentally select offline. However it makes no difference to TB screenshots online or offline. </p><p>I may well have deleted my original accounts as I have lost track of what I have been doing to try and recover TB. However I thought it was not possible to delete an original account. I could have messed up the original account by creating a <a href=""http://kemetservint.com"" rel=""nofollow"">kemetservint.com</a> POP account although <a href=""http://kemetservint.com"" rel=""nofollow"">kemetservint.com</a> has always been originally IMAP. </p><p>""Please show new screen copies with the contents the Mail and ImapMail folders in the default-release profile"" Please see screenshots 1 &amp; 2 for  contents of default release profile. Please see screenshots of contents of Mail and IMAP folders. 3 -11 </p><p>""Also screen copies of the contents of the directory /Users/.......Library/Mobile Documents/com~apple~CloudDocs"" Please see screenshots 12-16 </p><p>Further on this image tells us that you have moved the local directory of Local Folders message store to /Users/username/Library/Mobile Documents/com~apple~CloudDocs </p><p>Not sure about this . Do I need to find something in iCloud Drive?  </p><p>I hope this is what you are looking for. </p><p>Regards </p><p>John Osgerby </p>",Kemet,False,0,0
1710453,1489887,2025-02-07T16:21:20.103644Z,2025-02-07T16:21:20.103652Z,"<p>Hi John, </p><p>why didn't you come to SUMO before completely messing up your Thunderbird installation? Yes, one can delete accounts as well as create accounts. Your Thunderbird no longer contains a single account, this is a fact. You did some trafficking in the ""special account"" Local Folders but I am unable to go back the chronicle of your manipulations.  </p><p>From your images I can see that you had created GMail POP accounts but never used them. So we must concentrate on the imap folders. You had created several IMAP accounts but you are the only one to know how many and with which addresses.  The more interesting imap account folders are ""<a href=""http://imap.gmail.com"" rel=""nofollow"">imap.gmail.com</a>"" and ""<a href=""http://outlook.office365.com"" rel=""nofollow"">outlook.office365.com</a>"" because of their contents. I cannot tell for the other five <a href=""http://imap.gmail-x.com"" rel=""nofollow"">imap.gmail-x.com</a> folders since I can't see the sizes and the modification dates of the mailbox files.  </p><p>There also is the question whether you still can access to your GMail and Outlook webmail and whether all your messages are still there.  </p><p>As a first trial you might recreate the GMail account for the email address corresponding to the <a href=""http://imap.gmail.com"" rel=""nofollow"">imap.gmail.com</a> folder in the profile or perhaps it will be easier to set up the Outlook imap account. I feel unable to completely sanitize your TB installation and maybe it would be easier to create a new profile. But this also depends on the state on your webmail </p>",Mapenzi,False,0,0
1710535,1489949,2025-02-07T19:52:19.638530Z,2025-02-10T09:19:10.798869Z,"<p>thanks </p><p>On 2/5/2025 12:34 PM, Ruth Ann wrote: &gt; Good afternoon! &gt; &gt; Just wanted to share some information with the group.  We met yesterday morning at Denny's for breakfast and there were 25 attendees! &gt; &gt; I'm sure you have heard by now that CB&amp;I is no longer a part of the McDermott group. Several of you have had issues and/or questions about some of the retiree benefits. &gt; &gt; Here is contact information for your reference: &gt; &gt; 1) CB&amp;I Life Insurance - Norma Palacios - <em>*Removed personal info*</em> &gt; &gt; 2) CB&amp;I Over 65 Supplemental/Drug Plan Questions or Help for CB&amp;I Retirees &gt; &gt; Email is the best way to contact the McDermott Benefits Team. This will allow you to fully explain your question/problem. &gt; &gt; <em>someone</em>@<em>somewhere</em>.com &gt; &gt; The phone number is <em>*Removed personal info*</em> &gt; &gt; We hope to see you at the next breakfast on Tuesday, May 6, 2025. &gt; &gt; Ruth Ann Huie &gt; &gt; &gt; &gt; &gt; &gt; </p>",douglasdavis321,False,0,0
1710590,1489949,2025-02-07T22:38:54.781577Z,2025-02-07T22:38:54.781585Z,<p>Why did you post that here? It includes contact information you probably shouldn't post in a public forum like this… </p>,DavidGG,False,0,0
1710603,1489887,2025-02-07T23:42:34.977492Z,2025-02-07T23:42:34.977497Z,"<p>Hi Mapenzi </p><p>Thank you for your continuing help it is appreciated. </p><p>Yes I did try to get help from SUMO earlier but it seemed to fade away as some contributors could not resolve my problem. Perhaps it was my explanations. </p><p>I have created several map accounts in an attempt to get TB to work. However all have nothing in them except <a href=""http://imap.gmail.com"" rel=""nofollow"">imap.gmail.com</a> see screenshot 1. </p><p><a href=""http://outlook.office365.com"" rel=""nofollow"">outlook.office365.com</a> has many documents and files. Seem to be a mixture of docs and files from my documents and TB folders. Don't know how these got into TB  Screenshot 2 </p><p>My outlook is working normally My Gmail has some issues signing in. I will try again tomorrow as now late in UK. </p><p>Can I ask if it would help to get rid of all those folders that have no content and just remain with those with files in them? </p><p>If there is no chance of ever resurrecting my TB account (I only have one) I am open to completely removing everything and starting again with a new ???@kemetservint.com account. </p><p>What do you think? </p><p>Regards </p><p>John Osgerby </p>",Kemet,False,0,0
1710604,1489887,2025-02-07T23:48:47.120586Z,2025-02-07T23:48:47.120591Z,<p>That is to say remove all profiles related to TB and start again. Either using old address or new? </p>,Kemet,False,0,0
1710605,1489887,2025-02-08T00:03:02.213355Z,2025-02-08T00:03:02.213361Z,<p>Just did and update and inbox and everything else was blank! WTF? I restarted in Troubleshoot mode and everything was there. Seems none of my settings were preserved with this update. I'm still playing around with it but not very pleased at the moment. </p>,jdmcd47a,False,0,1
1710642,1489887,2025-02-08T09:55:34.865286Z,2025-02-08T09:55:34.865292Z,<p>Hi Mapenzi </p><p>I do not recognise this message. Not from me... </p>,Kemet,False,0,0
1710653,1489711,2025-02-08T11:10:26.017612Z,2025-02-08T11:10:26.017618Z,"<p>When the damage was already done, then obviously installing v128.6.0esr cannot undo this. You'll have to monitor whether the fixes in v128.6.0esr related to the folder corruption problems in earlier versions prevent further corruption for your Local Folders. With a backup available you can restore messages lost after installing v128.6.0esr. By now the latest version is v128.7.0esr. You always seem to be somewhat behind the latest version. Thunderbird can auto-update to stay current. </p>",christ1,False,1,0
1710675,1489887,2025-02-08T13:19:13.301848Z,2025-02-08T13:19:13.301853Z,"<p>Hi Mapenzi </p><p>When I open <a href=""mailto:ho-uk16@kemetservint.com"" rel=""nofollow"">ho-uk16@kemetservint.com</a> in Gmail the in box shows no messages. Will continue to try some other accounts </p>",Kemet,False,0,0
1710685,1489887,2025-02-08T14:10:29.685300Z,2025-02-08T14:10:29.685310Z,"<em><p>KSI <a href=""#answer-1710675"" rel=""nofollow"">said</a></p></em> <blockquote>  When I open <a href=""mailto:ho-uk16@kemetservint.com"" rel=""nofollow"">ho-uk16@kemetservint.com</a> in Gmail the in box shows no messages. Will continue to try some other accounts </blockquote> <p>Does that mean that the folder ""<a href=""mailto:ho-uk16@kemetservint.com"" rel=""nofollow"">ho-uk16@kemetservint.com</a>"" which is located in"" <a href=""http://imap.gmail.com"" rel=""nofollow"">imap.gmail.com</a>"" is empty? </p> <em><p>KSI <a href=""#answer-1710675"" rel=""nofollow"">said</a></p></em> <blockquote> That is to say remove all profiles related to TB and start again. Either using old address or new? </blockquote> <p>For the moment do not remove any profile, I propose to create a new profile from scratch in which you will create imap accounts with your <strong>existing</strong> addresses. I don't understand what you mean by using <strong>old or new address</strong>! You should use the same email addresses you used until now and which you use in webmail. </p><p>Go to your Thunderbird folder in the User-Library, open the profiles.ini file with Text-Edit, in the line  <strong>StartWithLastProfile</strong>=1 replace the 1 with a 0 (zero) and save the modification. No when you start Thunderbird it will display the profile manager window (see image). Click on ""Create Profile... "", give it a name (e.g. John), follow instructions and start Thunderbird which will open the account creation wizard. Create a first imap account with the email address you use most often and report. If the new account works fine you can check ""Use the selected profile without asking at startup"" in the profile manager dialogue window and create a new imap account with one of your other email addresses... </p>",Mapenzi,False,0,0
1710799,1489887,2025-02-08T22:47:25.468484Z,2025-02-08T22:47:25.468491Z,"<p>Hi Mapenzi </p><p>I mentioned old or new address in case I could not use the old one. </p><p>However have done that which you suggested and was hoping for success but not unfortunately.  </p><p>StartWithLastProfile=1 replace the 1 with a 0 (zero) and save the modification. Screenshot 1 </p><p>Created KSI name and used <a href=""mailto:ho-uk16@kemetservint.com"" rel=""nofollow"">ho-uk16@kemetservint.com</a> Screenshot 2 </p><p>Opening TB screenshot 3 </p><p>Inserted my name (also tried with KSI as name) <a href=""mailto:ho-uk16@kemetservint.com"" rel=""nofollow"">ho-uk16@kemetservint.com</a> and tried with and without password screenshot 4 </p><p>Same message arrives screenshot 5 </p><p>At a loss to know what to do. </p><p>Do you think it is anything to do with gmail?  If I go to gmail workspace it tells me I have cancelled my subscription. However I do not wish to pay for a subscription to gmail and thought that it was not necessary to have one for TB. </p><p>I may be clutching at straws here. </p><p>Regards </p><p>John Osgerby </p>",Kemet,False,0,0
1710982,1489887,2025-02-09T19:02:02.117633Z,2025-02-09T19:02:02.117642Z,"<p>What is the connection between your <a href=""mailto:ho-uk16@kemetservint.com"" rel=""nofollow"">ho-uk16@kemetservint.com</a> address and GMail?  Why didn't you try first to set up an imap account with one of your GMail addresses? I admit that in the meantime I am lost in the labyrinth of your messed up profile and I am unable to repair it. Can't you seek help at your domicile by an IT expert who has good knowledge of Thunderbird? </p>",Mapenzi,False,0,0
1711101,1489887,2025-02-10T12:58:13.537342Z,2025-02-10T12:58:13.537348Z,"<p>Hi Mapenzi </p><p>I have set up an imap account <a href=""mailto:ho-uk16@kemetservint.com"" rel=""nofollow"">ho-uk16@kemetservint.com</a> with Gmail.  This was already done but noticed a mistake in address so deleted and set up again.   </p><p>When I open TB I get screenshot 1 </p><p>Is this any help? </p><p>In meantime I will look locally for TB expert. </p>",Kemet,False,0,0
1711114,1489887,2025-02-10T13:38:29.103164Z,2025-02-10T13:38:29.103170Z,"<p>You are not reading the information carefully that you enter. Look at the content that you entered. Check carefully the server names, as you entered '.<a href=""http://kemintservit.com"" rel=""nofollow"">kemintservit.com</a>' as the server name, no port number, no security. I strongly agree with Mapenzi that you should find someone local to assist you. What you originally posted was a simple problem, yet it seems to grow, </p>",davidsk,False,0,1
1711129,1489887,2025-02-10T14:11:25.472483Z,2025-02-10T14:11:25.472490Z,"<p>Thank you David My apologies. This has been going on for so long with no one on Support seeming to be able to help I am beginning to lose the will to live. Yes I did enter the wrong address.  This time however disregarding that the problem remains that I cannot get into my TB inbox either through opening TB directly or through Gmail as each time inbox is blank, This is as has been since the get go and we have got nowhere. </p><p>I will try to get a local expert but I am leaning to delete everything TB and start again. </p><p>Thank you for all your help </p><p>John Osgerby </p>",Kemet,False,0,0
1711414,1489973,2025-02-11T23:11:18.128722Z,2025-02-11T23:11:18.128729Z,"<p>In my case, David, (I agreed with the original poster that I have that problem, too, which just started today), on Thunderbird there is the display of just the number of new texts, but no list of the emails is shown and nothing is displayed in the window, so I can't access any of those emails. </p>",carolannemi,False,0,0
1711453,1489761,2025-02-12T02:08:18.006142Z,2025-02-12T02:08:18.006147Z,"<em><p>DavidGG <a href=""#answer-1709726"" rel=""nofollow"">said</a></p></em> <blockquote>...it would be easier to move your mail out of the account folders into custom folders you may create under <b>Local Folders</b>. Mail placed there is stored locally on your computer independently of any mail account you may have.  And you may always move/copy mail from any folder locally stored on your computer to a folder in your IMAP account to make it available on the server. </blockquote> <p>Thanks for the tip. </p><p>The distinction between POP and IMAP, I thought I understood, but there is clearly more to it than the linked article (which I'd read before) lets on. You of course aren't aware of the finer details of <a href=""https://support.mozilla.org/en-US/questions/1478001|"" rel=""nofollow"">my previous e-mail trouble</a>, but suffice to say that some e-mails weren't coming through at all via POP, but did come through via IMAP. I still can't understand why that should have happened at all. Note that we're not talking about e-mails that got caught by the junk filter in IMAP but never showed up in POP (although that happened too). </p><p>My conclusion is that, since this *seems* to have only been happening since last year, then for whatever reason, some software update somewhere, POP is no longer entirely viable, hence the switch I made. </p>",bd_11111,False,0,0
1711477,1489761,2025-02-12T06:32:07.091550Z,2025-02-12T06:32:07.091558Z,<p>Managing multiple accounts with POP/IMAP can get tricky. Double-checking server settings and authentication methods might help. </p>,doublemovement,False,0,0
1711512,1489761,2025-02-12T09:45:23.602897Z,2025-02-12T09:45:23.602903Z,"<p>The POP and IMAP protocols used to communicate between the mail client and the server are different and an article meant for end users will not delve into those details, but there are of course things that may go wrong in one case that wouldn't happen in the other. </p><p>Don't know if this is still the case and could be related to the problem you were experiencing, but when using POP, Thunderbird could get ""stuck"" trying to download a message and not be able to download the rest coming after it either, for example… </p>",DavidGG,False,0,0
1716923,1489814,2025-03-09T10:46:32.585065Z,2025-03-09T10:46:32.585072Z,"<p>I put off relying here for a month,  but as you can see you did not get anyone else reply to your topic.  So I guess I will make one last venture into this topic before permanently removing myself. The quick filter toolbar user interface is as you have described, but that is not filtering.   There is a support article that describes it's function <a href=""https://support.mozilla.org/en-US/kb/quick-filter-toolbar"" rel=""nofollow"">https://support.mozilla.org/en-US/kb/quick-filter-toolbar</a> </p><p>Then there are real filters. I will just offer you the link where you can read about them so you can comprehend that it is something different to the quick filter toolbar.  See <a href=""https://support.mozilla.org/en-US/kb/organize-your-messages-using-filters"" rel=""nofollow"">https://support.mozilla.org/en-US/kb/organize-your-messages-using-filters</a>  </p><p>As you have repeatedly stated the quick filter toolbar does not do what you want it to,   so I would consider it logical that when you say you want to filter you might actually mean what you say rather than be discussing the well documented lack of support for what you are asking from the quick filter toolbar. </p>",MattAuSupport,False,0,0
1720060,1489860,2025-03-21T14:15:39.424742Z,2025-03-21T14:15:39.424747Z,"<p>Io ho la stessa problematica, ma per spiegare bene il problema forse è meglio metterlo giù così: io voglio sostituire definitivamente MS Outlook con thunderbird, ma per uniformità grafica nelle mail in uscita ho bisogno di poter comporre i messaggi in uscita esattamente con il carattere Calibri 11 come su outlook! Se lo imposto come Calibri medio E' PIU' GRANDE di come si vede in outlook, perchè dovrei poter definire la dimensione del carattere in punti, non un valore medio come piccolo, medio, grande, grandissimo, altrimenti non corrisponderà mai. una volta c'era un'estensione che permetteva di fare questo, ma adesso non è più aggiornata... Come si può agire nelle impostazioni di TB in modo da scrivere con un carattere ed una dimensione precisi? </p>",dario.laspina,False,0,0
1720668,1489933,2025-03-24T07:42:12.551378Z,2025-03-24T07:42:12.551384Z,"<p>Try adding a dictionary. I mistakenly thought that checking a 'language pack' would also include the dictionary, it doesn't. This solved the <strong>no spelling check</strong> problem for me. </p><p>hope this helps. </p>",clarke6,False,0,0
1720681,1489933,2025-03-24T08:09:25.271264Z,2025-03-24T08:09:25.271271Z,"<em><p>clarke6 <a href=""#answer-1720668"" rel=""nofollow"">said</a></p></em> <blockquote>Try adding a dictionary. I mistakenly thought that checking a 'language pack' would also include the dictionary, it doesn't. This solved the <strong>no spelling check</strong> problem for me. </blockquote> <p>The OP solved the issue in the reply above yours. </p><p>Language packs are for changing the language of the User Interface or UI in Thunderbird and Firefox. The language packs are a way to have one install while being able to change the language of the UI like the menus and such. </p>",James,False,1,0
1746439,1489861,2025-07-03T12:39:51.884939Z,2025-07-03T14:42:42.146368Z,"<p>Ik had ook dit probleem ( : geen te importeren items gevonden in het bestand). In eerste instantie de tip van Mad Maks gevolgd; daar was het advies om de regel LAST-MODIFIED te verwijderen. Dat leverde bij mij geen positief resultaat op. in mijn ICS bestand stond o.a. ook onderstaande tekst: </p><p>X-ALT-DESC;FMTTYPE=text/html:</p><p>Klik op <a href=""https://www.home.saxo/nl-nl/insights/events-and-webinars/webinar-login#guestmail=xxxx@yyyyyyy.nl&amp;eventwebexid=1234567&amp;/token/force-new-instance"" rel=""nofollow"">deze link</a> om het webinar te bekijken.</p>  <p></p><p>Nadat ik die regels had verwijderd werd de ICS wel geaccepteerd; zelfs inclusief de aanvankelijk verwijderde regel LAST-MODIFIED. Ik heb verder niet uitgezocht wat de feitelijke veroorzaker van het probleem was. </p>",paul88,False,0,1
