id,question_id,created,updated,content,creator,is_spam,num_helpful,num_unhelpful
1673346,1462622,2024-09-08T08:31:50.898441Z,2024-09-08T09:31:17.485320Z,"<p>The most simple (and easiest) way is to use the TB built-in CardDAV support. You'd need to create a new CardDAV address book. </p><p>open a new Address Book tab in Thunderbird click the 'Create a new address book' icon at the top left corner of the Address Book tab choose 'Add CardDAV Address Book' provide you Gmail email address for 'Username', and leave the 'Location' field blank enter your Google account password when prompted, and give Thunderbird permissions to access your Google Address Book. Note, cookies need to be temporarily allowed in Thunderbird for this to work. </p><p>The new Google Address Book will show up in the left pane of the Address Book tab. You can rename the address book once it has been created. </p>",christ1,False,6,1
1673347,1462615,2024-09-08T08:36:25.734530Z,2024-09-08T08:36:25.734537Z,"<p>Duplicate topic. Continue at <a href=""https://support.mozilla.org/en-US/questions/1462611"" rel=""nofollow"">https://support.mozilla.org/en-US/questions/1462611</a> </p>",christ1,False,0,0
1673348,1462592,2024-09-08T08:41:28.631243Z,2024-09-08T08:41:28.631251Z,"<p>Please post your Troubleshooting Information. At the top right of the Thunderbird window, click the menu button ≡, then select Help &gt; More Troubleshooting Information. Press the ""Copy text to clipboard button"" and paste the information into your reply. </p>",christ1,False,0,0
1673352,1462622,2024-09-08T09:02:08.230199Z,2024-09-08T09:02:08.230206Z,<p>Thanks for your quick reply.  However it is synch of Contacts only that I am looking to solve ... I only use one Calendar which is the Google one. Perhaps you have to synch both Contacts &amp;Calendar? </p>,RonSH,False,0,1
1673357,1462622,2024-09-08T09:31:53.073707Z,2024-09-08T09:31:53.073712Z,"<p>Apologies, I mixed up Address Book and Calendar. It's fixed now. </p>",christ1,False,1,0
1673370,1462622,2024-09-08T11:39:45.225133Z,2024-09-08T11:39:45.225139Z,<p>Thanks for the correct info ... all sorted. </p>,RonSH,False,0,0
1673371,1462642,2024-09-08T11:55:07.622289Z,2024-09-08T11:55:07.622295Z,"<p>I SEE ""categories"" but it only creates a small, nearly invisible BAR on the right end of the event display. The event should be SIZED according to the TIME assigned and the text BACKGROUND should be changed to the category color, with text changing between black and white as appropriate to the color chosen for contrast. </p>",phubert28,False,0,0
1673372,1462629,2024-09-08T12:27:41.515941Z,2024-09-08T12:27:41.515947Z,"<p>Found the solution in </p><p><a href=""https://kb.mozillazine.org/Replace_IP_address_with_name_in_headers"" rel=""nofollow"">https://kb.mozillazine.org/Replace_IP_address_with_name_in_headers</a> </p>",leif.hammarstrom,False,0,0
1673375,1462649,2024-09-08T12:50:00.496727Z,2024-09-08T12:50:00.496732Z,"<p>Try this: click view&gt;message body as and tick 'original HTML'  (If menu bar is not visible, click Alt key first) </p>",davidsk,False,0,0
1673376,1462649,2024-09-08T13:02:37.478914Z,2024-09-08T13:02:37.478920Z,"<p>It does not work as either Original HTML or Simple HTML.  It just continues to show text.  The problem applies to some, but not all, emails.  Although I have not checked everything, it seems to apply to sub-folders, rather than the Inbox. </p>",paul645,False,0,0
1673377,1462604,2024-09-08T13:07:17.574796Z,2024-09-08T13:07:17.574802Z,"<p>Was that a zipped profile? If so, I suggest you try unzipping it and the manually restoring it. Try these steps:  </p> <ol><li> unzip the profile  </li><li> exit thunderbird, if running </li><li> enter %appdata% into the search box on task bar in windows and press enter </li><li> this should take you to the appdata folder </li><li> click the thunderbird folder and then the profiles folder  </li><li> paste your profile into the profiles folder - note the profile name as you will need it later </li><li> start thunderbird and click help&gt;troubleshootinginformation </li><li> scroll down to ""profiles' in left column and click 'about:profiles' </li><li> click 'create profile' button in upper left </li><li> click next </li><li> enter shortname for profile, such as MYPROFILE and then click 'choose' button to locate and select your profile'  </li><li> click finish and launch the profile </li></ol>",davidsk,False,1,0
1673378,1462621,2024-09-08T13:19:37.467778Z,2024-09-08T13:19:37.467783Z,"<p>A possibility is that thunderbird had a problem with profile and created a new one. That is, your profile may still be in your profile folder. I cannot give explicit steps for browsing files in Linux, but thunderbird may help. Try this:  </p> <ol><li> click help&gt;troubleshootinginformation </li><li> scroll down to 'profiles' and click 'about:profiles'  </li><li> you are now looking at listing of known profiles, is one of them your old profile? if so, launch it. if not,  <ul><li> click 'open profile' of one of them (this places you in the LInux file view) </li><li> exit thunderbird  </li><li> back up one folder so that you see all contents of profile folder and can view contents of each  </li><li> look for known files, such as abook.sqlite, which is the addressbook to help you identify your data  </li><li> if you locate your addressbook, look also in the Mail and Mail\Local Folders folds for your message files </li><li> if you find them, you can copy them to the Mail\Local Folders folder of the active profile </li></ul> </li></ol>",davidsk,False,1,0
1673380,1462611,2024-09-08T13:32:03.767529Z,2024-09-08T13:32:03.767535Z,"<p>Suggestion: if you think you have problems with your SMTP setup, then you need to share that information before anyone can offer suggestions. Sending screenshots is the preferred approach to ensure all settings are shown.  Writing in ALL CAPS is not appreciated. </p>",davidsk,False,1,1
1673383,1462633,2024-09-08T14:09:09.732224Z,2024-09-08T14:09:09.732229Z,"<p>Current Situation: This is what is seen when using the 'Table View' </p><p>All threads relate to the initial thread - the first email which started the conversation of emails back and forth. That initial top level email will always be the email that is sorted by your preferences.  eg: View &gt; Sort by &gt; Date, Descending, threaded </p><p>It will contain all threads relating to that specific intitial email.  The threads are always displayed in the order received, so that the first subthread will be the first 'reply' to the initial email. So each time an email receives a new thread to the conversation, it gets appended to the list.  In other words all subthreads are in conversation order - newest at bottom. </p><p>Any top level newly created thread/email  will have a star will display against the Subject and the 'Sort by read' column will have a green dot icon against relevant email and it wil be using a bold font. As per a normal received email. </p><p>Any top level collapsed thread displaying a &gt; chevron which receives a new appended but 'hidden' thread will be shown as underlined. (There are requests to make this more obvious as the underline is not always so easy to see as eg: bold font) </p><p>If you expand the collapsed thread then all unread mail will have the following: </p> <ul><li> If it is new and unread - a star will display against the Subject and the 'Sort by read' column will have a green dot icon against relevant email and it wil be using a bold font. </li><li> If it is unread the 'Sort by read' column will have a green dot icon against relevant email and it will be using a bold font. </li></ul> <p><strong>Note - I sometimes use this method as it's quick and filters out clutter and saves a lot of searching etc:</strong> Quick method of seeing Only unread mail is to use the Quick Filter Bar icon 'Show only unread messages' Click on that icon to display just unread messages - any new unread will have a star as well. When finished - click on same icon again to revert back to threaded view. </p><p>If using the 'Cards View': You will not see columns but you will see ' threads envelope icon x Replies &gt;' below each email.  If it has any replies and if there are unread emails in that thread, there will be a 'green dot unread' icon displayed on the threads envelope icon. </p>",Toad-Hall,False,1,0
1673386,1462633,2024-09-08T14:16:20.604654Z,2024-09-08T14:16:20.604662Z,"<p>Additional Alternative to using the Quick Filter Bar 'Show only unread messages' icon which shows all unread threads no matter what the topic, use the following to see uncluttered contents of a specific thread. </p> <ul><li> Right click on the top level collapsed thread and select 'Open in Conversation' </li></ul> <p>It opens in a new tab displaying all emails in that thread as a list. As I use the sort by &gt; 'Descending' option to display all emails newest at top. This should display as a list with newest at top. </p>",Toad-Hall,False,2,0
1673388,1462633,2024-09-08T14:20:11.308324Z,2024-09-08T14:24:56.744740Z,"<p>The information I posted told you how Thunderbird works when it comes to threaded emails. </p><p>I've also provided a free handy hints on what to look out for and the alternatives to display just unread for all threads in that folder and the other option of displaying all threads for a specific email in list form with newest on top. Those two alternatives to see emails do not effect the display, so the Sort by &gt; threaded is not effected. So no need to switch threading on and off. </p><p>It's not possible to sort a conversation in reverse order. The 'View' &gt; 'Sort by' &gt; etc options only apply to top level threads - not subthreads. </p>",Toad-Hall,False,2,0
1673392,1462652,2024-09-08T14:37:00.763307Z,2024-09-08T14:37:00.763313Z,<p>I will attempt to help. - table view and card view are two ways to show the listing of messages. Table view shows one line per message and card view shows two. That choice is irrespective  of classic view or other views. Pick whichever is your preference.  - pressing F8 toggles the screen that shows the content of a message. one of your screenshots shows folder list on left and table view of message list to the right and blank space below. Pressing F8 will cause selected message content to appear below the message list. </p>,davidsk,False,0,2
1673393,1462589,2024-09-08T14:38:31.435389Z,2024-09-08T14:38:31.435430Z,"<p>Unless they're in the trash folder, they're gone. </p>",davidsk,False,0,0
1673394,1462637,2024-09-08T14:42:12.029945Z,2024-09-08T14:42:12.029953Z,"<p>Please provide more detail. I did see this URL. does it help?  <a href=""https://www.activ8me.net.au/docs/support/email/email-setup-faq.pdf"" rel=""nofollow"">https://www.activ8me.net.au/docs/support/email/email-setup-faq.pdf</a> </p>",davidsk,False,0,0
1673395,1462589,2024-09-08T14:44:19.979578Z,2024-09-08T14:44:19.979584Z,"<p>If you were using an IMAP mail account, it can only display whatever is on the server as typically viewed if you used a browser to logon to your webmail account. </p><p>It you have a backup then you could use it. Note: If using an imap mail account, you have to import the backuped mbox files into 'Local Folders' mail account. Ideally, just leave them there as you will still see emails. But otherwise, highlight small batches of imported mail seen in Local Folders and use the right click on highlighted mail &gt; Copy to &gt; choose imap folder. This will gradually upload emails back onto the server. Please note this may take a while because most server have a daily limit on how much you can upload back onto the server via imap. </p><p>Whatever you do - do not compact anything at this point. You could try to recover emails - easier if a pop account, but still possible if imap. </p><p>Worth a try to see if there are still traces of marked as deleted and hidden emails. In Thunderbird  </p> <ul><li>     'Help' &gt; 'Troubleshooting Information' </li><li>     click on 'open folder'  </li></ul> <p>a new window opens showing profile folder name  </p> <ul><li>     Close Thunderbird now - this is important  </li></ul> <ul><li>     If this was a pop account - click on 'Mail' folder </li><li>     click on pop mail account name or 'Local Folders' - whatever has missing emails.  </li></ul> <p>Additional info that might be relevant' for imap accounts. </p> <ul><li>     If this was an imap account - click on 'ImapMail' folder </li><li>     click on imap mail account name that has missing emails.  </li></ul> <p>In this example I'm talking about the Inbox, but same applies to any folder name. </p><p>You should see the 'Inbox' mbox file - it has no extension. I'm not sure what folder the deleted/lost message was originally in, but there will be an mbox file for that folder name.  </p> <ul><li> Open the no extension mbox file using Notepad++ </li></ul> <p>Emails are written to the file one after the other, so oldest will be at the top and newest at the bottom. Each email will start with these lines: this is an example </p> <ul><li>     From - Sun Dec 28 18:14:40 2014 </li><li>     <strong>X-Mozilla-Status</strong>: 0001 </li><li>     X-Mozilla-Status2: 00800000  </li></ul> <ul><li>     Use 'Edit' &gt; 'Find'  </li><li>     search for:  <strong>X-Mozilla-Status:</strong> </li></ul> <p>Look for this line: X-Mozilla-Status: (not X-Mozilla-Status2:) Typically emails that have been moved/deleted will have these numbers : 0019 or 0009 So as you work down through file - if you see emails with those number - edit them. </p> <ul><li>     Make sure the <strong>X-Mozilla-Status:</strong> has the number <strong>0001</strong> </li><li>     Save the file. </li><li>     As you have edited the 'Inbox' mbox file - delete the 'Inbox.msf' index file. A new one will be auto created.  </li></ul> <p>The above works ok for pop accounts and the 'Local Folders' mail account. </p><p>IF you are talking about an Imap mail account then it's likely emails do not exist on server so you need to perform an additional action. </p><p>Do this if the file was in an imap account. Perform the same 'X-Mozilla-Status' process as mentioned above. </p> <ul><li>     Copy the saved mbox file. </li><li>     Paste the saved file into the 'Mail' &gt;'Local Folders' mail account folder. </li><li>     Then rename file eg: rename as 'OldInbox' if necessary.  </li></ul> <p>Restart Thunderbird. </p><p>Any pop emails should reappear in pop account. Any Local Folders emais should reappear in Local Folders account. Any rescued imap emails should reappear in the Local Fodlers account with modified name for folder. </p>",Toad-Hall,False,0,0
1673398,1462642,2024-09-08T15:06:21.459894Z,2024-09-08T15:06:21.459899Z,"<p>Hello </p><p>About a small nearly invisible BAR on the right end of the event display Take a look at <a href=""https://support.mozilla.org/en-US/questions/1418974"" rel=""nofollow"">https://support.mozilla.org/en-US/questions/1418974</a> </p>",Agentvirtuel,False,0,1
1673399,1462652,2024-09-08T15:13:25.193064Z,2024-09-08T15:13:25.193069Z,"<p>Thanks for offering help again.  But I SWEAR that before I posted my message on this Forum, I had pressed F8 until I was cross-eyed and NOTHING CHANGED except the # of message headers displayed.  The bottom of my large (32"") moniter was blank where in Classic View the content of the highlighted message would appear. </p><p>However, after laboriously reading and responding to my Emails using what I choose to call ""Stoopid View"", I realized I hadn't tried closing Tbird and re-opening it again (without a full Windows restart).  Lo and behold, although Stoopid View was still there when I opened Tbird up, this time F8  FINALLY was working again as you describe (screenshot attached). </p><p>I was just about to post a reply to my own message in case this solution would help others, when I saw your message in my Inbox. </p><p>But I'm still puzzled as to what caused this change in the first place.  (The same way I'm puzzled as to why from time to time, Windows 11 turns off wiFi even though as best I can tell I have done nothing to indicate I want that to happen.  I can manually start it up again with no problem, but it's still a baffling annoyance.)  </p><p>My personal speculation is that these days so much programming effort is being wasted on AS (artificial stupidity) that there's nobody left to do the much more challenging, but less glamorous task of keeping the components that normal human beans RELY ON working properly.  </p><p>Research in the 1960's pretty much proved that it's impossible to 100% debug any moderately complex program  -- because the changes made to fix Bug #1  very often create Bug #2.   Since current-day programs are a jillion times more complex, every change to add some ""cool"" new feature (many of which most users don't really need or want) tends to muck up some features that they really need.  To add to the fun, 21st-century corporations have introduced barriers that prevent user reports of these problems getting through to the technical folks who could actually UNDERSTAND what the problems are and thus MIGHT actually be able to fix them.   </p><p>I know you can't do anything to solve that larger problem, but typing that rant made this old lady feel much better.  [g]  </p><p>I really do VERY MUCH APPRECIATE your prompt and helpful advice.  Thanks a bunch!! </p>",MandyWh,False,2,0
1673401,1462652,2024-09-08T15:26:56.761605Z,2024-09-08T15:26:56.761612Z,"<p>You are very welcome, and I appreciate your comments. </p>",davidsk,False,0,0
1673406,1462642,2024-09-08T16:25:33.916131Z,2024-09-08T16:26:30.722935Z,"<p>Thank you for offering, but it is already set to True - so it solves nothing. The current blue background to Events should be ENTIRELY set to a category color - THAT is what's needed. And the Event should use space in the Daily view proportionate to the length of time assigned to it. </p>",phubert28,False,0,0
1673409,1462621,2024-09-08T16:43:05.052335Z,2024-09-08T16:43:05.052341Z,<p>Hi david many thanks have now retrieved all my old email so this was a great fix no luck with address book but at least you fixed this for me as i was lost as what to do so many thanks of this. Am new to using forms as you may have guest so many thanks </p>,cb01932,False,0,0
1673411,1462621,2024-09-08T16:57:09.629808Z,2024-09-08T16:57:09.629816Z,"<p>You are welcome. I was glad to assist. Your addressbook may still be there, as thunderbird would have no reason to delete it - but you at least now have your mail. </p>",davidsk,False,0,0
1673415,1462642,2024-09-08T17:16:41.124522Z,2024-09-08T17:16:41.124529Z,"<em><p>Paul Hubert <a href=""#answer-1673406"" rel=""nofollow"">said</a></p></em> <blockquote>Thank you for offering, but it is already set to True - so it solves nothing. The current blue background to Events should be ENTIRELY set to a category color - THAT is what's needed. And the Event should use space in the Daily view proportionate to the length of time assigned to it. </blockquote> <p>I think you have miss understood the info at that link. You read the section regarding setting a preference to true which is required if you have followed all the instructions on creating a userChrome.css file and it did not work. The user had to check a particular setting, which they ended up selecting as the answer - but it was only part of the answer. </p><p>You have not said you created the 'userChrome.css' file - so I'm assuming you did not do it. </p><p>So, here are the full instructions again and I've added some images below to act as a guide. </p><p>Please check in Thunderbird to see if a setting needs switching on. </p> <ul><li>     Settings &gt; General </li><li>     Scroll to bottom and click on 'Config Editor' button </li><li>     In search type : <strong>legacy</strong> </li><li>     look for this line: <strong>toolkit.legacyUserProfileCustomizations.stylesheets</strong> </li><li>     If it is set as 'false' : </li><li>     click on the far right arrow type icon to toggle from 'false' to say '<strong>TRUE'</strong>  </li></ul> <p>In Thunderbird. </p> <ul><li> Help &gt; Troubleshooting Information </li><li> Under  'Application Basics' - about half way is 'Profile Folders' - click on 'Open Folder' </li></ul> <p>A new window opens showing the contents of your profile name folder. </p> <ul><li> Exit Thunderbird now - this is very important </li></ul> <p>I'm going to give the full instructions because I do not know if people already know how to create and use a userChrome.css file. </p> <ul><li> In the 'profile name ' folder create a new folder and call it '<strong>chrome'</strong>.  The spelling is important - note it is all lower case. </li></ul> <ul><li> Then open a simple text editor program such as 'Notepad'. </li></ul> <ul><li> Copy all the text between the lines below and paste it into 'Notepad'. </li></ul> <hr> <pre>/* Calendar  - set event category colour instead of calendar colour */  .calendar-category-box{     margin:0 0 0 -200px !important;     min-width: 200px !important;     }     .alarm-icons-box,.reminder-icon{     margin:0 0 0 0!important;     }     .event-name-label,.item-time-label,.alarm-icons-box,.reminder-icon{     z-index:100000!important;     }      .calendar-item-flex{     padding:0!important;     }      .calendar-month-day-box-list-item{     margin:0!important;     }      .calendar-color-box{     border:none!important;     }       .event-name-label{     white-space:break-spaces !important;     }      </pre> <hr> <ul><li> Save the file as 'userChrome.css' - note the spelling of this is important - all lower case except the C. </li><li> Save it in the 'chrome' folder. - see attached image as guide. </li></ul> <p>Check that file really is called <strong>userChrome.css</strong> and not 'userChrome.css.txt' - it has to be saved as a Cascading  Style Sheet (css) and not a text document. In the column called 'Type' it will tell you whether it is  CSS or TEXT. So if you see 'userChrome.css.txt' - no problem - just rename it by removing the .txt - you will get ask are you sure as it may effect things - just say yes because you really do want to do it. </p><p>Start Thunderbird Check Calendar. </p>",Toad-Hall,False,2,0
1673416,1462672,2024-09-08T17:28:08.871971Z,2024-09-08T17:28:08.871977Z,"<p>There are two default address books in Thunderbird. 'Personal Address Book' and 'Collected Addresses' You cannot remove these default address books. There is also a default virtual address book called 'All Address Books'. </p><p><br> By default if you add a contact it goes into the Personal Address Book and if you send an email to someone not in the Personal Address Book then those emails by default tend to be put into 'Collected Addresses'. </p><p><br> When you receive an email and it has an email address of a contact and you want them in your  Personal Address Book, click on the 'From' email address in header area and select 'Add to address book' It auto is saved in Personal Address Book. </p><p>This is where you set up what address book you use for collecting outgoing mail and default start up address book. </p> <ul><li> In 'Settings' &gt; 'Composition' </li><li> scroll down to 'Addressing' section </li><li> Select checkbox: 'Local Address Books' </li><li> Select checkbox: 'Automatically add outgoing email addresses to my' and select 'Personal Address Book' from the drop down options. </li><li> Default start up directory in the address book window: select 'Personal Address Book' from the drop down options. </li></ul>",Toad-Hall,False,1,2
1673419,1462690,2024-09-08T17:48:05.721287Z,2024-09-08T17:48:05.721293Z,"<p>Access the account in webmail, delete the message, empty webmail Trash and Spam, restart TB. </p>",sfhowes,False,0,0
1673420,1462642,2024-09-08T17:51:32.629954Z,2024-09-08T17:51:32.629960Z,"<p>Ah, YES. a CSS was lurking in the back of my mind but hadn't quite surfaced. I was thinking of a defunct ""toolkit"" add-on when I read the first response. THIS will take some time - just FINDING the FOLDER to write the file to, but I expect this WILL be a solution, so thank you so much for posting again for myself and others. I'll have to save all that to a text file for a time when I can give it full attention. Love your handle!! I'm too uncreative to use handles, I fear. </p>",phubert28,False,0,0
1673421,1462685,2024-09-08T17:53:48.756900Z,2024-09-08T17:53:48.756907Z,"<p>The error indicates you are trying to send from account X through the smtp server for account Y, which fails because the User Names are not the same.  Create separate smtp servers for each account and set the accounts to send on the correct smtp servers. </p><p><a href=""https://support.mozilla.org/en-US/questions/1350593"" rel=""nofollow"">https://support.mozilla.org/en-US/questions/1350593</a> </p>",sfhowes,False,0,0
1673422,1462672,2024-09-08T18:05:27.438208Z,2024-09-08T18:05:27.438215Z,<p>Thank You! </p>,jmaloha808,False,0,0
1673423,1462641,2024-09-08T18:08:31.119815Z,2024-09-08T18:08:31.119824Z,"<em><p>norb-schmitt <a href=""#question-1462641"" rel=""nofollow"">said</a></p></em> <blockquote>The search function without time restriction no longer exists in Thunderbird. Previously there was the “all appointments” function. This is no longer there. How can I search without having to know a certain month or similar in advance???? </blockquote> <p>See <a href=""https://bugzilla.mozilla.org/show_bug.cgi?id=1855900"" rel=""nofollow"">https://bugzilla.mozilla.org/show_bug.cgi?id=1855900</a> </p><p>Fixed in 131.0beta1 </p>",sfhowes,False,0,0
1673425,1462642,2024-09-08T18:18:51.146663Z,2024-09-08T18:18:51.146670Z,<p>Your screenshots show TB 91.1.1 - CAN this work with TB 128?? </p>,phubert28,False,0,0
1673427,1462642,2024-09-08T18:21:14.485734Z,2024-09-08T18:21:14.485749Z,"<p>I see a thumbs down on my previous answer, so, sorry, i didn't specify exactly what to do for implementation, so, <a href=""https://support.mozilla.org/en-US/questions/1456224#answer-1666164"" rel=""nofollow"">https://support.mozilla.org/en-US/questions/1456224#answer-1666164</a> in addition  </p><p>Best regards </p>",Agent.virtuel,False,0,0
1673429,1462642,2024-09-08T18:40:17.634125Z,2024-09-08T18:40:17.634134Z,<p>Wow. Worked! Sorry about the 'thumbs down' - not really appropriate. </p>,phubert28,False,0,0
1673430,1462633,2024-09-08T18:41:24.465762Z,2024-09-08T20:17:26.934584Z,"<p>Toad-Hall, thank you very much for this very useful explanations. Now I understand the logic behind and I can stop searching for the correct setting. Still, I think the 'Show as Conversations' mode in Outlook is more productive and easier to manage since it relates the thread topic to the newest and not to the oldest message.  But I did not know about the possibility to 'Open Message in Conversation'. Thanks a lot for that hint! This allows me to turn off the threaded view in the main tab to avoid overlooking a message, but follow the thread in an extra tab. After selecting the ""Unthreaded"" sorting option, even the conversation tab is ordered as descending. This solution allows me to keep going without major limitations, thank you! The only thing which would even improve it: A marker if a message is related to other messages at all, when ""Unthreaded"" is selected. </p>",haRrY014,False,1,0
1673434,1462665,2024-09-08T18:54:57.707326Z,2024-09-08T18:54:57.707332Z,"<p>To není zrovna podrobný popis problému. Možná pomůže Google: <a href=""https://www.google.com/search?q=I+can%27t+log+in+because+of+the+settings+thunderbird&amp;num=10&amp;lr=lang_cs&amp;newwindow=1&amp;client=firefox-b-d&amp;sca_esv=56c4d38f9779f888&amp;biw=1408&amp;bih=672&amp;tbs=lr%3Alang_1cs&amp;ei=UvLdZuzWH_a7wPAPudCx6Qg&amp;ved=0ahUKEwjsx66WgrSIAxX2HRAIHTloLI0Q4dUDCA4&amp;uact=5&amp;oq=I+can%27t+log+in+because+of+the+settings+thunderbird&amp;gs_lp=Egxnd3Mtd2l6LXNlcnAiMkkgY2FuJ3QgbG9nIGluIGJlY2F1c2Ugb2YgdGhlIHNldHRpbmdzIHRodW5kZXJiaXJkMggQABiABBiiBDIIEAAYgAQYogRI0gtQyAhYyAhwAXgAkAEAmAFyoAFyqgEDMC4xuAEDyAEA-AEBmAICoAJ8wgILEAAYgAQYsAMYogSYAwCIBgGQBgKSBwMxLjGgB6sC&amp;sclient=gws-wiz-serp"" rel=""nofollow"">I can't log in because of the settings thunderbird</a> </p>",poljos-moz,False,0,0
1673436,1462641,2024-09-08T19:22:00.654885Z,2024-09-08T19:22:00.654892Z,"<p>Alternatively you can use Betterbird for the time being. <a href=""https://betterbird.eu/releasenotes/index.html"" rel=""nofollow"">https://betterbird.eu/releasenotes/index.html</a> </p>",christ1,False,0,0
1673437,1462699,2024-09-08T19:26:50.160298Z,2024-09-08T19:26:50.160305Z,"<p>My personal suggestion: DO NOT immediately jump to ver 128. Upgrade to 102.0.1 and then upgrade to 102.12 and stabilize for awhile. I also suggest doing a full backup of profile prior to updates, as upgrades seem more prone to issues than routine updates. Whenever you decide to upgrade further, go to 115.0.1 and then to 115.15.0esr. There have been LOTS of changes since 91 and the fact that you stayed with 91 indicates that stability is important. Just my two cents. </p>",davidsk,False,2,0
1673440,1462684,2024-09-08T19:52:11.836711Z,2024-09-08T19:52:11.836717Z,"<p>If your account is POP, they will not be visible. If the account is IMAP, you may need to highlight account name on main screen, rightclick and select 'subscribe' to activate the new folders. </p>",davidsk,False,2,0
1673444,1462684,2024-09-08T20:29:02.094308Z,2024-09-08T20:29:02.094315Z,"<p>Yes, my account is IMAP, I had to subscribe to subfolders, thank you very much for your help! :) </p>",marta.goha,False,0,0
1673445,1462699,2024-09-08T20:34:48.505113Z,2024-09-08T20:34:48.505119Z,"<p>David, Thanks very much. I've copied your response and will try to follow the suggestions when I do decide to upgrade. </p>",jmcla,False,0,0
1673449,1462717,2024-09-08T21:22:54.607556Z,2024-09-08T21:22:54.607562Z,"<p>Can you share the URL link with MS's statement about incompatibility? That would be interesting to see, since Thunderbird has worked for years with windows 10, actually since windows 10 was released, and also works fine with windows 11. Please share. Thanks. </p>",davidsk,False,0,0
1673459,1462698,2024-09-09T02:07:05.738019Z,2024-09-09T02:07:05.738028Z,"<p>You will want to contact the author of the addon listed at <a href=""https://addons.thunderbird.net/en-US/thunderbird/addon/filtaquilla/"" rel=""nofollow"">https://addons.thunderbird.net/en-US/thunderbird/addon/filtaquilla/</a> </p>",wsmwk,False,0,0
1673464,1462699,2024-09-09T03:06:45.817463Z,2024-09-09T03:06:45.817470Z,<p>I recently went from 45 to 115 and it was utterly vile out-of-the-box but can be tweaked-up nicely and I'd now say I prefer it. </p>,ThePillenwerfer,False,0,0
1673479,1462693,2024-09-09T05:47:54.866652Z,2024-09-09T05:47:54.866660Z,"<p>Il vecchio profilo è elencato nel gestore dei profili? -&gt; <a href=""https://support.mozilla.org/it/kb/gestione-profili-thunderbird"" rel=""nofollow"">https://support.mozilla.org/it/kb/gestione-profili-thunderbird</a> </p>",'@next,False,0,0
1673496,1462611,2024-09-09T10:49:43.423043Z,2024-09-09T10:49:43.423052Z,"<p>In <a href=""https://support.mozilla.org/en-US/questions/1462756"" rel=""nofollow"">https://support.mozilla.org/en-US/questions/1462756</a> the user posted </p><pre>       DESCRIPTION SERVER NAME         PORT 587-DEFAULT 587         SECURITY AND AUTHENTIFICATION         CONNECTING SECURITY THIS IS WHAT I PUT STARTTLS         AUTHENTIFICATION METHOD: NORMAL PASSWORD </pre>",wsmwk,False,0,0
1673498,1462710,2024-09-09T10:53:17.525035Z,2024-09-09T10:53:17.525041Z,"<p>If you have newinformation please post it in <a href=""https://support.mozilla.org/en-US/questions/1461403"" rel=""nofollow"">https://support.mozilla.org/en-US/questions/1461403</a>.  Please do not create new topics. </p>",wsmwk,False,0,0
1673499,1462611,2024-09-09T10:59:11.480220Z,2024-09-09T10:59:11.480227Z,"<p>See  <a href=""https://support.mozilla.org/en-US/questions/1461241"" rel=""nofollow"">https://support.mozilla.org/en-US/questions/1461241</a> <a href=""https://support.mozilla.org/en-US/questions/1409482"" rel=""nofollow"">https://support.mozilla.org/en-US/questions/1409482</a> <a href=""https://support.mozilla.org/en-US/questions/1444249"" rel=""nofollow"">https://support.mozilla.org/en-US/questions/1444249</a> </p>",wsmwk,False,0,0
1673500,1462611,2024-09-09T11:01:55.195570Z,2024-09-09T11:01:55.195578Z,"<p>There is also an article on <a href=""https://support.mozilla.org/en-US/kb/thunderbird-and-yahoo"" rel=""nofollow"">https://support.mozilla.org/en-US/kb/thunderbird-and-yahoo</a> but perhaps it needs an update? </p>",wsmwk,False,0,0
1673518,1462611,2024-09-09T13:29:53.120543Z,2024-09-09T13:30:14.305856Z,"<p><em><strong>re :Now I cannot received or send any outgoing mail!</strong></em> </p><p>So you have a problem with more than just sending. </p><p><br> Do the following to ensure settings are ready for any alterations. </p><p><strong>1. </strong> Make sure Firewall has Thunderbird program as an allowed program. </p> <ul><li> Exit Thunderbird </li><li> Access Firewall - this may be the default one on computer OR it may be controlled by whatever Anti-Virus software you have installed. </li><li> Set up Thunderbird as an allowed program to ensure the Firewall is not blocking any access. </li></ul> <p>Provide info: </p> <ul><li> Confirm you have Thunderbird set up as an allowed program </li><li> Tell us what Anti-virus you are using. </li></ul> <p><strong>2. </strong> Set up to allow cookies. In Thunderbird </p> <ul><li> Settings &gt; Privacy &amp; Security </li><li> Under 'Web Content' </li><li> Select checkbox : 'Accept cookies from sites' </li><li> Accept third party cookies 'Always' </li></ul> <p>Provide info: </p> <ul><li> Confirm you have set up to allow cookies. </li></ul> <p><strong>3.</strong> Post this info: </p> <ul><li> In Thunderbird </li><li> Help &gt; Troubleshooting Information </li><li> Scroll down to 'Mail and News Accounts' section </li><li> Copy all the data and paste it into this forum question. </li></ul> <p>It's possible you are not set up to use 'Authentication Method: Oauth2'  for receiving or sending, but you need to post that info so we can advise. </p>",Toad-Hall,False,0,0
1673536,1462675,2024-09-09T14:31:41.231801Z,2024-09-09T14:31:41.231809Z,"<p><em>re :if tb checks emails, they're not downloaded</em> </p><p>Not sure if you mean the problem is:  it's not automatically downloading mail OR how do you switch off the sound created when new mail is detected or when notification is forced by server via IDLE. </p><p>Is this a pop account or an imap account ? </p><p>Have you set up Thunderbird to download emails for the account? 'Account Settings' &gt; 'Server Settings' for the account If Pop:  Have you selected 'Automatically download new messages' </p><p>If IMAP: Have you selected: 'check for new mail every X minutes' How many minutes have you selected - suggest 15 as a minimum because if server uses IDLE then it should tell you when new mail is received anyway. Have you selected : 'Allow immediate server notification when new message arrive ? </p><p>Select 'Synchronisation &amp; Storage' Have you selected 'Keep messages in all folders for this account on computer ? Click on 'Advanced' Are all your folders selected to download full copies mail ? </p><p>Under 'Disk Space' Have you selected 'Synchronise all messages locally regardless of age' ? </p> <ul><li> In  Settings &gt; General </li><li> scroll down to 'Incoming Mail' </li><li> Checkbox: 'Play a sound' </li><li> If you do not want a sound to play each time then uncheck that option. </li></ul> <p>You can always uncheck during the night and select again during the day if that's what you prefer. </p><p><br> The bug report - mentions you are using a Yandex app password. Normally, people set up Thunderbird to remember the app generated password, so you are not forced to enter it every time you start Thunderbird. You mention you choose not to allow this, but I'm not sure why. </p><p>After all, it's not the same as a normal password, so even if it was copied, it could not be used to access the actual webmail account. The app generated pasword is only designed to be used by Thunderbird to send and download mail. In  latest Thunderbird 128* it does not auto allow auto access to view saved passwords. To access that you would need to enter the computer User Account login password - the one you enter after booting up computer to gain access to Desktop - it's a new additional security step which can be disabled if prefered. </p><p>Does that mean you do not Exit Thunderbird in order to keep the session going, so password remains in cache for session?  </p><p>The info you provide on all the current settings for the account will help to see if something needs selecting etc. </p><p>However.....the following needs to be ruled out as the cause, so please try it out and report back on results. To see if this is caused by the Password please report back on what happens if you choose 'Remember password' option when you login with app password. This will store the password in Settings &gt; Privacy &amp; Security - in 'Saved Passwords' You can always remove it later. But first - save the password and run for a day and report back on whether Thunderbird now auto downloads the emails. We have to rule out whether this issue is related to the app specific password and it not being stored OR something else. </p><p><br> For anyone reading this - here is a useful link: <a href=""https://yandex.com/support/id/en/authorization/app-passwords.html"" rel=""nofollow"">https://yandex.com/support/id/en/authorization/app-passwords.html</a> </p><p>Setting up in Thunderbird useful link: <a href=""https://yandex.com/support/mail/mail-clients/mozilla-thunderbird.html"" rel=""nofollow"">https://yandex.com/support/mail/mail-clients/mozilla-thunderbird.html</a> </p>",Toad-Hall,False,0,0
1673538,1462675,2024-09-09T14:43:16.104952Z,2024-09-09T14:43:16.104958Z,"<p>omg, ur a chief, ive had other accounts with auto download always on, i don't know how that happened, 'Automatically download new messages' was unselected, i finally tested it back &amp; its working fine. </p><p>thanks a bloody bunch, i was going nuts with it :( </p>",delicacy,False,0,0
1673554,1462611,2024-09-09T15:28:55.351206Z,2024-09-09T15:28:55.351212Z,"<p>Mr. Mery, this does not solve my problem, let me be more specific, the issue that I'm having only has to do with outgoing mail, I receiving incoming mail, the illustration box I typed out is what I'm having issues with, I do not know where to put the correct info for outgoing mail. I have a question, there is a support phone number that I came across that is (817) 406-3036, is this a legitimate phone number are is this a fraudulent phone number, I need personal technical assisitance! </p><pre>                                                                            Thank You,                                                                              D.S.                                                                              willowby4@yahoo.com </pre>",texas10cat,False,0,0
1673556,1462656,2024-09-09T15:43:19.526765Z,2024-09-09T15:43:19.526771Z,"<p>First as a heads up, there is no such thing as a preview. A preview implies seeing something before it's opened, but that's not possible. </p><p>When you select a specific email, that email will be opened and displayed in the prefered location. That may be the 'Message Pane' - if it's enabled or in a new tab. </p><p>The Message Pane can only display the contents of that selected email. Each email has it's own headers and html css code. They cannot be merged as if one email. The only time you see additional sections of a previous email is when someone 'Replies' to a received email and sends both copies back to sender. In this instance, the full headers of original email are removed and the html cs code code is applied to entire email. It is contructed as one mail. </p><p>When you select/highlight more than one email, it states the number of selected emails with a small amount of additional info such as the Subject. The header at the top will say the number of highlighted conversation. Selecting more than one email means you are wanting to perform an action with the selected mail - not open and read email. It is assumed that you know what emails you are selecting (otherwise there is no reason to select them) and you know what you want to do with those selected emails. Such as 'Archive' or 'Delete' the selected emails. OR maybe right click on highlighted mail and use 'Copy to' or 'Move to' etc options.  </p><p><strong>re :Can I get Thunderbird to show me the correct and full preview somehow</strong> Yes, but not if you highlight more than one email. Maybe not quite what you were looking for but please read because I'm including some information for a process I use that helps in the situation as you are describing. </p><p>The following will make life easier when you want to select a batch of mail and know you have selected the correct emails. </p><p>Open an email and read it in Message Pane. If you think that email is one you want to eg: move to a specific folder You can use either tags or a star to help mark them. Why do this? Because it will help you to remember which ones you want to move. It also means you can use a quick method to sort and select those previously viewed emails. </p><p>Example: If you want to include it then either use the star as a quick id method or set a tag (I use this method). I have a tag which I created and it is used when I select a specific set of emails that I want to move to same location. First I created a new tag and called the tag 'Batch' Do that in Settings &gt; General - scroll to the 'Tags' section and click on 'New' Follow instructions to create the new 'Batch' tag. </p><p>Open email and read in Message Pane. If that email is one you want to move to a specific folder set the tag called 'Batch'. If you have read a load of emails and some have the 'Batch' tag. You can either manually reselect each email as you do now (not so bad if they are close to each other)  OR use the Quick Filter bar - click on the icon 'Show only messages with tags on them' - this removes all the clutter. Then if you have more than one tag displaying click on the relevant tag displayed in the 'Any of' section eg: 'Batch'. This filters the list to just those you tagged with a specific 'Batch' tag. Use 'Ctrl+A' to auto select/highlight all of them and they get displayed in the X conversations list. Then perform whatever action you desire. </p><p>So in two clicks and CTRl+A you have all the 'Batch' tagged emails selected/highlighted. </p><p>Once they have been moved you can remove the 'Batch' tag from each email. </p><p>Then remove the Quick Filter bar filter  click on the  'Show only messages with tags on them' icon and the blue bar is now greyed out and filter not selected. All back to normal. </p>",Toad-Hall,False,0,0
1673562,1462611,2024-09-09T16:18:53.038011Z,2024-09-09T16:19:25.656986Z,"<em><p>TEX SUN <a href=""#answer-1673554"" rel=""nofollow"">said</a></p></em> <blockquote>Mr. Mery, this does not solve my problem, let me be more specific, the issue that I'm having only has to do with outgoing mail, I receiving incoming mail, the illustration box I typed out is what I'm having issues with, I do not know where to put the correct info for outgoing mail. I have a question, there is a support phone number that I came across that is (817) 406-3036, is this a legitimate phone number are is this a fraudulent phone number, I need personal technical assisitance! </blockquote> <p>You can pay any who has the correct credentials to sort out your issues. That is your choice. Thunderbird does not have a Support telephone number. Thunderbird is a free program and relies upon donations to maintain the program. It does not have income like Microsoft and therefore does not have rooms full of people answering phones in various countries around the world.  </p><p>Sorry you posted a question stating and I quote ""CANNOT RECEIVE OR SEND"" Then you said you can receive but not send. But the lat image you posted says you can send but email was not saved in Sent folder. </p><p>You seem to have a constant changing of your issue. </p><p><em>re :the illustration box I typed out is what I'm having issues with</em> The info you typed has errors and they maybe typo errors because the server name does not match the one displayed in the error message.  You have also posted two different error messages.  </p><p>It is possible you have not set up Thunderbird to use Oauth. You may have used information provided by Wayne to alter the smtp server to use Authenication Method Oauth, but you would need the incoming to be the same. </p><p>Either way - we do not know exactly what is set up.  </p><p>We do not know what Anti-Virus you use and that could be causing a problem such as still scanning emails you sent or files that get opened so data cannot get written to file etc etc. </p><p>So please read my previous comment and respond back with <strong>all</strong> the required information. Then we can check everything is set up correctly. </p>",Toad-Hall,False,0,0
1673563,1462675,2024-09-09T16:25:21.481590Z,2024-09-09T16:25:21.481597Z,<p>You are not the first to discover something not set. I also had to recheck things that I assumed were selected but wasn't.  Good to hear all is now working correctly. </p>,Toad-Hall,False,0,0
1673564,1462717,2024-09-09T16:31:29.847757Z,2024-09-09T16:31:29.847766Z,"<p>Didn't save it, it was something I saw when troubleshooting at Windows Support. </p><p>I repeat:  Thunderbird opens and sends; it hasn't put any incoming mail into my inbox since August 22.  I have edited my inbox and compacted folders, but nothing seems to work. Stored incoming server info is correct, including authentication. </p><p>Microsoft tells me that my desktop is incompatible with Windows 11.  I understand that support for Windows 10 is coming to an end. </p><p>I'd still value any suggestion about how to troubleshoot this loss of Thunderbird functionality. </p><p>Here's the troubleshooting link I previously posted in the chain following my first inquiry on this issue: <a href=""https://pastebin.mozilla.org/z7XxbFGc"" rel=""nofollow"">https://pastebin.mozilla.org/z7XxbFGc</a> </p>",jdecrist,False,0,0
1673569,1462611,2024-09-09T16:50:30.386039Z,2024-09-09T16:50:30.386047Z,"<p>Sorry for the confusion, I can receive incoming emails but cannot send out outgoing emails. The info I sent you about the server for outgoing mail is where the issue is, and I do have auth 2 setup, and that did not help. Let me be more sdpecific where it says accounts and smtp server, settings and description I enter my email address,under server name i put <a href=""http://smtp.mail.yahoo.com"" rel=""nofollow"">smtp.mail.yahoo.com</a>,port is 587, default 587, security and authtification, connection security is STARTTLS, these are caps, authentification method says normal password, user name is my email address <a href=""mailto:willowby4@yahoo.com"" rel=""nofollow"">willowby4@yahoo.com</a>, then I click ok, I must have something wrong in this server box!  If Mozilla Thunderbird expects donations, which I would be more than happy to donate, I need some support on how to fix issues. </p><pre>                                                                            Thank You For Your Time,                                                                              D.S.                                                                              willowby4@yahoo.com </pre>",texas10cat,False,0,0
1673577,1462717,2024-09-09T17:52:34.006065Z,2024-09-09T17:52:34.006072Z,"<p>Please post a screenshot of your incoming server setup. That may prove helpful. Thank you. if there are error messages, those will also help. </p>",davidsk,False,0,0
1673578,1462717,2024-09-09T17:53:33.608659Z,2024-09-09T17:53:33.608664Z,<p>Support for windows 10 ends in October 2025. </p>,davidsk,False,0,0
1673600,1462611,2024-09-09T19:23:50.389239Z,2024-09-09T19:23:50.389246Z,"<p>You need to set authentication to oauth, and <strong>only</strong> oauth, as Toad-Hall has suggested and as documented at <a href=""https://support.mozilla.org/en-US/kb/thunderbird-and-yahoo"" rel=""nofollow"">https://support.mozilla.org/en-US/kb/thunderbird-and-yahoo</a>.  And not have cookies and javascript disabled. </p>",wsmwk,False,0,1
1673613,1462634,2024-09-09T20:18:10.760781Z,2024-09-09T20:18:10.760787Z,"<p>See <a href=""https://support.mozilla.org/kb/rebuilding-global-database"" rel=""nofollow"">https://support.mozilla.org/kb/rebuilding-global-database</a> </p>",christ1,False,0,2
1673629,1462611,2024-09-09T21:58:51.225811Z,2024-09-09T21:58:51.225820Z,"<em><p>TEX SUN <a href=""#answer-1673554"" rel=""nofollow"">said</a></p></em> <blockquote>I have a question, there is a support phone number that I came across that is (817) 406-3036, is this a legitimate phone number are is this a fraudulent phone number, I need personal technical assisitance!</blockquote> <p>There is no direct support by phone, chat or email for any free to download and use Mozilla related products. That fake phone support number comes up for a wide range of fake product and email service support in a search engine search results. </p><p><a href=""https://support.mozilla.org/en-US/kb/avoid-and-report-mozilla-tech-support-scams"" rel=""nofollow"">https://support.mozilla.org/en-US/kb/avoid-and-report-mozilla-tech-support-scams</a> </p> <blockquote>Mozilla does not provide telephone support, does not charge for downloads, upgrades or technical support and does not endorse any company that does. Companies that ask for payment or personal information for installing, updating or providing support for Firefox or Thunderbird are not affiliated with Mozilla and should be avoided. </blockquote> <p>Mozilla does have direct ticket support for a few of their products that are subscription based like Mozilla VPN, Mozilla Monitor Plus, Firefox Relay premium, MDN Plus because you paid for it as part of the monthly or yearly subscription. </p>",James,False,0,0
1673645,1462617,2024-09-09T23:49:17.258044Z,2024-09-09T23:49:17.258053Z,"<p>Okay, it seems I do need the Outlook client to be installed. Guess I will have to pay for a conversion tool. </p>",sep,False,0,0
1673651,1462611,2024-09-10T00:27:22.200144Z,2024-09-10T00:27:22.200150Z,"<p>I paid a a vey hinest computer tech to fix the issue and to tell you the truth, this was a very complicated issue involving Yahoo, finally I can send out outgoing mail now thanks to this great tech. </p>",texas10cat,False,0,0
1673706,1462649,2024-09-10T09:16:22.272892Z,2024-09-10T09:16:22.272900Z,"<p>Right click the folder, select properties and then repair button.  Sounds like you might not have an up to date index on the folder and repair does rebuild that. </p>",MattAuSupport,False,2,0
1673712,1462649,2024-09-10T09:46:40.036866Z,2024-09-10T09:46:40.036872Z,"<p>Matt </p><p>That's great.  It seems to have solved the problem.  If i find it in other folders, now I know what to do. </p><p>Many thanks. Paul </p>",paul645,False,0,0
1673746,1462611,2024-09-10T13:56:51.520340Z,2024-09-10T13:57:24.948853Z,"<p><em>re : I do have auth 2 setup, and that did not help. Let me be more sdpecific where it says accounts and smtp server, settings and description I enter my email address,under server name i put <a href=""http://smtp.mail.yahoo.com"" rel=""nofollow"">smtp.mail.yahoo.com</a>,port is 587, default 587, security and authtification, connection security is STARTTLS, these are caps, authentification method  says normal password,</em> </p><p>When people ask for information it is for a very good reason. I'm not asking for the goodness of my health. The intention is to offer you specific instructions on ensuring you have everything set up correctly. </p><p>First you say and I quote ""I do have auth 2 setup"" Then you say and I quote ""authentification method says normal password"" So from that statement, I can assume you do not seem understand what is meant by 'Oauth2'. It means for the yahoo account, you need both incoming server settings and outgoing smtp server settings, to use the following: 'Authentication Method: Oauth2' </p><p>In order for that to work you must have cookies enabled in Thunderbird. </p><p>I do not know if you have set up the correct settings even at this point because you are still not posting the required information.   </p><p>As you kept changing the problem initially reported you could have had several things not set up correctly. My intention was to ensure everything was correct. </p><p>As a heads up, it's not complicated. You post the requested information. Then you get specific tailored advise on what to do.   </p><p>We had already posted some information that would have sorted you out, but it was clear you were a novice and needed a more tailored and personal approach. Hence needing the requested information. </p><p>In future, if you need help on any aspect of Thunderbird, please co-operate and provide the specific information that is requested, so that instead of going backwards and forwards with no progress, a solution can be provided in the correct manner and in terms that you would understand. </p>",Toad-Hall,False,0,0
1673755,1462665,2024-09-10T14:47:58.284633Z,2024-09-10T14:47:58.284640Z,"<p>Hello,I am writing to you if there is a problem.The data on ma emailare fine,but I am getting an error despite the fact that the data I provide when logging in are fine.Can you help me with this problem? thank you very much </p>",m.karasek.2011,False,0,0
1673757,1462656,2024-09-10T14:57:22.637125Z,2024-09-10T14:57:22.637132Z,"<p>Thanks for the extensive insight into a possible alternative workflow for this. </p><p>It's actually easier, though, for this specific ""delete the Spam"" everyday operation to just arrow though the messages one at a time, and hit Delete for each one I don't want as I go.  That's less work than setting a tag. </p><p>I'm just used to using Outlook, which let's me Shift-arrow through them, showing me each one in its entirety in the message pane as I add it to the selection (it just swaps in the latest one selected in the batch).  This lets me read/view them, batch them up with just the arrow key as I go, then hit Delete once to wipe them all out. </p><p>I do like your batch-tag workflow, though, for other things.  Clever trick!  Thanks for sharing. </p><p>It would be REALLY nice, though, if new tags could have a hot key.  Right now, it takes 3 clicks and some mousing around to set a tag.  On 20 messages, that's 60 clicks vs. 0 clicks if the tags had hot keys.  A hotkey would really be slick.  Is there a place to suggest/request features? </p><p>Thanks again for all your help and insight! </p>",bill355,False,0,0
1673887,1462634,2024-09-11T13:05:37.637892Z,2024-09-11T13:05:37.637900Z,"<p>Done that countless times, makes no difference, search IS broken in v128 (as is confirmed by many other users).  </p><p>I'd be grateful if you could answer my question, which was about other versions </p>",mozilla516,False,1,0
1673908,1462634,2024-09-11T14:01:26.322940Z,2024-09-11T14:01:26.322946Z,"<p><em>re :search IS broken in v128 (as is confirmed by many other users). </em> </p><p>Not sure where you have got that information from because I'm sure I would have come across it. Usually, if something does not work then there is good reason. In some cases people need to check settings, sometimes they are entering the wrong criteria for that particular type of search, sometimes the database needs fixing. Often they are searching for data which returns a result but then they cannot select anything from the result. Usually that's because the email does not exist. They may not be compacting folders or perhaps they have an Anti-Virus product scanning mbox files and trying to fix them and that can result in a loss of email, but AV does not touch the index file, so the display can look like theres and email but in reality it does not exist. Basically there are many reasons for a problem.  </p><p>So what is causing your issue ? - That would be a good question. I need your assistance to help find out what's going on in your particular case because at this point no one knows. I'm not having any issues, so information from you is vital to see if this really is a bug you have found or whether there is another reason so it can be resolved. </p><p>Please tell us the following: </p> <ul><li> What OS are you using? </li><li> Do you  use Pop or Imap accounts or both? </li></ul> <p>If IMAP please check and report on finding in this location: </p> <ul><li> In 'Account Settings' </li><li> Select 'Synchronisation &amp; Storage' for the imap account </li><li> Is this selected? checkbox - 'keep messages in all folders for this account on this computer' </li></ul> <ul><li> Click on 'Advanced' button </li><li> Please check - Are all the folder checkboxes selected to download full copies for each folder ? </li></ul> <p>Under 'Disk Space' </p> <ul><li> Is this selected or something else? : 'Synchronise all messages locally regardless of age'  </li></ul> <p>Please report back telling us what you found - what is or is not selected ? </p><p>This helps us to understand your set up. </p><p>Just to be clear we are talking about the same method of search, because there are three types. Global Search is using the 'Ctrl+K' option which is seen in the top Unified Toolbar area. It is also invoked if you use 'Quick Filter search (Ctrl+Sift+K)' - enter criteria and press Enter. </p><p>Global Search operates only on the folders selected to use it. <strong>To check if a folder is included:</strong> </p> <ul><li> Right click on folder and select 'Properties' </li><li> Select checkbox: Include messages in this folder in Global Search results' </li><li> Click on 'OK' </li></ul> <p>Spam/Junk and Trash folders are automatically not included. Neither are any special folders created from a search result. </p><p><strong>Check the following setting is selected:</strong> </p> <ul><li> Settings &gt; General </li><li> Scroll to bottom </li><li> Select checkbox : 'Enable Global Search and Indexer' </li></ul> <p>Having checked all the above is correct please supply visual evidence of the problem. </p><p>Need images that show: </p> <ol><li> Evidence of the particular mail you are trying to locate. That means image needs to show the folder and email you want to locate in the Global Search. Image needs to show the search criteria is in the email whether in content or subject etc. </li><li> Image of what you type into the Global Search area. </li><li> Image showing the result of the Global Search. </li></ol> <p>I'm testing Global Search in beta 131.0b2  and all the information you can provide means I can try to replicate the same result as you. </p><p>Thanks for your assistance in this matter. </p>",Toad-Hall,False,0,0
1673918,1462634,2024-09-11T14:43:21.871833Z,2024-09-11T14:43:21.871842Z,"<p>You ask about downgrading to a non ESR version specifically where Global Search is not broken. That's not easy to answer because I've used all the versions and not come across anything where the Global Search did not work. It's also not so easy going back to another version because it involves jumping through a few hoops. Many files have been updated and some use new formats in latest versions.  </p><p>I've been testing in Global Search. </p><p>Setup for test: Account Settings &gt; Synchronisation &amp; Storage Set all folders to download full copies. Select 'Synchronise all messages locally regardless of age'  </p><p>Local an email older than 30 days - used email received last year. Perform a search on a particular word which I know is part of the body contents of a specific email. Search returned the correct email. This was expected. </p><p>I have deliberately done the following. </p><p>In one imap account Account Settings &gt; Synchronisation &amp; Storage Set all folders to download full copies. Selected 'Synchronise the most recent 30 days' REstarted Thunderbird Compacted all folders in that imap account to remove all downloaded copies for anything over 30 days, so for those emails I only have headers. </p><p>Exit Thunderbird Access profile and delete the global database file to ensure it is up to date. Start Thunderbird </p><p>In Global Search deliberately entered a search term which I had previously used. </p><p>Result - no result Why ? because the search criteria was for a specific word contained in the 'Body' of an email which currently is only stored as a header. So there is no 'downloaded body content' to search. </p><p>Retest: this time type in something which is only in the 'subject of same email. Result - email is  returned in search results. </p><p>So, it is important for us to understand what you download as full copies and what you only download as headers. It also depends upon whether you are searching for a term in the Headers or in the Body.  </p><p>I have come across people who said search did not work to locate emails they can see, but what they did not realise was they were only downloading headers so a search on body content would fail. </p><p>I hope this explains why it is necessary to understand your account and folder set up. We need to know what is fully download and what is not and what you are searching for eg: something in the content or something in the Subject. </p>",Toad-Hall,False,1,0
1673930,1462656,2024-09-11T16:14:11.835182Z,2024-09-11T16:14:11.835188Z,"<p>There is a hot key for setting Tags I have 'Tags' added to my Unified Toolbar for convenience. Click on 'Tags' and you will see a number on the right. For example: Important = 1 </p><p>So if you select and email to read and then press the number 1 on keyboard , it sets the 'Important' tag - press number 1 again and it removes that tag. However, only up to 9 tags can use that method, so best used for the most frequently used. </p><p>The tags are numbered in the order they are listed in the Settings &gt; General &gt; Tags section. </p>",Toad-Hall,False,0,0
1673935,1462656,2024-09-11T16:26:28.157364Z,2024-09-11T16:26:28.157371Z,"<p>I had no idea!  Thanks for that tidbit!  Makes me wonder how many other nice tidbits Thunderbird has that I don't know about.   </p><p>I just replaced Outlook with Thunderbird after decades of Outlook dedication, and I'm kicking myself for not doing so a long, long time ago.  Thanks for the help and the explanations. </p><p>It would still be nice to have the option to have Thunderbird just show me the latest message selected in a selection group, rather than showing me that thing that it does now with a small tidbit of plain text from each one and a selection count.  </p><p>Is there any place that I can make a future feature request for that option? </p>",bill355,False,0,0
1673941,1462656,2024-09-11T16:32:52.660484Z,2024-09-11T16:32:52.660492Z,"<p>AS a heads up there are column headers called 'Spam' and 'Delete' Select a folder and in Table View you see columns From, Subject etc - the last one on far right shows you all the column  header options. </p><p>If you have the following: </p> <ul><li> Account Settings &gt; Junk Settings for account </li><li> Select: Enable adaptive junk mail controls for this account </li><li> Under Destination And Retention </li><li> Select ' Move new messages to' </li><li> <strong>If pop</strong> -  </li><li> Select 'Junk folder on' and choose same mail account email address </li><li> <strong>If imap:</strong> </li><li> Select 'Other' and choose 'Spam on account name/email address' </li></ul> <p>Then if you enable the 'Spam' column header - icon looks like a flame - you click on the relevant flame icon and email is marked as junk and auto moved to spam folder. Note you do not have to actually select the message - just click on relevant flame icon. It means if you make a mistake you can locate mail in Spam and select 'not junk' </p><p><br> </p> <ul><li> In Account Settings &gt; Server Settings </li><li> When I delete a message </li><li> select 'Move it to this folder' and choose the imap Trash folder on account. </li></ul> <p>Another option is the 'Delete' column header which has icon that looks like a bin. If you enable this option - you do not even need to actually select the email - just click relevant 'bin' icon. </p>",Toad-Hall,False,0,0
1673950,1462634,2024-09-11T17:07:32.919185Z,2024-09-11T17:07:32.919191Z,"<p>Two extremely generous and detailed responses there, not what I was expecting at all after past experience. A nice surprise.   </p><p>I have had many many examples over months now, of search not finding emails. I have asked, read guides, compacted, deleted database files, done everything over and over, never improves. Emails are often there, but not being found by CTRL-K search. Many ARE found, it's just that sometimes some aren't and unfortunately that means it's unreliable because when i need something, I need it! I can't trust the results of a search, which is a shame and a deal breaker (not that there are many alternative email programs, which is why I am still using TB). </p><p>This is the first I have heard of the 'header' only being searched in some cases where users had similar experience. interesting suggestion. Before I dive into that, I will work through each of your many points, so I make sure to cover all. I'll work through your first post, then second. </p> <hr> <p>I am using Fedora OS (Fedora Workstation 40 with Gnome) I use imap, don't use POP, but I do have a lot of LOCAL folders, which is where most my email is stored.  </p> <hr> <p>""Is this selected? checkbox - 'keep messages in all folders for this account on this computer'"" - Yes it is ticked. </p> <hr> <p>""Please check - Are all the folder checkboxes selected to download full copies for each folder ?"" - Yes, all ticked. </p> <hr> <p>""Under 'Disk Space' Is this selected or something else? : 'Synchronise all messages locally regardless of age'"" - Yes that is selected/ticked. </p> <hr> <p>Yes I am using Global Search (CTRL  K) I have checked (and have before) - every single folder is ticked to be included in Global Search results (most of my folders are local, all checked and confirmed, every folder included for search. </p> <hr> <p>""'Enable Global Search and Indexer'"" - Yes this is enabled. </p> <hr> <p>""Having checked all the above is correct please supply visual evidence of the problem."" </p><p>OK, i didn't take me more than a minute to create a new example. I just browsed some local folders, copied a bit of text from body area, and pasted into the top search bar. No results. I will show with screenshots: </p><p>1.  <a href=""https://ibb.co/x5zpJqj"" rel=""nofollow"">https://ibb.co/x5zpJqj</a> - This image is redacted but shows the email in question, showing the body text mentioning ""WT-20"". I decided to see if Thunderbird can find any emails mentioning that model number.  </p><p>2. <a href=""https://ibb.co/Y0LYGyF"" rel=""nofollow"">https://ibb.co/Y0LYGyF</a> - No results for the phrase I selected/copied. </p><p>3. <a href=""https://ibb.co/qYyyt25"" rel=""nofollow"">https://ibb.co/qYyyt25</a> - No results just for ""WT-20"".  </p><p>4. I decided to try copying/searching for a longer string, no joy: <a href=""https://ibb.co/mS0Sz3H"" rel=""nofollow"">https://ibb.co/mS0Sz3H</a> </p><p>This is what I have experienced on and off for months now. Extremely infuriating, and of course I don't know of long strings in historic  emails, I will usually just search for something like 'invoice' to see all emails with invoices, or maybe a zip code or phone number, or filename or car registration etc, stuff I have but want to find all emails relating to. Hopefully the above example is sufficient to show just one example of hundreds which have led me to have no confidence in TB search. </p><p>I will move to your second reply now, thanks again </p>",mozilla516,False,0,0
1673953,1462634,2024-09-11T17:14:32.478936Z,2024-09-11T17:14:32.478943Z,"<p>I have read your second reply. Interesting stuff, but I can confirm I have all settings chosen correctly. But thanks to your explanation of 'header' versus 'body', and even though I have the settings correct, I decided to try searching for the subject line from the email that Global Search couldn't find in my example above.  </p><p>When I searched for ""Pro-forma invoice for payment"" (the content of subject line in email used as example), it did indeed find the email. Maybe that gets a step in the right direction? (or at least SOME direction!) </p><p>I shouldn't digress, but I simply MUST ask and this process reminded me of it... What exactly is this first results page for? I mean after a search I get a page of results which just doesn't work at all for me, don't really get it even! So I have to click ""Show results as list"" every single time to get a list of emails nicely displayed in comprehensible format! Is there any way to turn off this preliminary results page or to 'always show results as list'? If so, I'd love to know!  </p><p>Thanks again </p>",mozilla516,False,0,0
1674124,1462634,2024-09-12T15:00:34.503795Z,2024-09-12T15:00:34.503804Z,"<p><strong>re :What exactly is this first results page for?</strong> </p><p>It offers more filter options because you may get a lot of results. As a silly example - you may search using a word like:  thunderbird If I searched for that criteria, I would have hundreds of results - 997 as I have just discovered :)  </p><p>For example - on the left you may see the name of a mail account. If you click on it, you can choose options eg: must be or cannot be in that mail account.  </p><p>At the top there is also a 'Toggle timeline' button. Click on it and you can then choose time frame options so restricting results to a particular eg: year or month or week. </p><p>Of course if you only have a few results then you can immediately use the 'show results as list'. Or if you immediately see the email in question you can click on it to open. </p> <ul><li> <a href=""https://support.mozilla.org/en-US/kb/global-search"" rel=""nofollow"">https://support.mozilla.org/en-US/kb/global-search</a> </li></ul>",Toad-Hall,False,1,0
1674134,1462634,2024-09-12T15:16:02.192889Z,2024-09-12T15:18:02.817841Z,<p>I notice we are talking about the 'Local Folders' mail account. </p><p>Could you help further: When you start up computer and get asked to logon -  Are you logging onto a normal computer User Account ? OR are you logging on a 'Microsoft account' ? </p><p>Do you have your profile stored in the default location? C:/Users/username/Appdata/Roaming/Thunderbird/Profiles/profile name </p><p>In Account Settings Left pane - click on 'Local Folders' Bottom right it will say 'Local directory: followed by the actual path to 'Local Folders' </p><p>In my case it says - and I've copied the data as is - just edited the username - after all the location is used by everyone so it's not exactly personal. </p> <ul><li> C:\Users\XXXXX\AppData\Roaming\thunderbird\Profiles\nmu5aecl.default-beta\Mail\Local Folders </li></ul> <p>Please copy what it says in your Local Folders 'Local directory' and post the directory path of what you see. </p><p>It would be interesting to see whether your profile location is actually on your computer or whether it's linked to a server like OneDrive etc It's almost as if it cannot search the body because the body is not actually stored locally. </p><p>In addition - did you download/install thunderbird from officail website OR did you use the Windows OS apps to get Thunderbird ? </p>,Toad-Hall,False,0,0
1674278,1462634,2024-09-13T09:34:38.917617Z,2024-09-13T09:34:38.917625Z,"<em><p>Toad-Hall <a href=""#answer-1674134"" rel=""nofollow"">said</a></p></em> <blockquote>I notice we are talking about the 'Local Folders' mail account. </blockquote> <p>I am not sure why people increasingly call local folderds 'an account' these days?! It's not an account, it's just a set of local folders, nothing more. I pull email to them from my imap folders to save server space. </p><p>I am using Linux Fedora. I use a normal user account. I don't use any Microsoft stuff, nor Google for that matter.  </p><p>I am running Thunderbird from the Flathub Flatpak installer. My profile is where it should be for Flatpaks (which is different to where it's stored when using an RPM installer). Not that I think this should make any difference as search does work most of the time and everything else in TB works fine. </p><p>Local Directory path: /home/xxrredactedforprivacyxx/.thunderbird/i2fydvlh.default-release/Mail/Local Folders </p><p>OneDrive - I dont use any such things. I have an email account with <a href=""http://mailbox.org"" rel=""nofollow"">mailbox.org</a>, connected via IMAP.  </p><p>I got Thunderbird from Fedora's software center (app store). The Flathub version (I am told) is maintained by Mozilla. I did previously have TB installed via a Fedora repo flatpak and it wasn't working well so I was advised to get the Flathub version as that's updated more regularly and more compatible, since then it has run fine, except for the occasional search issues. </p><p>Thanks </p>",mozilla516,False,0,0
1674300,1462634,2024-09-13T11:55:24.134471Z,2024-09-13T11:55:24.134478Z,<p>The 'Local Folders' is a called a special account created by default - but yes sorry I entered the word 'mail' - on auto pilot :) </p><p>You mention Local Folders is in this location: /home/xxrredactedforprivacyxx/.thunderbird </p><p>But I was under the impression that Linux Fedora Flathub Flatpack  stored profiles in this location: </p> <ul><li> ~/.var/app/org.mozilla.Thunderbird/.thunderbird </li></ul> <p>The '/home/user/.thunderbird' directory being the normal place for e-mail files and setting for the non-Flatpak version. </p><p>Where is the imap account located ? </p> <ul><li> In Account Settings </li><li> Select 'Server Settings' for the imap mail account </li><li> Look bottom right for 'local directory:' ....where is it pointing to? </li><li> Please copy what it says in  'Local directory' and post the directory path of what you see. </li></ul> <p>I'm wondering if you have the imap account in a different location to the 'Local Folders'. </p><p>Also what do you see in : ~/.var/app/org.mozilla.Thunderbird/.thunderbird Does it contain any profile name folders etc? </p>,Toad-Hall,False,1,0
1674689,1462693,2024-09-15T10:25:38.180784Z,2024-09-15T10:25:38.180789Z,<p>Si è elencato ed è anche la sua dimensione di 40 gb ma come faccio a ripristinarlo? </p>,gianluca98,False,0,0
1674812,1462693,2024-09-16T06:57:35.312961Z,2024-09-16T06:57:35.312966Z,"<p>Se è elencato nel gestore dei profili, hai provato ad avviarlo da qui? </p>",'@next,False,0,0
1674885,1462693,2024-09-16T15:24:14.368603Z,2024-09-16T15:24:14.368612Z,<p>se mi aiuti come poterlo avviare siamo su una piattaforma macOS Grazie </p>,gianluca98,False,0,0
1674886,1462693,2024-09-16T15:24:35.544401Z,2024-09-16T15:24:35.544406Z,<p>dimmi i passaggi Grazie </p>,gianluca98,False,0,0
1674889,1462634,2024-09-16T15:29:23.409299Z,2024-09-16T15:29:23.409305Z,"<p>Thank you for yet another impressive reply. This is a curious point, and bear in mind I am fairly new to Linux. My knowledge extends only as far as: </p><p>Flatpak and non-Flatpak installations use different folders for their files/preferences etc. No doubt you're correct, which makes it a mystery to me why TB account settings for local folders show in the place it would be if I used the RPM version. I am trying to recall, I MAY have installed the non flatpak (RPM) first time, then uninstalled and switched to the Flathub version as I seem to remember having problems (such as opening file attachments) and someone suggested I go with Flathub as the most compatible and 'friendly' version. IF that's the case, you may be onto something! </p><p>I just checked and, indeed, there is no '.thunderbird' folder inside /home/username/ at all! </p><p>I then checked my Files and yes, the profile is here in reality: /home/(username)/.var/app/org.mozilla.Thunderbird/.thunderbird </p><p><br> <em>""Please copy what it says in 'Local directory' and post the directory path of what you see""</em>: </p><p>/home/(username)/.thunderbird/i2fydvlh.default-release/ImapMail/imap.mailbox.org </p><p><br> <em>""Also what do you see in : </em> ~/.var/app/org.mozilla.Thunderbird/.thunderbird Does it contain any profile name folders etc?""<em> </em> </p><p>It sure does, as mentioned above. What on earth is going on, how did it get like this, and is it fixable, and does it explain my search problems? THANKS! </p>",mozilla516,False,0,0
1674891,1462693,2024-09-16T15:49:50.737168Z,2024-09-16T15:49:50.737175Z,"<p>Hai detto sopra di aver avviato il gestore dei profili. Arrivato a questa finestra -&gt; <a href=""https://assets-prod.sumo.prod.webservices.mozgcp.net/media/uploads/gallery/images/2016-04-19-05-49-23-3db723.png"" rel=""nofollow"">https://assets-prod.sumo.prod.webservices.mozgcp.net/media/uploads/gallery/images/2016-04-19-05-49-23-3db723.png</a> </p><p>fai click sul profilo che vuoi avviare e premi Avvia Thunderbird </p>",'@next,False,0,0
1674903,1462693,2024-09-16T16:36:53.469987Z,2024-09-16T16:36:53.469992Z,<p>Ed è proprio questa schermata che non esce sul mio iMac le ho provate tutte solo da aiuto e poi informazioni sulla risoluzione dei problemi mi porta li ma scegliendo il profilo da aprire non si apre Come si fa ad arrivare a questa schermata che mi hai mandato? </p>,gianluca98,False,0,0
1674925,1462693,2024-09-16T18:27:10.731647Z,2024-09-16T18:29:35.210271Z,"<p>Più che copiarti la guida citata sopra non saprei che altro fare: </p><p><strong>Avviare il gestore profili con Thunderbird chiuso</strong> </p><p>- Se Thunderbird è aperto, chiuderlo: sulla barra dei menu, fare clic sul menu Thunderbird e selezionare Esci da Thunderbird oppure fare clic sul pulsante dei menu e selezionare Esci. - Utilizzare il Finder per aprire /Applicazioni/Utility. - Aprire l'applicazione Terminale. - Nel terminale digitare: /Applications/Thunderbird.app/Contents/MacOS/thunderbird-bin -P </p><p><em>Nota: se il programma è installato in un percorso diverso da /Applications/Thunderbird.app/, modificare il percorso di conseguenza</em> </p><p><em>Importante: ricordarsi di inserire uno spazio dopo il percorso e prima di -P (è possibile utilizzare indifferentemente la notazione -P, -p oppure -ProfileManager: sono equivalenti).</em> </p><p>- Premere Invio: dovrebbe avviarsi la finestra del Gestore dei profili. </p><p><em>Se la finestra del gestore dei profili non si apre, Thunderbird potrebbe essere ancora in esecuzione anche se non visibile. Chiudere tutte le istanze di Thunderbird o riavviare il computer e quindi riprovare la procedura. </em> </p>",'@next,False,0,0
1675091,1462634,2024-09-17T13:43:11.761230Z,2024-09-17T13:43:11.761236Z,"<p>Interesting..maybe there is some kind of symbolic link going on. </p><p>You would expect mail account 'Local directory:...: ~/.var/app/org.mozilla.Thunderbird/.thunderbird/i2fydvlh.default-release/ImapMail/imap.mailbox.org </p><p>'Local Folders' local directory to say: ~/.var/app/org.mozilla.Thunderbird/.thunderbird/i2fydvlh.default-release/Mail/Local Folders </p><p>Do you see that 'profile name' folder called 'i2fydvlh.default-release' in that location ? </p><p>In ~/.var/app/org.mozilla.Thunderbird/<strong>.thunderbird</strong> folder </p> <ul><li> Locate a file called 'profiles.ini' - open it using a simple text editor </li><li> copy the contents and paste into this question. </li></ul> <p>It may hold information explaining what is going on. </p><p>AS we know the current data used -  </p> <ul><li> You can try altering the mail account 'Local directory'  </li><li> Click on 'Browse' </li><li> Locate and select this folder: <strong><a href=""http://imap.mailbox.org"" rel=""nofollow"">imap.mailbox.org</a></strong> </li></ul> <p>In this location: </p> <ul><li> ~/.var/app/org.mozilla.Thunderbird/.thunderbird/i2fydvlh.default-release/ImapMail/<strong><a href=""http://imap.mailbox.org"" rel=""nofollow"">imap.mailbox.org</a></strong> </li><li> clickon 'Select  folder' </li></ul> <p>- also the Local Folders local directory. </p> <ul><li> Locate and select this folder: <strong>Local Folders</strong> </li><li> ~/.var/app/org.mozilla.Thunderbird/.thunderbird/i2fydvlh.default-release/Mail/<strong>Local Folders</strong> </li><li> click on 'Select  folder' </li></ul> <p>Exit Thunderbird </p><p>Wait a few moments for background processes to complete and restart Thunderbird. Are all accounts and folders displayed ok? Check the 'local directory' and see if it is still using the original settings or using updated settings ? </p><p>You mentioned you had previous deleted the 'global-messages-db.sqlite' file on numerous occasions to no effect. <em>""Done that countless times, makes no difference, ""</em> </p><p>Can I assume you found and deleted that  'global-messages-db.sqlite'  file from this location ? </p> <ul><li> ~/.var/app/org.mozilla.Thunderbird/.thunderbird/<strong>i2fydvlh.default-release</strong> folder </li></ul>",Toad-Hall,False,1,0
1675538,1462634,2024-09-19T14:33:17.443178Z,2024-09-19T14:33:40.211337Z,"<p>Thanks.  </p><p>Sorry, I am getting REALLY confused now! And it's not your fault. I think there may be some confusion about your string and mine, when they are actually the same, just represented differently in the tree/structure we are quoting.  </p><p>I can barely even explain it,and I could be wrong. If I browse in Files app, I go to the internal drive (SSD), then navigate through to the folders where I think the profile is stored. I think my doing that causes the first few parts of the link to look different.  </p><p>So I browse from SSD, clicking on these in this order: </p><p><strong>Linux Fedora</strong> (represents my drive) <strong>home</strong> (represents a folder called 'home') <strong>username</strong> (folder icon) <strong>.var</strong> (folder icon) <strong>app</strong> (folder icon) <strong>org.mozilla.Thunderbird</strong> (folder icon) <strong>.thunderbird</strong> (folder icon) <strong>i2fydvlh.default-release</strong> (folder icon) </p><p>I am really failing to understand any of this now. I need to start fresh a bit later and work through your last post </p>",mozilla516,False,1,0
1675540,1462634,2024-09-19T14:36:24.124727Z,2024-09-19T14:36:24.124734Z,"<p>Just a thought, in case it's easier, as I am getting in a mental mess with all this now.... </p><p>Is there a clean way to backup my emails (very safely!), then uninstall Thunderbird, clean up all folders (deleting) so there's no confusion, then reinstall.  </p><p>Just an idea, as that may be easier. I am wondering if I have remnants of old TB installation (non flatpak maybe), and thus it's possible I deleted a different version of the global database file, rather than the live one. I need a clean slate, but can't risk losing emails.  </p><p>I am on way out now but will try to read your last message with a fresh head in an hour or two :) </p>",mozilla516,False,0,0
1675822,1462633,2024-09-20T15:54:39.658077Z,2024-09-20T15:54:39.658087Z,"<p>@Toad-Hall  I love using the Sort function simply, by date. When i conduct a search, results present [descending] as a list of full posts with filters and folders in left hand panel, and that's okay. I'm also presented with the option to Show results as list, which I find more helpful. When I click on that link, messages sort as date but default to ascending. How do i save my view preferences to a different default, e.g.: descending? </p><p>Thanks! </p>",kim131,False,0,0
1676034,1462634,2024-09-21T15:48:11.193634Z,2024-09-21T15:48:11.193641Z,"<p>re : So I browse from SSD, clicking on these in this order: </p> <ul><li> Linux Fedora (represents my drive) </li><li> home (represents a folder called 'home') </li><li> username (folder icon) </li><li> .var (folder icon) </li><li> app (folder icon) </li><li> org.mozilla.Thunderbird (folder icon) </li><li> .thunderbird (folder icon) </li><li> i2fydvlh.default-release (folder icon) </li></ul> <p><br> that's all perfectly correct - 'i2fydvlh.default-release' is the 'profile name' folder. That is the folder I would expect you to be using in that location. In that folder, it contains all the various files and data required so you can see mail accounts and emails etc. It will contain the  'global-messages-db.sqlite' file which I suggested you delete. Maybe this is the one you deleted, but as none of your mail accounts were pointing directly to same profile in same location, perhaps this caused the search issue. </p><p>Profile name folder i2fydvlh.default-release will contain a 'Mail' folder and that has all your pop accounts and Local Folders account and there will be an 'ImapMail' folder contaiing all your imap accounts. </p><p>But I would make sure the mail account is pointing to that location. So mail account 'local directory: should be looking here: ~/.var/app/org.mozilla.Thunderbird/.thunderbird/i2fydvlh.default-release/ImapMail/imap.mailbox.org </p><p>and  Local Folders here ~/.var/app/org.mozilla.Thunderbird/.thunderbird/i2fydvlh.default-release/Mail/Local Folders </p><p>Then everything is pointing to same place. </p>",Toad-Hall,False,1,0
1676516,1462634,2024-09-24T12:41:31.850029Z,2024-09-24T12:41:31.850035Z,"<p>Sorry, so can you please just confirm my settings are wrong currently? </p><p>Here's what it says for mail account local directory: /home/xxxxxx/.thunderbird/i2fydvlh.default-release/ImapMail/imap.mailbox.org </p><p>And here's what it says for Local Folders: /home/xxxxxx/.thunderbird/i2fydvlh.default-release/Mail/Local Folders </p><p>I replaced my username with xxxxx, other than that it's exactly as shown in Account Settings. I am assuming these are both wrong? thanks again </p>",mozilla516,False,0,0
1676528,1462634,2024-09-24T14:16:28.970088Z,2024-09-24T14:16:28.970094Z,"<em><p>mozilla516 <a href=""#answer-1676516"" rel=""nofollow"">said</a></p></em> <blockquote>Sorry, so can you please just confirm my settings are wrong currently?  Here's what it says for mail account local directory: /home/xxxxxx/.thunderbird/i2fydvlh.default-release/ImapMail/imap.mailbox.org  And here's what it says for Local Folders: /home/xxxxxx/.thunderbird/i2fydvlh.default-release/Mail/Local Folders  I replaced my username with xxxxx, other than that it's exactly as shown in Account Settings. I am assuming these are both wrong? thanks again </blockquote> <p>You mentioned : <em>I just checked and, indeed, there is no '.thunderbird' folder inside /home/username/ at all!</em> <em>I then checked my Files and yes, the profile is here in reality: /home/(username)/.var/app/org.mozilla.Thunderbird/.thunderbird</em> </p><p>At the moment you have confirmed that : <em>/home/xxxxxx/.thunderbird/i2fydvlh.default-release/ImapMail/imap.mailbox.org</em>.....Does not exist. So it seems as if there is something redirecting to the real location in order to let you see emails. </p><p>AS you confirmed everything is in....~/.var/app/org.mozilla.Thunderbird/....it should not be a problem to point to the real location: eg: ~/.var/app/org.mozilla.Thunderbird/.thunderbird/i2fydvlh.default-release/ImapMail/<strong><a href=""http://imap.mailbox.org"" rel=""nofollow"">imap.mailbox.org</a></strong> </p><p><br> What do you see if you do this: In Thunderbird Help &gt; Troubleshooting Information In 'Application Basics[ section near the bottom - click on 'about:profiles' </p><p>It should open in a new ab Do you see something like the following? What do you see? </p> <ul><li> Profile: default-release </li><li> Default Profile	yes </li><li> Root Directory	/home/username/.thunderbird/i2fydvlh.default-release </li><li> Local Directory	/home/username/.var/app/org.mozilla.Thunderbird/cache/thunderbird/i2fydvlh.default-release </li></ul>",Toad-Hall,False,0,0
1686068,1462634,2024-11-05T13:24:35.222609Z,2024-11-05T13:24:35.222618Z,"<p>Thanks and sorry for delay responding. Been so busy and really struggling with TB and its effect on my productivity after leaving Mac Mail. I am caught up a bit now and re-read above. Didn't spot your last post.  </p><p>Re your last question, I clicked where you said and here's a screenshot of what I see, is it right or wrong? <a href=""https://ibb.co/QvrNRGL"" rel=""nofollow"">https://ibb.co/QvrNRGL</a> </p><p>thanks </p>",mozilla516,False,0,0
1689062,1462634,2024-11-20T10:54:14.540007Z,2024-11-20T10:54:14.540013Z,<p>Bump ;) Grateful if you could confirm if what I am seeing in the location you directed me to is correct or not.  Thanks </p>,mozilla516,False,0,0
1689217,1462634,2024-11-21T04:40:57.133987Z,2024-11-21T04:40:57.133992Z,"<p>Seems to me this has gotten much too complicated for what should be a simple issue. </p><p>1. Recheck <a href=""https://support.mozilla.org/en-US/kb/global-search"" rel=""nofollow"">https://support.mozilla.org/en-US/kb/global-search</a> and make sure you understand its limitations.  (It has been improved since the reference was posted. </p><p>2. If Edit &gt; Find messages style search finds the message content you are looking for and global search does not, then global search is broken.  If deleting global-messages-db.sqlite doesn't resolve the issue then there is a bug in global search.  In which case I strongly doubt making a new profile will solve anything. </p>",wsmwk,False,0,1
1689676,1462634,2024-11-23T15:34:45.073936Z,2024-11-23T15:34:45.073940Z,"<p>OK. I read that cover to cover. I will test again. I do think one of the problems may have been caused by me first installing the Flatpak from Fedora Repo, then changing to Flathub repo.  I am now wondering if the simplest thing to do (if I can suss how to do it) is to just: </p><p>1. SAFELY back up all TB data. 2. Uninstall TB 3. Install RPM version of TB 4. Import my data </p><p>If nothing else this will at least put my profile where TB expects it to be. (if I go to troubleshooting information, in Application Basics section it says ""Profile Directory: (Local drive)"" with an 'Open Directory' button that DOES NOT WORK, if I click on it nothing happens.) </p><p>I suspect running RPM version may make things easier and perhaps function better.  Do you have any comments on that idea? And if it sounds wise to do, how can I safely back up my TB data before uninstalling the Flatpak? thanks </p>",mozilla516,False,0,1
1691331,1462634,2024-12-01T20:29:29.164335Z,2024-12-01T20:29:29.164339Z,"<p>It's broken.  </p><p>""If Edit &gt; Find messages style search finds the message content you are looking for"" </p><p>What does 'Find messages style search' mean? </p><p>I have a local folder which is included in global searches, the folder name is a domain name (lets call it <a href=""http://domainxyz.com"" rel=""nofollow"">domainxyz.com</a>). I just searched for domainxyz in global search, zero results. Yet if i go to that folder, there are 7 emails in there which have that string in the email contents.  </p><p>I am at my wits end now, I can not work like this, global search should be finding stuff anywhere, but it's not.  </p><p>If anyone has ANY useful ideas to try and find out why, please shout. Otherwise I will VERY reluctantly have to leave TB behind and try Evolution Mail (which I detest, but search works). </p>",mozilla516,False,0,0
1692183,1462634,2024-12-05T11:59:37.571279Z,2024-12-05T12:00:01.528409Z,"<p>Linux Fedora Flathub Flatpack  stored profiles in this location: /home/username/.var/app/org.mozilla.Thunderbird/.thunderbird  </p><p>You previously said : <em>I just checked and, indeed, there is no '.thunderbird' folder inside /home/username/ at all!</em> <em>I then checked my Files and yes, the profile is here in reality: /home/(username)/.var/app/org.mozilla.Thunderbird/.thunderbird</em> </p><p><br> In Account Settings Select name of account in left pane look bottom right for 'Local directory:...' You say it is pointing to : Here's what it says for mail account local directory: </p> <ul><li> /home/xxxxxx/.thunderbird/i2fydvlh.default-release/ImapMail/imap.mailbox.org </li></ul> <p>Point it to the place where the emails are stored:  </p> <ul><li> /home/username/.varapp/org.mozilla.Thunderbird/.thunderbird/i2fydvlh.default-release/ImapMail/imap.mailbox.org </li></ul> <p>In Account Settings: Select 'Local Folders' look right for 'Local directory:...' You said it was pointing to... And here's what it says for Local Folders: </p> <ul><li> /home/xxxxxx/.thunderbird/i2fydvlh.default-release/Mail/Local Folders </li></ul> <p>Point it to use:  </p> <ul><li> /home/username/.varapp/org.mozilla.Thunderbird/.thunderbird/i2fydvlh.default-release/Mail/Local Folders </li></ul> <p>REstart Thunderbird </p><p>Check you can see everything. </p>",Toad-Hall,False,0,0
1692323,1462634,2024-12-05T21:54:57.668348Z,2024-12-05T21:54:57.668356Z,"<p>Thanks. I managed to follow that and did both, TB restarted each time to save changes.  </p><p>Not sure what you mean by ""make sure you can see everything"", the issue is with searches so it will take me a while to compare and see if that's working, but yes I can see what I normally see in TB, inbox looks same, local folders are there and emails inside them look like they did before. thanks again.  </p><p>What I don't understand is how it was all working some/most of the time before! (when those folder settings were wrong!) Not a big deal, just confuses me how it worked but at least it's correct now.  </p><p>One question, in the folder: /home/username/.varapp/org.mozilla.Thunderbird/.thunderbird/ There is another folder with the word 'default' in the name in that folder, it's called 52b66cstm.default I took a screenshot which you can view here: <a href=""https://ibb.co/Rb8CCXn"" rel=""nofollow"">https://ibb.co/Rb8CCXn</a> </p><p>Is that ok, or should it not be there? Thanks again </p>",mozilla516,False,0,0
1692711,1462634,2024-12-07T20:39:41.215801Z,2024-12-07T20:39:41.215807Z,"<p>Well, I have deleted global sqlite file several times to force a reindex. 3 times in total.  I am now unable to get results for global searches for stuff in my IMAP folders as well as local folders! I search (correctly, having read all guidance) and the emails are there in imap and local folders, no results. In fact the ONLY folder the global search finds ANY results in, is the Inbox!  </p><p>I am at my wits end. I tried installing evolution and that's finding stuff fine whether in local or Imap folders. Unfortunately I am used to TB now and prefer it, so would like to stay with it, but simply can't if I can't search for emails, it's a big part of my daily work. So... a question: </p><p>Since I have installed TB via Flatpak, and switched from Flathub to a flatpak from the Fedora repo some time ago, JUST in case that's anything to do with these problems, I am thinking of doing something and I would be grateful if you could comment on whether this sounds feasible (and worthwhile)... </p><p>If I pay to upgrade the storage on my mailbox server (IMAP), I could then move all my local folders up to the IMAP server. Then I could uninstall TB completely, and install again from RPM (which I think may work better, and may as well try it).  </p><p>Am I right in thinking I could then drag and drop the folders from IMAP to Local Folders (or recreate the folders locally and drag and drop the  emails), and that would put me back where I am now but with RPM installation of TB? </p><p>thanks </p>",mozilla516,False,0,0
1693919,1462642,2024-12-12T11:59:46.200305Z,2024-12-12T11:59:46.200309Z,"<p>Afaik, this solution only allows category colors to be displayed on the calendar events if a category is assigned. The way my Nextcloud calendar is setup, the event colors are not tied to categories, thus, Mozilla fails to sync their colors at all. I find it ridiculous that, in the year 2024, Mozilla Thunderbird Calendar doesn't support event colors independent of categories. </p>",SuperPigDots,False,2,0
1694017,1462642,2024-12-12T17:49:51.784512Z,2024-12-12T17:51:02.369559Z,"<em><p>SuperPigDots <a href=""#answer-1693919"" rel=""nofollow"">said</a></p></em> <blockquote>Afaik, this solution only allows category colors to be displayed on the calendar events if a category is assigned. The way my Nextcloud calendar is setup, the event colors are not tied to categories, thus, Mozilla fails to sync their colors at all. I find it ridiculous that, in the year 2024, Mozilla Thunderbird Calendar doesn't support event colors independent of categories. </blockquote> <p>The information and solution for this question was how to force the assigned 'categories' colour to be more than a small thin bar - how to colour the background for the event displayed in the calendar. </p><p>But you are not talking about setting a colour for an Event, so it's not going to be a solution for you. </p><p>You can choose to assign categories to both Thunderbird default calendar and any other you connect. You can choose a colour for a category. You can create a category via Settings &gt; Calendar; scroll down to 'Categories'; click on 'New' or select a category and click on 'Edit'.  This means those categories are available to all events. You can a create new 'category on the fly' which is unique for a specific event. </p><p>I found some online info on the Nextcloud calendar you mention. I noticed there is a similar approach to gmail. Basically, Nextcloud is not just one calendar, it encourages the use of separate calendars as if they were  'categories' eg:  Personal, Appointments, Birthdays etc. <a href=""https://docs.nextcloud.com/server/latest/user_manual/en/groupware/calendar.html#managing-your-calendars"" rel=""nofollow"">https://docs.nextcloud.com/server/latest/user_manual/en/groupware/calendar.html#managing-your-calendars</a> Those different calendars can be assigned a colour.  But it looks like Events gets assigned a colour based on whatever 'Calendar' is used.  </p><p>Thunderbird offers assigning 'calendars' a separate colour. I suggest you use this method as it is will imitate the methodused by NextCloud. </p> <ul><li> Right click on calendar and select 'Properties' </li><li> Choose colour which matches closest to the specific Nextcloud calendar and click on OK. </li></ul> <p>I cannot see from the information at that link anything that suggests an Event can have a colour that is not based on the calendar to which it is assigned. Thunderbird is actually offering more options. It allows the Calendar to have a colour which is assigned to all events in that calendar IF no category is assigned. </p>",Toad-Hall,False,1,0
1694305,1462633,2024-12-13T17:23:40.016662Z,2024-12-13T17:23:40.016668Z,"<p>Sorry to bring up an older topic. We are transitioning from Outlook to Thunderbird here at our office, and so far thumbs up except for this sticking point with threaded messages showing the oldest first. Everyone coming from Outlook is used to it having the most recent message in a thread at the top and the oldest at the bottom. The trick of opening in conversation works, but all our team here is looking to have it just sorted in the way they want in the inbox right away. Is this something that is possible to add in the future? </p>",rwarnken,False,0,0
1694486,1462634,2024-12-14T12:52:29.694955Z,2024-12-14T12:53:56.445688Z,"<p>'i2fydvlh.default-release'  is the current 'profile name' folder. '52b66cstm.default' is also a 'profile name' folder. This is likely to be the original profile, probably the first profile used before 'i2fydvlh.default-release'.   Image shows it was last used on 23rd November which is recently. If that really is for 23 Nov 2024, then did you create a new profile in an attempt to fix issue ?  If yes, did you copy the 'Local Folders' folder from '52b66cstm.default' into 'i2fydvlh.default-release' replacing the empty default 'Local Folders' folder? </p> <hr> <p>Please check to see if the cache is effecting the issue. In Thunderbird </p> <ul><li> Settings &gt; General </li><li> Scroll down to 'Network &amp; Disk Space' section </li><li> 'Disk Space' - click on 'Clear Now' button. </li></ul>",Toad-Hall,False,1,0
1694494,1462634,2024-12-14T13:30:22.029565Z,2024-12-14T13:30:22.029571Z,"<p>I have never knowingly created or deleted or moved any profiles or profile data such as local folders. All I have done is installed TB then set up the ONE account/profile to my IMAP server. So answers are no and no to your questions there, sorry! </p><p>Cache was using 167MB. I have cleared it thanks.  </p><p>I have to admit, ANNOYING AS HELL as this is, for past two days all global searches have found the results in local folders! Driving me nuts! I may just run with it for now and see if it stops working again.  </p><p>Either way, important question I'd appreciate your thoughts on...  </p><p>If I pay to upgrade my IMAP storage and move my local folders (drag and drop inside TB) to IMAP folders area, do you think that would solve my issue?  </p><p>thanks again </p>",mozilla516,False,0,0
1694498,1462633,2024-12-14T13:44:12.711743Z,2024-12-14T13:44:12.711749Z,"<p>Over the years, there have been several people who have asked for the threaded conversation to be in reverse order - meaning newest on top. This is usually asked for by people who use Sort by &gt; Descending because they have newest mail at the top of the Message List.  However, a conversation has always had newest comments appended to the conversation. </p><p>So a Sort by &gt; Descending and Date means sorting on the List by Date with newest on top, but if you enable 'Threading', the 'Sort by' &gt; 'Descending' is applied to the oldest thread in conversation not the newest and all appended conversations are listed in date order from oldest at top to newest at bottom. This may seem odd to some people. This has been the prefered method in Thunderbird because a 'Reply' to a particular section of that conversation may create a split in the conversation. This may not be noticed in a simple back and forth reply conversation between 2 people, but may be seen if a group is responding to various sections of that thread.  </p><p>This is a hyperthetical example, but you can end up with something like this: </p><p>&gt; Oldest original email mentions two problems. &gt;&gt; 1st reply Discussing first problem &gt;&gt;&gt; 4th Reply &gt;&gt;&gt;&gt; 6th Reply &gt;&gt;2nd Reply Discussing 2nd problem &gt;&gt;&gt; 3rd Reply &gt;&gt;&gt;&gt; 5th Reply &gt;&gt; 7th Reply discussing both problems </p><p>Using current format this is a simple design structure.  Now, if you put that into reverse where newest is at the top you start to have a problem and that issue is partly why it has not been implemented. It's not that simple in certain circumstances. </p><p>There is  bug report which you can follow: <a href=""https://bugzilla.mozilla.org/show_bug.cgi?id=479969"" rel=""nofollow"">https://bugzilla.mozilla.org/show_bug.cgi?id=479969</a> </p>",Toad-Hall,False,2,0
1694499,1462634,2024-12-14T13:50:43.909509Z,2024-12-14T13:50:43.909514Z,"<p><em>re :for past two days all global searches have found the results in local folders! Driving me nuts! I may just run with it for now and see if it stops working again. </em> </p><p>Based on that comment, can I assume that after following advise to alter Account Settings - pointing the imap account and the Local Folders account to use the 'Local directory' in the correct location - the global search is currently performing ok ? </p>",Toad-Hall,False,0,0
1694502,1462634,2024-12-14T14:01:02.231200Z,2024-12-14T14:01:02.231206Z,"<p>Do you know what, I may have JUST this second sussed it. I'll get to that in a sec... </p><p><em>Based on that comment, can I assume that after following advise to alter Account Settings - pointing the imap account and the Local Folders account to use the 'Local directory' in the correct location - the global search is currently performing ok ?""' </em> </p><p>well, yes, it's currently performing well. But I am not certain it's because of those things. It COULD have been, but it has been working OCCASIONALLY for the several months I've been using TB. But then it stops working. But as I alluded to above, here's my possible lightbulb moment today... </p><p>Being a good boy, I read user manuals and online help pages. The first thing I did when I first noticed search wasn't working (probably soon after installing, and it was possibly STILL INDEXING at that time), was go to the help pages where I read the common repair for search issues is to delete that sqlite database file to force a reindex. So let's say I did that, I almost certainly would have done.  </p><p>Next - I have just learned I have some issue with indexing. I deleted that global file again recently and I think it was you (possibly read online) that you can view the ACTIVITY. I did that, and saw that it was indexing. I left it alone for an hour or two, came back, it was STILL indexing, and it was still at the exact same position (think it said something like 'indexing 124 in Sent Items' or something like that.  </p><p>Several hours later, it was still on that same point. So maybe a bad bit of data somewhere? Anyway, several DAYS ago it was stuck, but yesterday I noticed global search was working again. I didn't think (until just now) to check that activity monitor, and hey presto, it isn't indexing any more.  </p><p>(I don't know if it worked its way through the bad data, or maybe failed and skipped over, if it can do that) </p><p>So my thinking is... MAYBE I have deleted that file and noticed the search issues whlie it was indexing and stuck on that bad message for days. This is all assuming there is a bad email/data somewhere, and i am no techie so wouldn't know how to check that. But the  PATTERN of all of this seems to fit my overall experience, which as you know from my frustrations (and yours!) above, has been something like... </p><p>Search works.  Search doesn't work.  Days/Weeks later search works again </p><p>But the missing piece of the puzzle MAY have been my occasional deletion of the global sqlite file to try to 'repair' stuff!  </p><p><br> Does this sound feasible? </p>",mozilla516,False,0,0
1694503,1462634,2024-12-14T14:05:29.348407Z,2024-12-14T14:05:29.348413Z,"<p>Sorry, can i just ask again as it's still useful to me to know. Would these search issues not have happened if these  emails were all in IMAP folders instead of Local?  I ask because I am considering (for first time in my life) getting with the kool kids and uploading all my local email to IMAP server, so I can search all emails from my phone. So grateful if you can confirm my plan would work... </p><p>1. Upgrade storage on Imap 2. Open TB - Drag and drop local folders to IMAP folders (or replicate folder structure in IMAP folders and drag/drop emails into them 3. Would TB find it 'easier' to search them on IMAP folders? even if it makes no difference I may do it for convenience reasons. But I'd be grateful if you could confirm moving emails up to server like that will work? Thanks </p>",mozilla516,False,0,0
1694558,1462634,2024-12-14T17:09:11.686561Z,2024-12-14T17:09:11.686568Z,"<p>Should not have made any difference whether in imap folder or 'Local Folders'. But you were getting results as if you only had headers but no body.  So it's also possible the search indexing was a problem because the 'Local directory' was not correct. Now, the 'Local directory' has been corrected and the global datatbase has finally been able to perform a complete reindexing, you should see improvements. </p>",Toad-Hall,False,0,0
1694560,1462634,2024-12-14T17:22:53.950285Z,2024-12-14T17:22:53.950290Z,"<p>If you upload to server then you will be able to use the phone as well as via Thunderbird. Please note, servers do have limits on the number of cached connections. That means the server will add together all connections no matter whether via phone or laptop etc. So, if you run into a number of cached connections issue.  Switch off your phone and Exit Thunderbird. Have a cup of tea whilst server realises you have closed connections. Restart Thunderbird and all should be ok. </p><p>Remember, any email you move or delete off server whilst using the phone, then it will also disappear or move in imap folders in Thunderbird. </p><p>To upload to server: In 'Local Folders' right click on a batch of highlighted emails and select 'Copy to' &gt; 'choose relevant imap folder on imap account' repeat. </p><p>Please note, there may be limits on how much can be uploaded via imap in a given period.  As an example - gmail say this: <a href=""https://support.google.com/a/answer/1071518"" rel=""nofollow"">https://support.google.com/a/answer/1071518</a> </p>",Toad-Hall,False,1,0
1694754,1462634,2024-12-15T13:56:11.777194Z,2024-12-15T13:56:11.777210Z,"<p>Thanks very much.  curious - Why use ""copy to"" instead of drag and drop/move? I wil then have dupes, maybe that's why you suggested it (in case it goes wrong)? thanks again, search is definitely working vbetter today! </p>",mozilla516,False,0,0
1694803,1462634,2024-12-15T17:28:36.278517Z,2024-12-15T17:34:51.867239Z,"<p>If you use 'Move' and something goes wrong with the upload, you could lose the email in transit. I advise 'Copy' because if something goes wrong then you've lost nothing. </p><p>Please note, if you have everything on server and something goes wrong eg: accidental delete - I've noticed on occasions if Anti-Virus products decide to 'fix' files it can result in a loss of emails in an imap folder. As imap folders synchronise with server, it lead to a loss on server.  Having a Copy of at least all your important emails in a 'Local Folders' folder which is totally independent of any server can act like a second copy; a backup, although getting a backup of your entire .thunderbird folder is the best backup option. </p><p>Some people frequently keep copies of important emails in 'Local Folders'. Other people, store copies of emails in 'Local Folders' before they delete the original off the server - this is usually done to increase their available quota on server, thus avoiding paying for extra space. </p><p>If you do not want to see all the folders and emails in the 'Local Folders' account, you can collapse the account so you only see the name 'Local Folders' - click on the chevron located to the left of 'Local Folders' name. <strong>OR </strong>you can hide it.... Top of Folder Pane where it has the '+New Message' button - locate 3 dot menu icon on the right - click on it and select the 'Hide Local Folders' option. </p>",Toad-Hall,False,1,1
1694824,1462634,2024-12-15T19:54:00.929543Z,2024-12-15T19:54:00.929549Z,"<p>Thanks. Since FOREVER I have only kept Inbox and Sent on IMAP servers, I drag all emails to local folders to store. I was on a Mac though for decades so had 2 TimeMachine backups and a monthly Clone backup in safe. So I had no need for server access to anything but the most current stuff. That's actually still true now, but since these problems with searches on TB I have been talking myself into using the IMAP server more. Not sure I will bother, I do take backups (which should get all my TB data) using DejaDup (backup program on Fedora which I now use instead of Apple).  </p><p>I do have one last idea that I'd appreciate any of your thoughts on....  </p><p>My email data came from Mac Mail. I had to convert it using a script someone on github wrote for me, an amazing guy actually, long story. It all worked, but during the conversion he thought I may have one or two stray bad emails (bad data/corrupted in some way).  So I was wondering... </p><p>Would it 'clean' up any such bad data, the process of putting them into IMAP folders and pulling back out later? Does that process convert them to my mailbox provider's 'code' or 'syntax' (<a href=""http://mailbox.org"" rel=""nofollow"">mailbox.org</a>) in some way, so it comes back out cleaned/converted, or easier for TB to deal with? </p>",mozilla516,False,0,0
1694825,1462634,2024-12-15T20:03:40.503992Z,2024-12-15T20:03:40.503999Z,"<p>DAMN IT!!! SECOND TIME!!!! </p><p>While I have some serious brains to ask, I hope you don't mind me asking one final question, as it's a NIGHTMARE!!! </p><p>I like to keep the folder list clean, I doin't like seeing bold folder names due to some unread items inside. So I often right click 'Mark folder as read' to satisfy my OCD :) </p><p>But I just did that in a rush and caught the option underneath 'EMPTY DELETED'! </p><p>It's all gone. I usually move my IMAP Deleted Items to a Local Folder, then clear it after 6-12 months. Is there any way to get the emails back? Assuming not, is there any way to remove that option from the right click menu, or add a warning/confirmation before it actually clears the entire folder if I click in the wrong place? </p><p>Thanks </p>",mozilla516,False,0,0
1695327,1462634,2024-12-17T17:29:15.265439Z,2024-12-17T17:29:15.265445Z,<p><em>re:  is there any way to add a warning/confirmation before it actually clears the entire folder if I click in the wrong place?</em> </p> <ul><li> In 'Settings' &gt; 'General' </li><li> Scroll to bottom and click on 'Config Editor' button </li><li> It opens in a new tab </li><li> In search type: Empty </li><li> Look for this line : mailnews.emptyTrash.dontAskAgain </li></ul> <ul><li> If it says 'True' then click on the toggle option on the right to set to 'false' </li></ul> <p>If it already says 'False' then let me know because it may be important - it means you should already be seeing the warning.  In which case do this to se if it fixes the issue:  </p> <ul><li> Toggle so it says 'True' </li><li> Then in an already emptied Trash folder - do a deliberate right click on 'Trash'  and click on 'Empty Deleted'. </li><li> Go back to the tab which has the Advanced Preferences and reset the 'mailnews.emptyTrash.dontAskAgain' option back to 'False' and then retest the 'Empty Deleted' option again and this time you should get a pop up warning. </li></ul>,Toad-Hall,False,1,0
1695328,1462634,2024-12-17T17:32:36.875303Z,2024-12-17T17:32:36.875311Z,"<p>Fantastic, it was true, changed to false  and getting the warning now. I will remember not to tick that (again?)  Thanks, very grateful for all your support. </p>",mozilla516,False,0,0
1696195,1462633,2024-12-20T14:38:39.767560Z,2024-12-20T14:38:39.767567Z,"<p>I greatly appreciate the explanation. Personally I don't use threads, but most of the team here does, and with everyone preprogrammed from Outlook to have newest on top, it is extremely hard to break that habit. This is the only thing holding everyone back, as the rest of the interface, look and feel of Thunderbird is preferred to Outlook. </p>",rwarnken,False,0,0
